[2026-03-23T11:32:31.839Z] {"timestamp":1774265549151,"level":"DEBUG","args":["[Manus] Debug collector initialized (no rrweb, UI events only)"],"stack":null}
[2026-03-23T11:32:31.839Z] {"timestamp":1774265549163,"level":"DEBUG","args":["[vite] connected."],"stack":null}
[2026-03-23T11:32:33.167Z] {"timestamp":1774265552235,"level":"INFO","args":["%cDownload the React DevTools for a better development experience: https://react.dev/link/react-devtools","font-weight:bold"],"stack":null}
[2026-03-23T11:32:33.167Z] {"timestamp":1774265552411,"level":"ERROR","args":["%o\n\n%s\n\n%s\n",{"type":"Error","message":"Failed to construct 'URL': Invalid URL","stack":"TypeError: Invalid URL\n    at getLoginUrl (http://localhost:3002/src/const.ts:7:15)\n    at useAuth (http://localhost:3002/src/_core/hooks/useAuth.ts:6:61)\n    at RoleRouter (http://localhost:3002/src/App.tsx:31:29)\n    at Object.react_stack_bottom_frame (http://localhost:3002/@fs/C:/Users/User/Documents/university-registration-system/node_modules/.vite/deps/react-dom_client.js?v=9b15e4e6:18509:20)\n    at renderWithHooks (http://localhost:3002/@fs/C:/Users/User/Documents/university-registration-system/node_modules/.vite/deps/react-dom_client.js?v=9b15e4e6:5654:24)\n    at updateFunctionComponent (http://localhost:3002/@fs/C:/Users/User/Documents/university-registration-system/node_modules/.vite/deps/react-dom_client.js?v=9b15e4e6:7475:21)\n    at beginWork (http://localhost:3002/@fs/C:/Users/User/Documents/university-registration-system/node_modules/.vite/deps/react-dom_client.js?v=9b15e4e6:8525:20)\n    at runWithFiberInDEV (http://localhost:3002/@fs/C:/Users/User/Documents/university-registration-system/node_modules/.vite/deps/react-dom_client.js?v=9b15e4e6:997:72)\n    at performUnitOfWork (http://localhost:3002/@fs/C:/Users/User/Documents/university-registration-system/node_modules/.vite/deps/react-dom_client.js?v=9b15e4e6:12561:98)\n    at workLoopSync (http://localhost:3002/@fs/C:/Users/User/Documents/university-registration-system/node_modules/.vite/deps/react-dom_client.js?v=9b15e4e6:12424:43)"},"The above error occurred in the <RoleRouter> component.","React will try to recreate this component tree from scratch using the error boundary you provided, ErrorBoundary."],"stack":"Error\n    at console.<computed> [as error] (http://localhost:3002/__manus__/debug-collector.js:391:37)\n    at defaultOnCaughtError (http://localhost:3002/@fs/C:/Users/User/Documents/university-registration-system/node_modules/.vite/deps/react-dom_client.js?v=9b15e4e6:7001:19)\n    at logCaughtError (http://localhost:3002/@fs/C:/Users/User/Documents/university-registration-system/node_modules/.vite/deps/react-dom_client.js?v=9b15e4e6:7033:11)\n    at runWithFiberInDEV (http://localhost:3002/@fs/C:/Users/User/Documents/university-registration-system/node_modules/.vite/deps/react-dom_client.js?v=9b15e4e6:997:72)\n    at update.callback (http://localhost:3002/@fs/C:/Users/User/Documents/university-registration-system/node_modules/.vite/deps/react-dom_client.js?v=9b15e4e6:7066:13)\n    at callCallback (http://localhost:3002/@fs/C:/Users/User/Documents/university-registration-system/node_modules/.vite/deps/react-dom_client.js?v=9b15e4e6:5491:18)\n    at commitCallbacks (http://localhost:3002/@fs/C:/Users/User/Documents/university-registration-system/node_modules/.vite/deps/react-dom_client.js?v=9b15e4e6:5503:13)\n    at runWithFiberInDEV (http://localhost:3002/@fs/C:/Users/User/Documents/university-registration-system/node_modules/.vite/deps/react-dom_client.js?v=9b15e4e6:997:72)\n    at commitClassCallbacks (http://localhost:3002/@fs/C:/Users/User/Documents/university-registration-system/node_modules/.vite/deps/react-dom_client.js?v=9b15e4e6:9490:13)\n    at commitLayoutEffectOnFiber (http://localhost:3002/@fs/C:/Users/User/Documents/university-registration-system/node_modules/.vite/deps/react-dom_client.js?v=9b15e4e6:9958:27)"}
[2026-03-23T11:32:39.756Z] {"timestamp":1774265557736,"level":"DEBUG","args":["[Manus] Debug collector initialized (no rrweb, UI events only)"],"stack":null}
[2026-03-23T11:32:39.757Z] {"timestamp":1774265557770,"level":"DEBUG","args":["[vite] connected."],"stack":null}
[2026-03-23T11:32:39.757Z] {"timestamp":1774265557900,"level":"INFO","args":["%cDownload the React DevTools for a better development experience: https://react.dev/link/react-devtools","font-weight:bold"],"stack":null}
[2026-03-23T11:32:39.757Z] {"timestamp":1774265558116,"level":"ERROR","args":["%o\n\n%s\n\n%s\n",{"type":"Error","message":"Failed to construct 'URL': Invalid URL","stack":"TypeError: Invalid URL\n    at getLoginUrl (http://localhost:3002/src/const.ts:7:15)\n    at useAuth (http://localhost:3002/src/_core/hooks/useAuth.ts:6:61)\n    at RoleRouter (http://localhost:3002/src/App.tsx:31:29)\n    at Object.react_stack_bottom_frame (http://localhost:3002/@fs/C:/Users/User/Documents/university-registration-system/node_modules/.vite/deps/react-dom_client.js?v=9b15e4e6:18509:20)\n    at renderWithHooks (http://localhost:3002/@fs/C:/Users/User/Documents/university-registration-system/node_modules/.vite/deps/react-dom_client.js?v=9b15e4e6:5654:24)\n    at updateFunctionComponent (http://localhost:3002/@fs/C:/Users/User/Documents/university-registration-system/node_modules/.vite/deps/react-dom_client.js?v=9b15e4e6:7475:21)\n    at beginWork (http://localhost:3002/@fs/C:/Users/User/Documents/university-registration-system/node_modules/.vite/deps/react-dom_client.js?v=9b15e4e6:8525:20)\n    at runWithFiberInDEV (http://localhost:3002/@fs/C:/Users/User/Documents/university-registration-system/node_modules/.vite/deps/react-dom_client.js?v=9b15e4e6:997:72)\n    at performUnitOfWork (http://localhost:3002/@fs/C:/Users/User/Documents/university-registration-system/node_modules/.vite/deps/react-dom_client.js?v=9b15e4e6:12561:98)\n    at workLoopSync (http://localhost:3002/@fs/C:/Users/User/Documents/university-registration-system/node_modules/.vite/deps/react-dom_client.js?v=9b15e4e6:12424:43)"},"The above error occurred in the <RoleRouter> component.","React will try to recreate this component tree from scratch using the error boundary you provided, ErrorBoundary."],"stack":"Error\n    at console.<computed> [as error] (http://localhost:3002/__manus__/debug-collector.js:391:37)\n    at defaultOnCaughtError (http://localhost:3002/@fs/C:/Users/User/Documents/university-registration-system/node_modules/.vite/deps/react-dom_client.js?v=9b15e4e6:7001:19)\n    at logCaughtError (http://localhost:3002/@fs/C:/Users/User/Documents/university-registration-system/node_modules/.vite/deps/react-dom_client.js?v=9b15e4e6:7033:11)\n    at runWithFiberInDEV (http://localhost:3002/@fs/C:/Users/User/Documents/university-registration-system/node_modules/.vite/deps/react-dom_client.js?v=9b15e4e6:997:72)\n    at update.callback (http://localhost:3002/@fs/C:/Users/User/Documents/university-registration-system/node_modules/.vite/deps/react-dom_client.js?v=9b15e4e6:7066:13)\n    at callCallback (http://localhost:3002/@fs/C:/Users/User/Documents/university-registration-system/node_modules/.vite/deps/react-dom_client.js?v=9b15e4e6:5491:18)\n    at commitCallbacks (http://localhost:3002/@fs/C:/Users/User/Documents/university-registration-system/node_modules/.vite/deps/react-dom_client.js?v=9b15e4e6:5503:13)\n    at runWithFiberInDEV (http://localhost:3002/@fs/C:/Users/User/Documents/university-registration-system/node_modules/.vite/deps/react-dom_client.js?v=9b15e4e6:997:72)\n    at commitClassCallbacks (http://localhost:3002/@fs/C:/Users/User/Documents/university-registration-system/node_modules/.vite/deps/react-dom_client.js?v=9b15e4e6:9490:13)\n    at commitLayoutEffectOnFiber (http://localhost:3002/@fs/C:/Users/User/Documents/university-registration-system/node_modules/.vite/deps/react-dom_client.js?v=9b15e4e6:9958:27)"}
[2026-03-23T11:37:17.126Z] {"timestamp":1774265709367,"level":"LOG","args":["[vite] server connection lost. Polling for restart..."],"stack":null}
[2026-03-23T11:37:39.806Z] {"timestamp":1774265857264,"level":"DEBUG","args":["[Manus] Debug collector initialized (no rrweb, UI events only)"],"stack":null}
[2026-03-23T11:37:39.806Z] {"timestamp":1774265857273,"level":"DEBUG","args":["[vite] connected."],"stack":null}
[2026-03-23T11:37:41.269Z] {"timestamp":1774265860308,"level":"INFO","args":["%cDownload the React DevTools for a better development experience: https://react.dev/link/react-devtools","font-weight:bold"],"stack":null}
[2026-03-23T11:37:41.269Z] {"timestamp":1774265860450,"level":"ERROR","args":["%o\n\n%s\n\n%s\n",{"type":"Error","message":"Failed to construct 'URL': Invalid URL","stack":"TypeError: Invalid URL\n    at getLoginUrl (http://localhost:3002/src/const.ts:7:15)\n    at useAuth (http://localhost:3002/src/_core/hooks/useAuth.ts:6:61)\n    at RoleRouter (http://localhost:3002/src/App.tsx:31:29)\n    at Object.react_stack_bottom_frame (http://localhost:3002/@fs/C:/Users/User/Documents/university-registration-system/node_modules/.vite/deps/react-dom_client.js?v=9b15e4e6:18509:20)\n    at renderWithHooks (http://localhost:3002/@fs/C:/Users/User/Documents/university-registration-system/node_modules/.vite/deps/react-dom_client.js?v=9b15e4e6:5654:24)\n    at updateFunctionComponent (http://localhost:3002/@fs/C:/Users/User/Documents/university-registration-system/node_modules/.vite/deps/react-dom_client.js?v=9b15e4e6:7475:21)\n    at beginWork (http://localhost:3002/@fs/C:/Users/User/Documents/university-registration-system/node_modules/.vite/deps/react-dom_client.js?v=9b15e4e6:8525:20)\n    at runWithFiberInDEV (http://localhost:3002/@fs/C:/Users/User/Documents/university-registration-system/node_modules/.vite/deps/react-dom_client.js?v=9b15e4e6:997:72)\n    at performUnitOfWork (http://localhost:3002/@fs/C:/Users/User/Documents/university-registration-system/node_modules/.vite/deps/react-dom_client.js?v=9b15e4e6:12561:98)\n    at workLoopSync (http://localhost:3002/@fs/C:/Users/User/Documents/university-registration-system/node_modules/.vite/deps/react-dom_client.js?v=9b15e4e6:12424:43)"},"The above error occurred in the <RoleRouter> component.","React will try to recreate this component tree from scratch using the error boundary you provided, ErrorBoundary."],"stack":"Error\n    at console.<computed> [as error] (http://localhost:3002/__manus__/debug-collector.js:391:37)\n    at defaultOnCaughtError (http://localhost:3002/@fs/C:/Users/User/Documents/university-registration-system/node_modules/.vite/deps/react-dom_client.js?v=9b15e4e6:7001:19)\n    at logCaughtError (http://localhost:3002/@fs/C:/Users/User/Documents/university-registration-system/node_modules/.vite/deps/react-dom_client.js?v=9b15e4e6:7033:11)\n    at runWithFiberInDEV (http://localhost:3002/@fs/C:/Users/User/Documents/university-registration-system/node_modules/.vite/deps/react-dom_client.js?v=9b15e4e6:997:72)\n    at update.callback (http://localhost:3002/@fs/C:/Users/User/Documents/university-registration-system/node_modules/.vite/deps/react-dom_client.js?v=9b15e4e6:7066:13)\n    at callCallback (http://localhost:3002/@fs/C:/Users/User/Documents/university-registration-system/node_modules/.vite/deps/react-dom_client.js?v=9b15e4e6:5491:18)\n    at commitCallbacks (http://localhost:3002/@fs/C:/Users/User/Documents/university-registration-system/node_modules/.vite/deps/react-dom_client.js?v=9b15e4e6:5503:13)\n    at runWithFiberInDEV (http://localhost:3002/@fs/C:/Users/User/Documents/university-registration-system/node_modules/.vite/deps/react-dom_client.js?v=9b15e4e6:997:72)\n    at commitClassCallbacks (http://localhost:3002/@fs/C:/Users/User/Documents/university-registration-system/node_modules/.vite/deps/react-dom_client.js?v=9b15e4e6:9490:13)\n    at commitLayoutEffectOnFiber (http://localhost:3002/@fs/C:/Users/User/Documents/university-registration-system/node_modules/.vite/deps/react-dom_client.js?v=9b15e4e6:9958:27)"}
[2026-03-23T11:40:49.189Z] {"timestamp":1774266046309,"level":"DEBUG","args":["[Manus] Debug collector initialized (no rrweb, UI events only)"],"stack":null}
[2026-03-23T11:40:49.189Z] {"timestamp":1774266046475,"level":"DEBUG","args":["[vite] connected."],"stack":null}
[2026-03-23T11:40:49.189Z] {"timestamp":1774266046661,"level":"INFO","args":["%cDownload the React DevTools for a better development experience: https://react.dev/link/react-devtools","font-weight:bold"],"stack":null}
[2026-03-23T11:40:49.189Z] {"timestamp":1774266046798,"level":"ERROR","args":["%o\n\n%s\n\n%s\n",{"type":"Error","message":"VITE_OAUTH_PORTAL_URL is required in .env (e.g., VITE_OAUTH_PORTAL_URL=http://localhost:3000)","stack":"Error: VITE_OAUTH_PORTAL_URL is required in .env (e.g., VITE_OAUTH_PORTAL_URL=http://localhost:3000)\n    at getLoginUrl (http://localhost:3002/src/const.ts?t=1774266045471:8:11)\n    at useAuth (http://localhost:3002/src/_core/hooks/useAuth.ts?t=1774266045471:6:61)\n    at RoleRouter (http://localhost:3002/src/App.tsx?t=1774266045471:31:29)\n    at Object.react_stack_bottom_frame (http://localhost:3002/@fs/C:/Users/User/Documents/university-registration-system/node_modules/.vite/deps/react-dom_client.js?v=9b15e4e6:18509:20)\n    at renderWithHooks (http://localhost:3002/@fs/C:/Users/User/Documents/university-registration-system/node_modules/.vite/deps/react-dom_client.js?v=9b15e4e6:5654:24)\n    at updateFunctionComponent (http://localhost:3002/@fs/C:/Users/User/Documents/university-registration-system/node_modules/.vite/deps/react-dom_client.js?v=9b15e4e6:7475:21)\n    at beginWork (http://localhost:3002/@fs/C:/Users/User/Documents/university-registration-system/node_modules/.vite/deps/react-dom_client.js?v=9b15e4e6:8525:20)\n    at runWithFiberInDEV (http://localhost:3002/@fs/C:/Users/User/Documents/university-registration-system/node_modules/.vite/deps/react-dom_client.js?v=9b15e4e6:997:72)\n    at performUnitOfWork (http://localhost:3002/@fs/C:/Users/User/Documents/university-registration-system/node_modules/.vite/deps/react-dom_client.js?v=9b15e4e6:12561:98)\n    at workLoopSync (http://localhost:3002/@fs/C:/Users/User/Documents/university-registration-system/node_modules/.vite/deps/react-dom_client.js?v=9b15e4e6:12424:43)"},"The above error occurred in the <RoleRouter> component.","React will try to recreate this component tree from scratch using the error boundary you provided, ErrorBoundary."],"stack":"Error\n    at console.<computed> [as error] (http://localhost:3002/__manus__/debug-collector.js:391:37)\n    at defaultOnCaughtError (http://localhost:3002/@fs/C:/Users/User/Documents/university-registration-system/node_modules/.vite/deps/react-dom_client.js?v=9b15e4e6:7001:19)\n    at logCaughtError (http://localhost:3002/@fs/C:/Users/User/Documents/university-registration-system/node_modules/.vite/deps/react-dom_client.js?v=9b15e4e6:7033:11)\n    at runWithFiberInDEV (http://localhost:3002/@fs/C:/Users/User/Documents/university-registration-system/node_modules/.vite/deps/react-dom_client.js?v=9b15e4e6:997:72)\n    at update.callback (http://localhost:3002/@fs/C:/Users/User/Documents/university-registration-system/node_modules/.vite/deps/react-dom_client.js?v=9b15e4e6:7066:13)\n    at callCallback (http://localhost:3002/@fs/C:/Users/User/Documents/university-registration-system/node_modules/.vite/deps/react-dom_client.js?v=9b15e4e6:5491:18)\n    at commitCallbacks (http://localhost:3002/@fs/C:/Users/User/Documents/university-registration-system/node_modules/.vite/deps/react-dom_client.js?v=9b15e4e6:5503:13)\n    at runWithFiberInDEV (http://localhost:3002/@fs/C:/Users/User/Documents/university-registration-system/node_modules/.vite/deps/react-dom_client.js?v=9b15e4e6:997:72)\n    at commitClassCallbacks (http://localhost:3002/@fs/C:/Users/User/Documents/university-registration-system/node_modules/.vite/deps/react-dom_client.js?v=9b15e4e6:9490:13)\n    at commitLayoutEffectOnFiber (http://localhost:3002/@fs/C:/Users/User/Documents/university-registration-system/node_modules/.vite/deps/react-dom_client.js?v=9b15e4e6:9958:27)"}
[2026-03-23T11:40:57.569Z] {"timestamp":1774266055078,"level":"DEBUG","args":["[Manus] Debug collector initialized (no rrweb, UI events only)"],"stack":null}
[2026-03-23T11:40:57.569Z] {"timestamp":1774266055153,"level":"DEBUG","args":["[vite] connected."],"stack":null}
[2026-03-23T11:41:00.092Z] {"timestamp":1774266058917,"level":"INFO","args":["%cDownload the React DevTools for a better development experience: https://react.dev/link/react-devtools","font-weight:bold"],"stack":null}
[2026-03-23T11:41:21.078Z] {"timestamp":1774266078710,"level":"DEBUG","args":["[Manus] Debug collector initialized (no rrweb, UI events only)"],"stack":null}
[2026-03-23T11:41:21.078Z] {"timestamp":1774266078934,"level":"DEBUG","args":["[vite] connected."],"stack":null}
[2026-03-23T11:41:21.078Z] {"timestamp":1774266080651,"level":"INFO","args":["%cDownload the React DevTools for a better development experience: https://react.dev/link/react-devtools","font-weight:bold"],"stack":null}
[2026-03-23T11:43:05.400Z] {"timestamp":1774266182746,"level":"DEBUG","args":["[Manus] Debug collector initialized (no rrweb, UI events only)"],"stack":null}
[2026-03-23T11:43:05.400Z] {"timestamp":1774266182758,"level":"DEBUG","args":["[vite] connected."],"stack":null}
[2026-03-23T11:43:06.761Z] {"timestamp":1774266185667,"level":"INFO","args":["%cDownload the React DevTools for a better development experience: https://react.dev/link/react-devtools","font-weight:bold"],"stack":null}
[2026-03-23T11:52:16.989Z] {"timestamp":1774266640258,"level":"LOG","args":["[vite] server connection lost. Polling for restart..."],"stack":null}
[2026-03-23T11:52:21.213Z] {"timestamp":1774266738764,"level":"DEBUG","args":["[Manus] Debug collector initialized (no rrweb, UI events only)"],"stack":null}
[2026-03-23T11:52:21.213Z] {"timestamp":1774266738769,"level":"DEBUG","args":["[vite] connected."],"stack":null}
[2026-03-23T11:52:22.776Z] {"timestamp":1774266741518,"level":"INFO","args":["%cDownload the React DevTools for a better development experience: https://react.dev/link/react-devtools","font-weight:bold"],"stack":null}
[2026-03-23T11:52:28.285Z] {"timestamp":1774266746274,"level":"DEBUG","args":["[Manus] Debug collector initialized (no rrweb, UI events only)"],"stack":null}
[2026-03-23T11:52:28.285Z] {"timestamp":1774266746301,"level":"DEBUG","args":["[vite] connected."],"stack":null}
[2026-03-23T11:52:28.285Z] {"timestamp":1774266746403,"level":"INFO","args":["%cDownload the React DevTools for a better development experience: https://react.dev/link/react-devtools","font-weight:bold"],"stack":null}
[2026-03-23T11:52:37.805Z] {"timestamp":1774266755793,"level":"DEBUG","args":["[Manus] Debug collector initialized (no rrweb, UI events only)"],"stack":null}
[2026-03-23T11:52:37.805Z] {"timestamp":1774266755877,"level":"DEBUG","args":["[vite] connected."],"stack":null}
[2026-03-23T11:52:37.805Z] {"timestamp":1774266756199,"level":"INFO","args":["%cDownload the React DevTools for a better development experience: https://react.dev/link/react-devtools","font-weight:bold"],"stack":null}
[2026-03-23T11:52:44.103Z] {"timestamp":1774266762095,"level":"DEBUG","args":["[Manus] Debug collector initialized (no rrweb, UI events only)"],"stack":null}
[2026-03-23T11:52:44.103Z] {"timestamp":1774266762167,"level":"DEBUG","args":["[vite] connected."],"stack":null}
[2026-03-23T11:52:44.103Z] {"timestamp":1774266762457,"level":"INFO","args":["%cDownload the React DevTools for a better development experience: https://react.dev/link/react-devtools","font-weight:bold"],"stack":null}
[2026-03-23T11:57:14.086Z] {"timestamp":1774267031306,"level":"DEBUG","args":["[Manus] Debug collector initialized (no rrweb, UI events only)"],"stack":null}
[2026-03-23T11:57:14.086Z] {"timestamp":1774267031593,"level":"DEBUG","args":["[vite] connected."],"stack":null}
[2026-03-23T11:57:14.086Z] {"timestamp":1774267032378,"level":"INFO","args":["%cDownload the React DevTools for a better development experience: https://react.dev/link/react-devtools","font-weight:bold"],"stack":null}
[2026-03-23T11:58:09.438Z] {"timestamp":1774267086656,"level":"DEBUG","args":["[Manus] Debug collector initialized (no rrweb, UI events only)"],"stack":null}
[2026-03-23T11:58:09.438Z] {"timestamp":1774267086783,"level":"DEBUG","args":["[vite] connected."],"stack":null}
[2026-03-23T11:58:10.663Z] {"timestamp":1774267089822,"level":"INFO","args":["%cDownload the React DevTools for a better development experience: https://react.dev/link/react-devtools","font-weight:bold"],"stack":null}
[2026-03-23T11:58:10.663Z] {"timestamp":1774267089972,"level":"ERROR","args":[{"type":"UncaughtError","message":"Uncaught SyntaxError: Unexpected token '<'","filename":"http://localhost:3001/umami","lineno":1,"colno":1,"stack":"SyntaxError: Unexpected token '<'"}],"stack":"SyntaxError: Unexpected token '<'"}
[2026-03-23T11:58:17.726Z] {"timestamp":1774267095711,"level":"DEBUG","args":["[Manus] Debug collector initialized (no rrweb, UI events only)"],"stack":null}
[2026-03-23T11:58:17.726Z] {"timestamp":1774267095809,"level":"DEBUG","args":["[vite] connected."],"stack":null}
[2026-03-23T11:58:17.726Z] {"timestamp":1774267096158,"level":"INFO","args":["%cDownload the React DevTools for a better development experience: https://react.dev/link/react-devtools","font-weight:bold"],"stack":null}
[2026-03-23T11:58:17.726Z] {"timestamp":1774267096338,"level":"ERROR","args":[{"type":"UncaughtError","message":"Uncaught SyntaxError: Unexpected token '<'","filename":"http://localhost:3001/umami","lineno":1,"colno":1,"stack":"SyntaxError: Unexpected token '<'"}],"stack":"SyntaxError: Unexpected token '<'"}
[2026-03-23T11:58:20.951Z] {"timestamp":1774267098948,"level":"DEBUG","args":["[Manus] Debug collector initialized (no rrweb, UI events only)"],"stack":null}
[2026-03-23T11:58:20.951Z] {"timestamp":1774267098997,"level":"DEBUG","args":["[vite] connected."],"stack":null}
[2026-03-23T11:58:20.951Z] {"timestamp":1774267099141,"level":"INFO","args":["%cDownload the React DevTools for a better development experience: https://react.dev/link/react-devtools","font-weight:bold"],"stack":null}
[2026-03-23T11:58:20.951Z] {"timestamp":1774267099211,"level":"ERROR","args":[{"type":"UncaughtError","message":"Uncaught SyntaxError: Unexpected token '<'","filename":"http://localhost:3001/umami","lineno":1,"colno":1,"stack":"SyntaxError: Unexpected token '<'"}],"stack":"SyntaxError: Unexpected token '<'"}
[2026-03-23T11:59:53.124Z] {"timestamp":1774267191111,"level":"DEBUG","args":["[Manus] Debug collector initialized (no rrweb, UI events only)"],"stack":null}
[2026-03-23T11:59:53.124Z] {"timestamp":1774267191211,"level":"DEBUG","args":["[vite] connected."],"stack":null}
[2026-03-23T11:59:53.124Z] {"timestamp":1774267191531,"level":"INFO","args":["%cDownload the React DevTools for a better development experience: https://react.dev/link/react-devtools","font-weight:bold"],"stack":null}
[2026-03-23T11:59:53.124Z] {"timestamp":1774267191645,"level":"ERROR","args":[{"type":"UncaughtError","message":"Uncaught SyntaxError: Unexpected token '<'","filename":"http://localhost:3001/umami","lineno":1,"colno":1,"stack":"SyntaxError: Unexpected token '<'"}],"stack":"SyntaxError: Unexpected token '<'"}
[2026-03-23T12:04:56.175Z] {"timestamp":1774267493824,"level":"DEBUG","args":["[Manus] Debug collector initialized (no rrweb, UI events only)"],"stack":null}
[2026-03-23T12:04:56.175Z] {"timestamp":1774267493869,"level":"DEBUG","args":["[vite] connected."],"stack":null}
[2026-03-23T12:04:56.175Z] {"timestamp":1774267494378,"level":"INFO","args":["%cDownload the React DevTools for a better development experience: https://react.dev/link/react-devtools","font-weight:bold"],"stack":null}
[2026-03-23T12:12:20.523Z] {"timestamp":1774267938504,"level":"DEBUG","args":["[Manus] Debug collector initialized (no rrweb, UI events only)"],"stack":null}
[2026-03-23T12:12:20.523Z] {"timestamp":1774267938573,"level":"DEBUG","args":["[vite] connected."],"stack":null}
[2026-03-23T12:12:20.523Z] {"timestamp":1774267938988,"level":"INFO","args":["%cDownload the React DevTools for a better development experience: https://react.dev/link/react-devtools","font-weight:bold"],"stack":null}
[2026-03-23T12:12:30.038Z] {"timestamp":1774267948030,"level":"DEBUG","args":["[Manus] Debug collector initialized (no rrweb, UI events only)"],"stack":null}
[2026-03-23T12:12:30.038Z] {"timestamp":1774267948131,"level":"DEBUG","args":["[vite] connected."],"stack":null}
[2026-03-23T12:12:30.038Z] {"timestamp":1774267948459,"level":"INFO","args":["%cDownload the React DevTools for a better development experience: https://react.dev/link/react-devtools","font-weight:bold"],"stack":null}
[2026-03-24T11:55:45.475Z] {"timestamp":1774353339206,"level":"DEBUG","args":["[Manus] Debug collector initialized (no rrweb, UI events only)"],"stack":null}
[2026-03-24T11:55:45.475Z] {"timestamp":1774353339280,"level":"DEBUG","args":["[vite] connected."],"stack":null}
[2026-03-24T11:55:47.211Z] {"timestamp":1774353345975,"level":"INFO","args":["%cDownload the React DevTools for a better development experience: https://react.dev/link/react-devtools","font-weight:bold"],"stack":null}
[2026-03-24T11:55:47.211Z] {"timestamp":1774353346500,"level":"ERROR","args":[{"type":"UncaughtError","message":"Uncaught SyntaxError: Unexpected token '<'","filename":"http://localhost:3000/umami","lineno":1,"colno":1,"stack":"SyntaxError: Unexpected token '<'"}],"stack":"SyntaxError: Unexpected token '<'"}
[2026-03-24T11:55:59.250Z] {"timestamp":1774353357241,"level":"DEBUG","args":["[Manus] Debug collector initialized (no rrweb, UI events only)"],"stack":null}
[2026-03-24T11:55:59.250Z] {"timestamp":1774353357367,"level":"DEBUG","args":["[vite] connected."],"stack":null}
[2026-03-24T11:55:59.250Z] {"timestamp":1774353357519,"level":"INFO","args":["%cDownload the React DevTools for a better development experience: https://react.dev/link/react-devtools","font-weight:bold"],"stack":null}
[2026-03-24T11:55:59.250Z] {"timestamp":1774353357613,"level":"ERROR","args":[{"type":"UncaughtError","message":"Uncaught SyntaxError: Unexpected token '<'","filename":"http://localhost:3000/umami","lineno":1,"colno":1,"stack":"SyntaxError: Unexpected token '<'"}],"stack":"SyntaxError: Unexpected token '<'"}
[2026-03-24T11:56:05.066Z] {"timestamp":1774353363056,"level":"DEBUG","args":["[Manus] Debug collector initialized (no rrweb, UI events only)"],"stack":null}
[2026-03-24T11:56:05.066Z] {"timestamp":1774353363140,"level":"DEBUG","args":["[vite] connected."],"stack":null}
[2026-03-24T11:56:05.066Z] {"timestamp":1774353363543,"level":"INFO","args":["%cDownload the React DevTools for a better development experience: https://react.dev/link/react-devtools","font-weight:bold"],"stack":null}
[2026-03-24T11:56:05.066Z] {"timestamp":1774353363635,"level":"ERROR","args":[{"type":"UncaughtError","message":"Uncaught SyntaxError: Unexpected token '<'","filename":"http://localhost:3000/umami","lineno":1,"colno":1,"stack":"SyntaxError: Unexpected token '<'"}],"stack":"SyntaxError: Unexpected token '<'"}
[2026-03-24T11:56:19.359Z] {"timestamp":1774353377341,"level":"DEBUG","args":["[Manus] Debug collector initialized (no rrweb, UI events only)"],"stack":null}
[2026-03-24T11:56:19.359Z] {"timestamp":1774353377393,"level":"DEBUG","args":["[vite] connected."],"stack":null}
[2026-03-24T11:56:19.359Z] {"timestamp":1774353377524,"level":"INFO","args":["%cDownload the React DevTools for a better development experience: https://react.dev/link/react-devtools","font-weight:bold"],"stack":null}
[2026-03-24T11:56:19.359Z] {"timestamp":1774353377587,"level":"ERROR","args":[{"type":"UncaughtError","message":"Uncaught SyntaxError: Unexpected token '<'","filename":"http://localhost:3000/umami","lineno":1,"colno":1,"stack":"SyntaxError: Unexpected token '<'"}],"stack":"SyntaxError: Unexpected token '<'"}
[2026-03-24T11:57:07.254Z] {"timestamp":1774353425246,"level":"DEBUG","args":["[Manus] Debug collector initialized (no rrweb, UI events only)"],"stack":null}
[2026-03-24T11:57:07.254Z] {"timestamp":1774353425306,"level":"DEBUG","args":["[vite] connected."],"stack":null}
[2026-03-24T11:57:07.254Z] {"timestamp":1774353425450,"level":"INFO","args":["%cDownload the React DevTools for a better development experience: https://react.dev/link/react-devtools","font-weight:bold"],"stack":null}
[2026-03-24T11:57:07.254Z] {"timestamp":1774353425521,"level":"ERROR","args":[{"type":"UncaughtError","message":"Uncaught SyntaxError: Unexpected token '<'","filename":"http://localhost:3000/umami","lineno":1,"colno":1,"stack":"SyntaxError: Unexpected token '<'"}],"stack":"SyntaxError: Unexpected token '<'"}
[2026-03-24T12:03:33.205Z] {"timestamp":1774353811179,"level":"DEBUG","args":["[Manus] Debug collector initialized (no rrweb, UI events only)"],"stack":null}
[2026-03-24T12:03:33.206Z] {"timestamp":1774353811274,"level":"DEBUG","args":["[vite] connected."],"stack":null}
[2026-03-24T12:03:33.206Z] {"timestamp":1774353811460,"level":"INFO","args":["%cDownload the React DevTools for a better development experience: https://react.dev/link/react-devtools","font-weight:bold"],"stack":null}
[2026-03-24T12:03:33.206Z] {"timestamp":1774353811569,"level":"ERROR","args":[{"type":"UncaughtError","message":"Uncaught SyntaxError: Unexpected token '<'","filename":"http://localhost:3000/umami","lineno":1,"colno":1,"stack":"SyntaxError: Unexpected token '<'"}],"stack":"SyntaxError: Unexpected token '<'"}
[2026-03-24T12:03:45.071Z] {"timestamp":1774353823058,"level":"DEBUG","args":["[Manus] Debug collector initialized (no rrweb, UI events only)"],"stack":null}
[2026-03-24T12:03:45.071Z] {"timestamp":1774353823121,"level":"DEBUG","args":["[vite] connected."],"stack":null}
[2026-03-24T12:03:45.071Z] {"timestamp":1774353823264,"level":"INFO","args":["%cDownload the React DevTools for a better development experience: https://react.dev/link/react-devtools","font-weight:bold"],"stack":null}
[2026-03-24T12:03:45.071Z] {"timestamp":1774353823320,"level":"ERROR","args":[{"type":"UncaughtError","message":"Uncaught SyntaxError: Unexpected token '<'","filename":"http://localhost:3000/umami","lineno":1,"colno":1,"stack":"SyntaxError: Unexpected token '<'"}],"stack":"SyntaxError: Unexpected token '<'"}
[2026-03-24T12:54:48.131Z] {"timestamp":1774356888008,"level":"LOG","args":["[vite] server connection lost. Polling for restart..."],"stack":null}
[2026-03-24T12:54:51.410Z] {"timestamp":1774356888871,"level":"DEBUG","args":["[Manus] Debug collector initialized (no rrweb, UI events only)"],"stack":null}
[2026-03-24T12:54:51.410Z] {"timestamp":1774356888925,"level":"DEBUG","args":["[vite] connected."],"stack":null}
[2026-03-24T12:54:51.410Z] {"timestamp":1774356889298,"level":"INFO","args":["%cDownload the React DevTools for a better development experience: https://react.dev/link/react-devtools","font-weight:bold"],"stack":null}
[2026-03-24T12:54:51.410Z] {"timestamp":1774356889439,"level":"ERROR","args":[{"type":"UncaughtError","message":"Uncaught SyntaxError: Unexpected token '<'","filename":"http://localhost:3000/umami","lineno":1,"colno":1,"stack":"SyntaxError: Unexpected token '<'"}],"stack":"SyntaxError: Unexpected token '<'"}
[2026-03-25T09:32:33.875Z] {"timestamp":1774431151186,"level":"DEBUG","args":["[Manus] Debug collector initialized (no rrweb, UI events only)"],"stack":null}
[2026-03-25T09:32:33.875Z] {"timestamp":1774431151199,"level":"DEBUG","args":["[vite] connected."],"stack":null}
[2026-03-25T09:32:35.249Z] {"timestamp":1774431154229,"level":"INFO","args":["%cDownload the React DevTools for a better development experience: https://react.dev/link/react-devtools","font-weight:bold"],"stack":null}
[2026-03-25T09:32:35.249Z] {"timestamp":1774431154531,"level":"ERROR","args":[{"type":"UncaughtError","message":"Uncaught SyntaxError: Unexpected token '<'","filename":"http://localhost:3000/umami","lineno":1,"colno":1,"stack":"SyntaxError: Unexpected token '<'"}],"stack":"SyntaxError: Unexpected token '<'"}
[2026-03-25T09:33:04.680Z] {"timestamp":1774431174046,"level":"LOG","args":["[vite] server connection lost. Polling for restart..."],"stack":null}
[2026-03-25T09:33:10.204Z] {"timestamp":1774431186721,"level":"DEBUG","args":["[Manus] Debug collector initialized (no rrweb, UI events only)"],"stack":null}
[2026-03-25T09:33:10.204Z] {"timestamp":1774431186746,"level":"DEBUG","args":["[vite] connected."],"stack":null}
[2026-03-25T09:33:12.736Z] {"timestamp":1774431190760,"level":"INFO","args":["%cDownload the React DevTools for a better development experience: https://react.dev/link/react-devtools","font-weight:bold"],"stack":null}
[2026-03-25T09:33:12.736Z] {"timestamp":1774431190934,"level":"ERROR","args":[{"type":"UncaughtError","message":"Uncaught SyntaxError: Unexpected token '<'","filename":"http://localhost:3000/umami","lineno":1,"colno":1,"stack":"SyntaxError: Unexpected token '<'"}],"stack":"SyntaxError: Unexpected token '<'"}
[2026-03-25T09:34:07.825Z] {"timestamp":1774431245811,"level":"DEBUG","args":["[Manus] Debug collector initialized (no rrweb, UI events only)"],"stack":null}
[2026-03-25T09:34:07.825Z] {"timestamp":1774431245834,"level":"DEBUG","args":["[vite] connected."],"stack":null}
[2026-03-25T09:34:07.825Z] {"timestamp":1774431246132,"level":"INFO","args":["%cDownload the React DevTools for a better development experience: https://react.dev/link/react-devtools","font-weight:bold"],"stack":null}
[2026-03-25T09:34:07.825Z] {"timestamp":1774431246339,"level":"ERROR","args":[{"type":"UncaughtError","message":"Uncaught SyntaxError: Unexpected token '<'","filename":"http://localhost:3000/umami","lineno":1,"colno":1,"stack":"SyntaxError: Unexpected token '<'"}],"stack":"SyntaxError: Unexpected token '<'"}
[2026-03-25T09:34:23.362Z] {"timestamp":1774431261352,"level":"DEBUG","args":["[Manus] Debug collector initialized (no rrweb, UI events only)"],"stack":null}
[2026-03-25T09:34:23.362Z] {"timestamp":1774431261387,"level":"DEBUG","args":["[vite] connected."],"stack":null}
[2026-03-25T09:34:23.362Z] {"timestamp":1774431261520,"level":"INFO","args":["%cDownload the React DevTools for a better development experience: https://react.dev/link/react-devtools","font-weight:bold"],"stack":null}
[2026-03-25T09:34:23.362Z] {"timestamp":1774431261576,"level":"ERROR","args":[{"type":"UncaughtError","message":"Uncaught SyntaxError: Unexpected token '<'","filename":"http://localhost:3000/umami","lineno":1,"colno":1,"stack":"SyntaxError: Unexpected token '<'"}],"stack":"SyntaxError: Unexpected token '<'"}
[2026-03-25T09:34:27.981Z] {"timestamp":1774431265968,"level":"DEBUG","args":["[Manus] Debug collector initialized (no rrweb, UI events only)"],"stack":null}
[2026-03-25T09:34:27.981Z] {"timestamp":1774431266036,"level":"DEBUG","args":["[vite] connected."],"stack":null}
[2026-03-25T09:34:27.981Z] {"timestamp":1774431266063,"level":"INFO","args":["%cDownload the React DevTools for a better development experience: https://react.dev/link/react-devtools","font-weight:bold"],"stack":null}
[2026-03-25T09:34:27.981Z] {"timestamp":1774431266112,"level":"ERROR","args":[{"type":"UncaughtError","message":"Uncaught SyntaxError: Unexpected token '<'","filename":"http://localhost:3000/umami","lineno":1,"colno":1,"stack":"SyntaxError: Unexpected token '<'"}],"stack":"SyntaxError: Unexpected token '<'"}
[2026-03-25T09:34:36.694Z] {"timestamp":1774431274683,"level":"DEBUG","args":["[Manus] Debug collector initialized (no rrweb, UI events only)"],"stack":null}
[2026-03-25T09:34:36.694Z] {"timestamp":1774431274721,"level":"DEBUG","args":["[vite] connected."],"stack":null}
[2026-03-25T09:34:36.694Z] {"timestamp":1774431274812,"level":"INFO","args":["%cDownload the React DevTools for a better development experience: https://react.dev/link/react-devtools","font-weight:bold"],"stack":null}
[2026-03-25T09:34:36.694Z] {"timestamp":1774431274867,"level":"ERROR","args":[{"type":"UncaughtError","message":"Uncaught SyntaxError: Unexpected token '<'","filename":"http://localhost:3000/umami","lineno":1,"colno":1,"stack":"SyntaxError: Unexpected token '<'"}],"stack":"SyntaxError: Unexpected token '<'"}
[2026-03-25T09:34:44.734Z] {"timestamp":1774431282715,"level":"DEBUG","args":["[Manus] Debug collector initialized (no rrweb, UI events only)"],"stack":null}
[2026-03-25T09:34:44.734Z] {"timestamp":1774431282775,"level":"DEBUG","args":["[vite] connected."],"stack":null}
[2026-03-25T09:34:44.734Z] {"timestamp":1774431282843,"level":"INFO","args":["%cDownload the React DevTools for a better development experience: https://react.dev/link/react-devtools","font-weight:bold"],"stack":null}
[2026-03-25T09:34:44.734Z] {"timestamp":1774431282896,"level":"ERROR","args":[{"type":"UncaughtError","message":"Uncaught SyntaxError: Unexpected token '<'","filename":"http://localhost:3000/umami","lineno":1,"colno":1,"stack":"SyntaxError: Unexpected token '<'"}],"stack":"SyntaxError: Unexpected token '<'"}
[2026-03-25T09:35:03.798Z] {"timestamp":1774431301790,"level":"DEBUG","args":["[Manus] Debug collector initialized (no rrweb, UI events only)"],"stack":null}
[2026-03-25T09:35:03.798Z] {"timestamp":1774431301838,"level":"DEBUG","args":["[vite] connected."],"stack":null}
[2026-03-25T09:35:03.798Z] {"timestamp":1774431301927,"level":"INFO","args":["%cDownload the React DevTools for a better development experience: https://react.dev/link/react-devtools","font-weight:bold"],"stack":null}
[2026-03-25T09:35:03.798Z] {"timestamp":1774431301997,"level":"ERROR","args":[{"type":"UncaughtError","message":"Uncaught SyntaxError: Unexpected token '<'","filename":"http://localhost:3000/umami","lineno":1,"colno":1,"stack":"SyntaxError: Unexpected token '<'"}],"stack":"SyntaxError: Unexpected token '<'"}
[2026-03-25T09:35:10.380Z] {"timestamp":1774431308372,"level":"DEBUG","args":["[Manus] Debug collector initialized (no rrweb, UI events only)"],"stack":null}
[2026-03-25T09:35:10.380Z] {"timestamp":1774431308412,"level":"DEBUG","args":["[vite] connected."],"stack":null}
[2026-03-25T09:35:10.380Z] {"timestamp":1774431308533,"level":"INFO","args":["%cDownload the React DevTools for a better development experience: https://react.dev/link/react-devtools","font-weight:bold"],"stack":null}
[2026-03-25T09:35:10.380Z] {"timestamp":1774431308584,"level":"ERROR","args":[{"type":"UncaughtError","message":"Uncaught SyntaxError: Unexpected token '<'","filename":"http://localhost:3000/umami","lineno":1,"colno":1,"stack":"SyntaxError: Unexpected token '<'"}],"stack":"SyntaxError: Unexpected token '<'"}
[2026-03-25T09:35:21.419Z] {"timestamp":1774431319413,"level":"DEBUG","args":["[Manus] Debug collector initialized (no rrweb, UI events only)"],"stack":null}
[2026-03-25T09:35:21.419Z] {"timestamp":1774431319473,"level":"DEBUG","args":["[vite] connected."],"stack":null}
[2026-03-25T09:35:21.419Z] {"timestamp":1774431319529,"level":"INFO","args":["%cDownload the React DevTools for a better development experience: https://react.dev/link/react-devtools","font-weight:bold"],"stack":null}
[2026-03-25T09:35:21.419Z] {"timestamp":1774431319576,"level":"ERROR","args":[{"type":"UncaughtError","message":"Uncaught SyntaxError: Unexpected token '<'","filename":"http://localhost:3000/umami","lineno":1,"colno":1,"stack":"SyntaxError: Unexpected token '<'"}],"stack":"SyntaxError: Unexpected token '<'"}
[2026-03-25T09:35:41.895Z] {"timestamp":1774431339885,"level":"DEBUG","args":["[Manus] Debug collector initialized (no rrweb, UI events only)"],"stack":null}
[2026-03-25T09:35:41.895Z] {"timestamp":1774431339926,"level":"DEBUG","args":["[vite] connected."],"stack":null}
[2026-03-25T09:35:41.895Z] {"timestamp":1774431340058,"level":"INFO","args":["%cDownload the React DevTools for a better development experience: https://react.dev/link/react-devtools","font-weight:bold"],"stack":null}
[2026-03-25T09:35:41.895Z] {"timestamp":1774431340116,"level":"ERROR","args":[{"type":"UncaughtError","message":"Uncaught SyntaxError: Unexpected token '<'","filename":"http://localhost:3000/umami","lineno":1,"colno":1,"stack":"SyntaxError: Unexpected token '<'"}],"stack":"SyntaxError: Unexpected token '<'"}
[2026-03-25T09:35:46.595Z] {"timestamp":1774431344590,"level":"DEBUG","args":["[Manus] Debug collector initialized (no rrweb, UI events only)"],"stack":null}
[2026-03-25T09:35:46.595Z] {"timestamp":1774431344652,"level":"DEBUG","args":["[vite] connected."],"stack":null}
[2026-03-25T09:35:46.595Z] {"timestamp":1774431344752,"level":"INFO","args":["%cDownload the React DevTools for a better development experience: https://react.dev/link/react-devtools","font-weight:bold"],"stack":null}
[2026-03-25T09:35:46.595Z] {"timestamp":1774431344808,"level":"ERROR","args":[{"type":"UncaughtError","message":"Uncaught SyntaxError: Unexpected token '<'","filename":"http://localhost:3000/umami","lineno":1,"colno":1,"stack":"SyntaxError: Unexpected token '<'"}],"stack":"SyntaxError: Unexpected token '<'"}
[2026-03-25T09:39:11.278Z] {"timestamp":1774431510015,"level":"LOG","args":["[vite] server connection lost. Polling for restart..."],"stack":null}
[2026-03-25T09:39:16.040Z] {"timestamp":1774431551469,"level":"DEBUG","args":["[Manus] Debug collector initialized (no rrweb, UI events only)"],"stack":null}
[2026-03-25T09:39:16.040Z] {"timestamp":1774431551525,"level":"DEBUG","args":["[vite] connected."],"stack":null}
[2026-03-25T09:39:17.508Z] {"timestamp":1774431556600,"level":"INFO","args":["%cDownload the React DevTools for a better development experience: https://react.dev/link/react-devtools","font-weight:bold"],"stack":null}
[2026-03-25T09:39:17.508Z] {"timestamp":1774431556864,"level":"ERROR","args":[{"type":"UncaughtError","message":"Uncaught SyntaxError: Unexpected token '<'","filename":"http://localhost:3000/umami","lineno":1,"colno":1,"stack":"SyntaxError: Unexpected token '<'"}],"stack":"SyntaxError: Unexpected token '<'"}
[2026-03-25T09:39:25.944Z] {"timestamp":1774431563929,"level":"DEBUG","args":["[Manus] Debug collector initialized (no rrweb, UI events only)"],"stack":null}
[2026-03-25T09:39:25.944Z] {"timestamp":1774431564017,"level":"DEBUG","args":["[vite] connected."],"stack":null}
[2026-03-25T09:39:25.944Z] {"timestamp":1774431564042,"level":"INFO","args":["%cDownload the React DevTools for a better development experience: https://react.dev/link/react-devtools","font-weight:bold"],"stack":null}
[2026-03-25T09:39:25.944Z] {"timestamp":1774431564091,"level":"ERROR","args":[{"type":"UncaughtError","message":"Uncaught SyntaxError: Unexpected token '<'","filename":"http://localhost:3000/umami","lineno":1,"colno":1,"stack":"SyntaxError: Unexpected token '<'"}],"stack":"SyntaxError: Unexpected token '<'"}
[2026-03-25T09:41:11.015Z] {"timestamp":1774431652148,"level":"LOG","args":["[vite] server connection lost. Polling for restart..."],"stack":null}
[2026-03-25T09:41:22.602Z] {"timestamp":1774431679473,"level":"DEBUG","args":["[Manus] Debug collector initialized (no rrweb, UI events only)"],"stack":null}
[2026-03-25T09:41:22.602Z] {"timestamp":1774431679523,"level":"DEBUG","args":["[vite] connected."],"stack":null}
[2026-03-25T09:41:23.623Z] {"timestamp":1774431683312,"level":"INFO","args":["%cDownload the React DevTools for a better development experience: https://react.dev/link/react-devtools","font-weight:bold"],"stack":null}
[2026-03-25T09:41:23.623Z] {"timestamp":1774431683492,"level":"ERROR","args":[{"type":"UncaughtError","message":"Uncaught SyntaxError: Unexpected token '<'","filename":"http://localhost:3000/umami","lineno":1,"colno":1,"stack":"SyntaxError: Unexpected token '<'"}],"stack":"SyntaxError: Unexpected token '<'"}
[2026-03-25T09:41:25.088Z] {"timestamp":1774431683081,"level":"DEBUG","args":["[Manus] Debug collector initialized (no rrweb, UI events only)"],"stack":null}
[2026-03-25T09:41:25.088Z] {"timestamp":1774431683128,"level":"DEBUG","args":["[vite] connected."],"stack":null}
[2026-03-25T09:41:25.088Z] {"timestamp":1774431683413,"level":"INFO","args":["%cDownload the React DevTools for a better development experience: https://react.dev/link/react-devtools","font-weight:bold"],"stack":null}
[2026-03-25T09:41:25.088Z] {"timestamp":1774431683602,"level":"ERROR","args":[{"type":"UncaughtError","message":"Uncaught SyntaxError: Unexpected token '<'","filename":"http://localhost:3000/umami","lineno":1,"colno":1,"stack":"SyntaxError: Unexpected token '<'"}],"stack":"SyntaxError: Unexpected token '<'"}
[2026-03-25T09:41:31.858Z] {"timestamp":1774431689852,"level":"DEBUG","args":["[Manus] Debug collector initialized (no rrweb, UI events only)"],"stack":null}
[2026-03-25T09:41:31.859Z] {"timestamp":1774431689895,"level":"DEBUG","args":["[vite] connected."],"stack":null}
[2026-03-25T09:41:31.859Z] {"timestamp":1774431690034,"level":"INFO","args":["%cDownload the React DevTools for a better development experience: https://react.dev/link/react-devtools","font-weight:bold"],"stack":null}
[2026-03-25T09:41:31.859Z] {"timestamp":1774431690102,"level":"ERROR","args":[{"type":"UncaughtError","message":"Uncaught SyntaxError: Unexpected token '<'","filename":"http://localhost:3000/umami","lineno":1,"colno":1,"stack":"SyntaxError: Unexpected token '<'"}],"stack":"SyntaxError: Unexpected token '<'"}
[2026-03-25T09:41:37.112Z] {"timestamp":1774431695104,"level":"DEBUG","args":["[Manus] Debug collector initialized (no rrweb, UI events only)"],"stack":null}
[2026-03-25T09:41:37.112Z] {"timestamp":1774431695129,"level":"DEBUG","args":["[vite] connected."],"stack":null}
[2026-03-25T09:41:37.112Z] {"timestamp":1774431695276,"level":"INFO","args":["%cDownload the React DevTools for a better development experience: https://react.dev/link/react-devtools","font-weight:bold"],"stack":null}
[2026-03-25T09:41:37.112Z] {"timestamp":1774431695332,"level":"ERROR","args":[{"type":"UncaughtError","message":"Uncaught SyntaxError: Unexpected token '<'","filename":"http://localhost:3000/umami","lineno":1,"colno":1,"stack":"SyntaxError: Unexpected token '<'"}],"stack":"SyntaxError: Unexpected token '<'"}
[2026-03-25T09:41:42.059Z] {"timestamp":1774431700054,"level":"DEBUG","args":["[Manus] Debug collector initialized (no rrweb, UI events only)"],"stack":null}
[2026-03-25T09:41:42.059Z] {"timestamp":1774431700101,"level":"DEBUG","args":["[vite] connected."],"stack":null}
[2026-03-25T09:41:42.059Z] {"timestamp":1774431700210,"level":"INFO","args":["%cDownload the React DevTools for a better development experience: https://react.dev/link/react-devtools","font-weight:bold"],"stack":null}
[2026-03-25T09:41:42.059Z] {"timestamp":1774431700265,"level":"ERROR","args":[{"type":"UncaughtError","message":"Uncaught SyntaxError: Unexpected token '<'","filename":"http://localhost:3000/umami","lineno":1,"colno":1,"stack":"SyntaxError: Unexpected token '<'"}],"stack":"SyntaxError: Unexpected token '<'"}
[2026-03-25T09:47:03.194Z] {"timestamp":1774432019118,"level":"DEBUG","args":["[Manus] Debug collector initialized (no rrweb, UI events only)"],"stack":null}
[2026-03-25T09:47:03.194Z] {"timestamp":1774432019209,"level":"DEBUG","args":["[vite] connected."],"stack":null}
[2026-03-25T09:47:03.203Z] {"timestamp":1774432019185,"level":"DEBUG","args":["[Manus] Debug collector initialized (no rrweb, UI events only)"],"stack":null}
[2026-03-25T09:47:03.203Z] {"timestamp":1774432019229,"level":"DEBUG","args":["[vite] connected."],"stack":null}
[2026-03-25T09:47:05.124Z] {"timestamp":1774432023817,"level":"INFO","args":["%cDownload the React DevTools for a better development experience: https://react.dev/link/react-devtools","font-weight:bold"],"stack":null}
[2026-03-25T09:47:05.124Z] {"timestamp":1774432023972,"level":"ERROR","args":[{"type":"UncaughtError","message":"Uncaught SyntaxError: Unexpected token '<'","filename":"http://localhost:3001/umami","lineno":1,"colno":1,"stack":"SyntaxError: Unexpected token '<'"}],"stack":"SyntaxError: Unexpected token '<'"}
[2026-03-25T09:47:05.197Z] {"timestamp":1774432023834,"level":"INFO","args":["%cDownload the React DevTools for a better development experience: https://react.dev/link/react-devtools","font-weight:bold"],"stack":null}
[2026-03-25T09:47:05.197Z] {"timestamp":1774432023997,"level":"ERROR","args":[{"type":"UncaughtError","message":"Uncaught SyntaxError: Unexpected token '<'","filename":"http://localhost:3001/umami","lineno":1,"colno":1,"stack":"SyntaxError: Unexpected token '<'"}],"stack":"SyntaxError: Unexpected token '<'"}
[2026-03-25T09:47:08.236Z] {"timestamp":1774432026221,"level":"DEBUG","args":["[Manus] Debug collector initialized (no rrweb, UI events only)"],"stack":null}
[2026-03-25T09:47:08.236Z] {"timestamp":1774432026275,"level":"DEBUG","args":["[vite] connected."],"stack":null}
[2026-03-25T09:47:08.237Z] {"timestamp":1774432026386,"level":"INFO","args":["%cDownload the React DevTools for a better development experience: https://react.dev/link/react-devtools","font-weight:bold"],"stack":null}
[2026-03-25T09:47:08.237Z] {"timestamp":1774432026451,"level":"ERROR","args":[{"type":"UncaughtError","message":"Uncaught SyntaxError: Unexpected token '<'","filename":"http://localhost:3001/umami","lineno":1,"colno":1,"stack":"SyntaxError: Unexpected token '<'"}],"stack":"SyntaxError: Unexpected token '<'"}
[2026-03-25T09:47:10.800Z] {"timestamp":1774432028789,"level":"DEBUG","args":["[Manus] Debug collector initialized (no rrweb, UI events only)"],"stack":null}
[2026-03-25T09:47:10.800Z] {"timestamp":1774432028851,"level":"DEBUG","args":["[vite] connected."],"stack":null}
[2026-03-25T09:47:10.800Z] {"timestamp":1774432028900,"level":"INFO","args":["%cDownload the React DevTools for a better development experience: https://react.dev/link/react-devtools","font-weight:bold"],"stack":null}
[2026-03-25T09:47:10.800Z] {"timestamp":1774432028948,"level":"ERROR","args":[{"type":"UncaughtError","message":"Uncaught SyntaxError: Unexpected token '<'","filename":"http://localhost:3001/umami","lineno":1,"colno":1,"stack":"SyntaxError: Unexpected token '<'"}],"stack":"SyntaxError: Unexpected token '<'"}
[2026-03-25T09:47:37.493Z] {"timestamp":1774432055488,"level":"DEBUG","args":["[Manus] Debug collector initialized (no rrweb, UI events only)"],"stack":null}
[2026-03-25T09:47:37.493Z] {"timestamp":1774432055547,"level":"DEBUG","args":["[vite] connected."],"stack":null}
[2026-03-25T09:47:37.493Z] {"timestamp":1774432055625,"level":"INFO","args":["%cDownload the React DevTools for a better development experience: https://react.dev/link/react-devtools","font-weight:bold"],"stack":null}
[2026-03-25T09:47:37.493Z] {"timestamp":1774432055686,"level":"ERROR","args":[{"type":"UncaughtError","message":"Uncaught SyntaxError: Unexpected token '<'","filename":"http://localhost:3001/umami","lineno":1,"colno":1,"stack":"SyntaxError: Unexpected token '<'"}],"stack":"SyntaxError: Unexpected token '<'"}
[2026-03-25T09:47:46.954Z] {"timestamp":1774432064934,"level":"DEBUG","args":["[Manus] Debug collector initialized (no rrweb, UI events only)"],"stack":null}
[2026-03-25T09:47:46.954Z] {"timestamp":1774432065025,"level":"DEBUG","args":["[vite] connected."],"stack":null}
[2026-03-25T09:47:46.954Z] {"timestamp":1774432065074,"level":"INFO","args":["%cDownload the React DevTools for a better development experience: https://react.dev/link/react-devtools","font-weight:bold"],"stack":null}
[2026-03-25T09:47:46.954Z] {"timestamp":1774432065132,"level":"ERROR","args":[{"type":"UncaughtError","message":"Uncaught SyntaxError: Unexpected token '<'","filename":"http://localhost:3001/umami","lineno":1,"colno":1,"stack":"SyntaxError: Unexpected token '<'"}],"stack":"SyntaxError: Unexpected token '<'"}
[2026-03-25T09:55:55.822Z] {"timestamp":1774432552352,"level":"DEBUG","args":["[Manus] Debug collector initialized (no rrweb, UI events only)"],"stack":null}
[2026-03-25T09:55:55.822Z] {"timestamp":1774432552394,"level":"DEBUG","args":["[vite] connected."],"stack":null}
[2026-03-25T09:55:56.640Z] {"timestamp":1774432556358,"level":"INFO","args":["%cDownload the React DevTools for a better development experience: https://react.dev/link/react-devtools","font-weight:bold"],"stack":null}
[2026-03-25T09:55:56.641Z] {"timestamp":1774432556521,"level":"ERROR","args":[{"type":"UncaughtError","message":"Uncaught SyntaxError: Unexpected token '<'","filename":"http://localhost:3000/umami","lineno":1,"colno":1,"stack":"SyntaxError: Unexpected token '<'"}],"stack":"SyntaxError: Unexpected token '<'"}
[2026-03-25T09:56:05.132Z] {"timestamp":1774432563121,"level":"DEBUG","args":["[Manus] Debug collector initialized (no rrweb, UI events only)"],"stack":null}
[2026-03-25T09:56:05.132Z] {"timestamp":1774432563187,"level":"DEBUG","args":["[vite] connected."],"stack":null}
[2026-03-25T09:56:05.132Z] {"timestamp":1774432563308,"level":"INFO","args":["%cDownload the React DevTools for a better development experience: https://react.dev/link/react-devtools","font-weight:bold"],"stack":null}
[2026-03-25T09:56:05.132Z] {"timestamp":1774432563357,"level":"ERROR","args":[{"type":"UncaughtError","message":"Uncaught SyntaxError: Unexpected token '<'","filename":"http://localhost:3000/umami","lineno":1,"colno":1,"stack":"SyntaxError: Unexpected token '<'"}],"stack":"SyntaxError: Unexpected token '<'"}
[2026-03-25T09:59:26.950Z] {"timestamp":1774432764939,"level":"DEBUG","args":["[Manus] Debug collector initialized (no rrweb, UI events only)"],"stack":null}
[2026-03-25T09:59:26.950Z] {"timestamp":1774432765006,"level":"DEBUG","args":["[vite] connected."],"stack":null}
[2026-03-25T09:59:26.950Z] {"timestamp":1774432765186,"level":"INFO","args":["%cDownload the React DevTools for a better development experience: https://react.dev/link/react-devtools","font-weight:bold"],"stack":null}
[2026-03-25T09:59:26.950Z] {"timestamp":1774432765316,"level":"ERROR","args":[{"type":"UncaughtError","message":"Uncaught SyntaxError: Unexpected token '<'","filename":"http://localhost:3000/umami","lineno":1,"colno":1,"stack":"SyntaxError: Unexpected token '<'"}],"stack":"SyntaxError: Unexpected token '<'"}
[2026-03-25T09:59:29.389Z] {"timestamp":1774432767377,"level":"DEBUG","args":["[Manus] Debug collector initialized (no rrweb, UI events only)"],"stack":null}
[2026-03-25T09:59:29.389Z] {"timestamp":1774432767410,"level":"DEBUG","args":["[vite] connected."],"stack":null}
[2026-03-25T09:59:29.389Z] {"timestamp":1774432767502,"level":"INFO","args":["%cDownload the React DevTools for a better development experience: https://react.dev/link/react-devtools","font-weight:bold"],"stack":null}
[2026-03-25T09:59:29.389Z] {"timestamp":1774432767552,"level":"ERROR","args":[{"type":"UncaughtError","message":"Uncaught SyntaxError: Unexpected token '<'","filename":"http://localhost:3000/umami","lineno":1,"colno":1,"stack":"SyntaxError: Unexpected token '<'"}],"stack":"SyntaxError: Unexpected token '<'"}
[2026-03-25T09:59:53.447Z] {"timestamp":1774432790766,"level":"DEBUG","args":["[Manus] Debug collector initialized (no rrweb, UI events only)"],"stack":null}
[2026-03-25T09:59:53.447Z] {"timestamp":1774432790839,"level":"DEBUG","args":["[vite] connected."],"stack":null}
[2026-03-25T09:59:54.775Z] {"timestamp":1774432793782,"level":"INFO","args":["%cDownload the React DevTools for a better development experience: https://react.dev/link/react-devtools","font-weight:bold"],"stack":null}
[2026-03-25T09:59:54.775Z] {"timestamp":1774432793903,"level":"ERROR","args":[{"type":"UncaughtError","message":"Uncaught SyntaxError: Unexpected token '<'","filename":"http://localhost:3000/umami","lineno":1,"colno":1,"stack":"SyntaxError: Unexpected token '<'"}],"stack":"SyntaxError: Unexpected token '<'"}
[2026-03-25T09:59:58.516Z] {"timestamp":1774432796505,"level":"DEBUG","args":["[Manus] Debug collector initialized (no rrweb, UI events only)"],"stack":null}
[2026-03-25T09:59:58.516Z] {"timestamp":1774432796540,"level":"DEBUG","args":["[vite] connected."],"stack":null}
[2026-03-25T09:59:58.516Z] {"timestamp":1774432796621,"level":"INFO","args":["%cDownload the React DevTools for a better development experience: https://react.dev/link/react-devtools","font-weight:bold"],"stack":null}
[2026-03-25T09:59:58.516Z] {"timestamp":1774432796673,"level":"ERROR","args":[{"type":"UncaughtError","message":"Uncaught SyntaxError: Unexpected token '<'","filename":"http://localhost:3000/umami","lineno":1,"colno":1,"stack":"SyntaxError: Unexpected token '<'"}],"stack":"SyntaxError: Unexpected token '<'"}
[2026-03-25T10:00:02.829Z] {"timestamp":1774432800816,"level":"DEBUG","args":["[Manus] Debug collector initialized (no rrweb, UI events only)"],"stack":null}
[2026-03-25T10:00:02.829Z] {"timestamp":1774432800828,"level":"DEBUG","args":["[vite] connected."],"stack":null}
[2026-03-25T10:00:02.829Z] {"timestamp":1774432800908,"level":"INFO","args":["%cDownload the React DevTools for a better development experience: https://react.dev/link/react-devtools","font-weight:bold"],"stack":null}
[2026-03-25T10:00:02.829Z] {"timestamp":1774432800959,"level":"ERROR","args":[{"type":"UncaughtError","message":"Uncaught SyntaxError: Unexpected token '<'","filename":"http://localhost:3000/umami","lineno":1,"colno":1,"stack":"SyntaxError: Unexpected token '<'"}],"stack":"SyntaxError: Unexpected token '<'"}
[2026-03-25T10:00:08.652Z] {"timestamp":1774432806633,"level":"DEBUG","args":["[Manus] Debug collector initialized (no rrweb, UI events only)"],"stack":null}
[2026-03-25T10:00:08.652Z] {"timestamp":1774432806663,"level":"DEBUG","args":["[vite] connected."],"stack":null}
[2026-03-25T10:00:08.652Z] {"timestamp":1774432806772,"level":"INFO","args":["%cDownload the React DevTools for a better development experience: https://react.dev/link/react-devtools","font-weight:bold"],"stack":null}
[2026-03-25T10:00:08.652Z] {"timestamp":1774432806816,"level":"ERROR","args":[{"type":"UncaughtError","message":"Uncaught SyntaxError: Unexpected token '<'","filename":"http://localhost:3000/umami","lineno":1,"colno":1,"stack":"SyntaxError: Unexpected token '<'"}],"stack":"SyntaxError: Unexpected token '<'"}
[2026-03-25T10:00:13.225Z] {"timestamp":1774432811214,"level":"DEBUG","args":["[Manus] Debug collector initialized (no rrweb, UI events only)"],"stack":null}
[2026-03-25T10:00:13.225Z] {"timestamp":1774432811297,"level":"DEBUG","args":["[vite] connected."],"stack":null}
[2026-03-25T10:00:13.225Z] {"timestamp":1774432811330,"level":"INFO","args":["%cDownload the React DevTools for a better development experience: https://react.dev/link/react-devtools","font-weight:bold"],"stack":null}
[2026-03-25T10:00:13.226Z] {"timestamp":1774432811380,"level":"ERROR","args":[{"type":"UncaughtError","message":"Uncaught SyntaxError: Unexpected token '<'","filename":"http://localhost:3000/umami","lineno":1,"colno":1,"stack":"SyntaxError: Unexpected token '<'"}],"stack":"SyntaxError: Unexpected token '<'"}
[2026-03-25T10:00:17.286Z] {"timestamp":1774432815271,"level":"DEBUG","args":["[Manus] Debug collector initialized (no rrweb, UI events only)"],"stack":null}
[2026-03-25T10:00:17.286Z] {"timestamp":1774432815299,"level":"DEBUG","args":["[vite] connected."],"stack":null}
[2026-03-25T10:00:17.286Z] {"timestamp":1774432815426,"level":"INFO","args":["%cDownload the React DevTools for a better development experience: https://react.dev/link/react-devtools","font-weight:bold"],"stack":null}
[2026-03-25T10:00:17.286Z] {"timestamp":1774432815478,"level":"ERROR","args":[{"type":"UncaughtError","message":"Uncaught SyntaxError: Unexpected token '<'","filename":"http://localhost:3000/umami","lineno":1,"colno":1,"stack":"SyntaxError: Unexpected token '<'"}],"stack":"SyntaxError: Unexpected token '<'"}
[2026-03-28T12:21:30.252Z] {"timestamp":1774700487706,"level":"DEBUG","args":["[Manus] Debug collector initialized (no rrweb, UI events only)"],"stack":null}
[2026-03-28T12:21:30.253Z] {"timestamp":1774700487766,"level":"DEBUG","args":["[vite] connected."],"stack":null}
[2026-03-28T12:21:33.090Z] {"timestamp":1774700491745,"level":"INFO","args":["%cDownload the React DevTools for a better development experience: https://react.dev/link/react-devtools","font-weight:bold"],"stack":null}
[2026-03-28T12:21:33.090Z] {"timestamp":1774700491991,"level":"ERROR","args":[{"type":"UncaughtError","message":"Uncaught SyntaxError: Unexpected token '<'","filename":"http://localhost:3000/umami","lineno":1,"colno":1,"stack":"SyntaxError: Unexpected token '<'"}],"stack":"SyntaxError: Unexpected token '<'"}
[2026-03-28T12:25:05.606Z] {"timestamp":1774700703597,"level":"DEBUG","args":["[Manus] Debug collector initialized (no rrweb, UI events only)"],"stack":null}
[2026-03-28T12:25:05.606Z] {"timestamp":1774700703644,"level":"DEBUG","args":["[vite] connected."],"stack":null}
[2026-03-28T12:25:05.606Z] {"timestamp":1774700703876,"level":"INFO","args":["%cDownload the React DevTools for a better development experience: https://react.dev/link/react-devtools","font-weight:bold"],"stack":null}
[2026-03-28T12:25:05.606Z] {"timestamp":1774700703947,"level":"ERROR","args":[{"type":"UncaughtError","message":"Uncaught SyntaxError: Unexpected token '<'","filename":"http://localhost:3000/umami","lineno":1,"colno":1,"stack":"SyntaxError: Unexpected token '<'"}],"stack":"SyntaxError: Unexpected token '<'"}
[2026-03-28T12:25:10.002Z] {"timestamp":1774700707979,"level":"DEBUG","args":["[Manus] Debug collector initialized (no rrweb, UI events only)"],"stack":null}
[2026-03-28T12:25:10.002Z] {"timestamp":1774700708075,"level":"DEBUG","args":["[vite] connected."],"stack":null}
[2026-03-28T12:25:10.002Z] {"timestamp":1774700708224,"level":"INFO","args":["%cDownload the React DevTools for a better development experience: https://react.dev/link/react-devtools","font-weight:bold"],"stack":null}
[2026-03-28T12:25:10.002Z] {"timestamp":1774700708301,"level":"ERROR","args":[{"type":"UncaughtError","message":"Uncaught SyntaxError: Unexpected token '<'","filename":"http://localhost:3000/umami","lineno":1,"colno":1,"stack":"SyntaxError: Unexpected token '<'"}],"stack":"SyntaxError: Unexpected token '<'"}
[2026-03-28T12:27:08.399Z] {"timestamp":1774700824873,"level":"DEBUG","args":["[Manus] Debug collector initialized (no rrweb, UI events only)"],"stack":null}
[2026-03-28T12:27:08.399Z] {"timestamp":1774700824913,"level":"DEBUG","args":["[vite] connected."],"stack":null}
[2026-03-28T12:27:09.006Z] {"timestamp":1774700828834,"level":"INFO","args":["%cDownload the React DevTools for a better development experience: https://react.dev/link/react-devtools","font-weight:bold"],"stack":null}
[2026-03-28T12:27:09.006Z] {"timestamp":1774700828964,"level":"ERROR","args":[{"type":"UncaughtError","message":"Uncaught SyntaxError: Unexpected token '<'","filename":"http://localhost:3000/umami","lineno":1,"colno":1,"stack":"SyntaxError: Unexpected token '<'"}],"stack":"SyntaxError: Unexpected token '<'"}
[2026-03-28T12:27:15.208Z] {"timestamp":1774700833192,"level":"DEBUG","args":["[Manus] Debug collector initialized (no rrweb, UI events only)"],"stack":null}
[2026-03-28T12:27:15.208Z] {"timestamp":1774700833239,"level":"DEBUG","args":["[vite] connected."],"stack":null}
[2026-03-28T12:27:15.208Z] {"timestamp":1774700833389,"level":"INFO","args":["%cDownload the React DevTools for a better development experience: https://react.dev/link/react-devtools","font-weight:bold"],"stack":null}
[2026-03-28T12:27:15.208Z] {"timestamp":1774700833454,"level":"ERROR","args":[{"type":"UncaughtError","message":"Uncaught SyntaxError: Unexpected token '<'","filename":"http://localhost:3000/umami","lineno":1,"colno":1,"stack":"SyntaxError: Unexpected token '<'"}],"stack":"SyntaxError: Unexpected token '<'"}
[2026-03-28T12:27:21.149Z] {"timestamp":1774700839128,"level":"DEBUG","args":["[Manus] Debug collector initialized (no rrweb, UI events only)"],"stack":null}
[2026-03-28T12:27:21.149Z] {"timestamp":1774700839166,"level":"DEBUG","args":["[vite] connected."],"stack":null}
[2026-03-28T12:27:21.149Z] {"timestamp":1774700839338,"level":"INFO","args":["%cDownload the React DevTools for a better development experience: https://react.dev/link/react-devtools","font-weight:bold"],"stack":null}
[2026-03-28T12:27:21.149Z] {"timestamp":1774700839395,"level":"ERROR","args":[{"type":"UncaughtError","message":"Uncaught SyntaxError: Unexpected token '<'","filename":"http://localhost:3000/umami","lineno":1,"colno":1,"stack":"SyntaxError: Unexpected token '<'"}],"stack":"SyntaxError: Unexpected token '<'"}
[2026-03-28T12:27:24.201Z] {"timestamp":1774700842180,"level":"DEBUG","args":["[Manus] Debug collector initialized (no rrweb, UI events only)"],"stack":null}
[2026-03-28T12:27:24.201Z] {"timestamp":1774700842205,"level":"DEBUG","args":["[vite] connected."],"stack":null}
[2026-03-28T12:27:24.201Z] {"timestamp":1774700842354,"level":"INFO","args":["%cDownload the React DevTools for a better development experience: https://react.dev/link/react-devtools","font-weight:bold"],"stack":null}
[2026-03-28T12:27:24.201Z] {"timestamp":1774700842413,"level":"ERROR","args":[{"type":"UncaughtError","message":"Uncaught SyntaxError: Unexpected token '<'","filename":"http://localhost:3000/umami","lineno":1,"colno":1,"stack":"SyntaxError: Unexpected token '<'"}],"stack":"SyntaxError: Unexpected token '<'"}
[2026-03-28T12:48:26.163Z] {"timestamp":1774700858156,"level":"LOG","args":["[vite] server connection lost. Polling for restart..."],"stack":null}
[2026-03-28T12:51:10.030Z] {"timestamp":1774702266365,"level":"DEBUG","args":["[Manus] Debug collector initialized (no rrweb, UI events only)"],"stack":null}
[2026-03-28T12:51:10.030Z] {"timestamp":1774702266435,"level":"DEBUG","args":["[vite] connected."],"stack":null}
[2026-03-28T12:51:12.467Z] {"timestamp":1774702270707,"level":"INFO","args":["%cDownload the React DevTools for a better development experience: https://react.dev/link/react-devtools","font-weight:bold"],"stack":null}
[2026-03-28T12:51:12.467Z] {"timestamp":1774702270961,"level":"ERROR","args":[{"type":"UncaughtError","message":"Uncaught SyntaxError: Unexpected token '<'","filename":"http://localhost:3000/umami","lineno":1,"colno":1,"stack":"SyntaxError: Unexpected token '<'"}],"stack":"SyntaxError: Unexpected token '<'"}
[2026-03-28T12:51:34.371Z] {"timestamp":1774702294162,"level":"ERROR","args":["%o\n\n%s\n\n%s\n",{"type":"Error","message":"A <Select.Item /> must have a value prop that is not an empty string. This is because the Select value can be set to an empty string to clear the selection and show the placeholder.","stack":"Error: A <Select.Item /> must have a value prop that is not an empty string. This is because the Select value can be set to an empty string to clear the selection and show the placeholder.\n    at SelectItem (http://localhost:3000/@fs/C:/Users/User/Documents/university-registration-system/node_modules/.vite/deps/@radix-ui_react-select.js?v=cfd1e580:866:13)\n    at Object.react_stack_bottom_frame (http://localhost:3000/@fs/C:/Users/User/Documents/university-registration-system/node_modules/.vite/deps/react-dom_client.js?v=1632888d:18509:20)\n    at renderWithHooks (http://localhost:3000/@fs/C:/Users/User/Documents/university-registration-system/node_modules/.vite/deps/react-dom_client.js?v=1632888d:5654:24)\n    at updateForwardRef (http://localhost:3000/@fs/C:/Users/User/Documents/university-registration-system/node_modules/.vite/deps/react-dom_client.js?v=1632888d:7198:21)\n    at beginWork (http://localhost:3000/@fs/C:/Users/User/Documents/university-registration-system/node_modules/.vite/deps/react-dom_client.js?v=1632888d:8735:20)\n    at runWithFiberInDEV (http://localhost:3000/@fs/C:/Users/User/Documents/university-registration-system/node_modules/.vite/deps/react-dom_client.js?v=1632888d:997:72)\n    at performUnitOfWork (http://localhost:3000/@fs/C:/Users/User/Documents/university-registration-system/node_modules/.vite/deps/react-dom_client.js?v=1632888d:12561:98)\n    at workLoopSync (http://localhost:3000/@fs/C:/Users/User/Documents/university-registration-system/node_modules/.vite/deps/react-dom_client.js?v=1632888d:12424:43)\n    at renderRootSync (http://localhost:3000/@fs/C:/Users/User/Documents/university-registration-system/node_modules/.vite/deps/react-dom_client.js?v=1632888d:12408:13)\n    at performWorkOnRoot (http://localhost:3000/@fs/C:/Users/User/Documents/university-registration-system/node_modules/.vite/deps/react-dom_client.js?v=1632888d:11827:37)"},"The above error occurred in the <SelectItem> component.","React will try to recreate this component tree from scratch using the error boundary you provided, ErrorBoundary."],"stack":"Error\n    at console.<computed> [as error] (http://localhost:3000/__manus__/debug-collector.js:391:37)\n    at defaultOnCaughtError (http://localhost:3000/@fs/C:/Users/User/Documents/university-registration-system/node_modules/.vite/deps/react-dom_client.js?v=1632888d:7001:19)\n    at logCaughtError (http://localhost:3000/@fs/C:/Users/User/Documents/university-registration-system/node_modules/.vite/deps/react-dom_client.js?v=1632888d:7033:11)\n    at runWithFiberInDEV (http://localhost:3000/@fs/C:/Users/User/Documents/university-registration-system/node_modules/.vite/deps/react-dom_client.js?v=1632888d:997:72)\n    at update.callback (http://localhost:3000/@fs/C:/Users/User/Documents/university-registration-system/node_modules/.vite/deps/react-dom_client.js?v=1632888d:7066:13)\n    at callCallback (http://localhost:3000/@fs/C:/Users/User/Documents/university-registration-system/node_modules/.vite/deps/react-dom_client.js?v=1632888d:5491:18)\n    at commitCallbacks (http://localhost:3000/@fs/C:/Users/User/Documents/university-registration-system/node_modules/.vite/deps/react-dom_client.js?v=1632888d:5503:13)\n    at runWithFiberInDEV (http://localhost:3000/@fs/C:/Users/User/Documents/university-registration-system/node_modules/.vite/deps/react-dom_client.js?v=1632888d:997:72)\n    at commitClassCallbacks (http://localhost:3000/@fs/C:/Users/User/Documents/university-registration-system/node_modules/.vite/deps/react-dom_client.js?v=1632888d:9490:13)\n    at commitLayoutEffectOnFiber (http://localhost:3000/@fs/C:/Users/User/Documents/university-registration-system/node_modules/.vite/deps/react-dom_client.js?v=1632888d:9958:27)"}
[2026-03-28T12:51:40.456Z] {"timestamp":1774702298437,"level":"DEBUG","args":["[Manus] Debug collector initialized (no rrweb, UI events only)"],"stack":null}
[2026-03-28T12:51:40.456Z] {"timestamp":1774702298467,"level":"DEBUG","args":["[vite] connected."],"stack":null}
[2026-03-28T12:51:40.456Z] {"timestamp":1774702298651,"level":"INFO","args":["%cDownload the React DevTools for a better development experience: https://react.dev/link/react-devtools","font-weight:bold"],"stack":null}
[2026-03-28T12:51:40.456Z] {"timestamp":1774702298708,"level":"ERROR","args":[{"type":"UncaughtError","message":"Uncaught SyntaxError: Unexpected token '<'","filename":"http://localhost:3000/umami","lineno":1,"colno":1,"stack":"SyntaxError: Unexpected token '<'"}],"stack":"SyntaxError: Unexpected token '<'"}
[2026-03-28T12:51:40.456Z] {"timestamp":1774702299011,"level":"ERROR","args":["%o\n\n%s\n\n%s\n",{"type":"Error","message":"A <Select.Item /> must have a value prop that is not an empty string. This is because the Select value can be set to an empty string to clear the selection and show the placeholder.","stack":"Error: A <Select.Item /> must have a value prop that is not an empty string. This is because the Select value can be set to an empty string to clear the selection and show the placeholder.\n    at SelectItem (http://localhost:3000/@fs/C:/Users/User/Documents/university-registration-system/node_modules/.vite/deps/@radix-ui_react-select.js?v=cfd1e580:866:13)\n    at Object.react_stack_bottom_frame (http://localhost:3000/@fs/C:/Users/User/Documents/university-registration-system/node_modules/.vite/deps/react-dom_client.js?v=1632888d:18509:20)\n    at renderWithHooks (http://localhost:3000/@fs/C:/Users/User/Documents/university-registration-system/node_modules/.vite/deps/react-dom_client.js?v=1632888d:5654:24)\n    at updateForwardRef (http://localhost:3000/@fs/C:/Users/User/Documents/university-registration-system/node_modules/.vite/deps/react-dom_client.js?v=1632888d:7198:21)\n    at beginWork (http://localhost:3000/@fs/C:/Users/User/Documents/university-registration-system/node_modules/.vite/deps/react-dom_client.js?v=1632888d:8735:20)\n    at runWithFiberInDEV (http://localhost:3000/@fs/C:/Users/User/Documents/university-registration-system/node_modules/.vite/deps/react-dom_client.js?v=1632888d:997:72)\n    at performUnitOfWork (http://localhost:3000/@fs/C:/Users/User/Documents/university-registration-system/node_modules/.vite/deps/react-dom_client.js?v=1632888d:12561:98)\n    at workLoopSync (http://localhost:3000/@fs/C:/Users/User/Documents/university-registration-system/node_modules/.vite/deps/react-dom_client.js?v=1632888d:12424:43)\n    at renderRootSync (http://localhost:3000/@fs/C:/Users/User/Documents/university-registration-system/node_modules/.vite/deps/react-dom_client.js?v=1632888d:12408:13)\n    at performWorkOnRoot (http://localhost:3000/@fs/C:/Users/User/Documents/university-registration-system/node_modules/.vite/deps/react-dom_client.js?v=1632888d:11827:37)"},"The above error occurred in the <SelectItem> component.","React will try to recreate this component tree from scratch using the error boundary you provided, ErrorBoundary."],"stack":"Error\n    at console.<computed> [as error] (http://localhost:3000/__manus__/debug-collector.js:391:37)\n    at defaultOnCaughtError (http://localhost:3000/@fs/C:/Users/User/Documents/university-registration-system/node_modules/.vite/deps/react-dom_client.js?v=1632888d:7001:19)\n    at logCaughtError (http://localhost:3000/@fs/C:/Users/User/Documents/university-registration-system/node_modules/.vite/deps/react-dom_client.js?v=1632888d:7033:11)\n    at runWithFiberInDEV (http://localhost:3000/@fs/C:/Users/User/Documents/university-registration-system/node_modules/.vite/deps/react-dom_client.js?v=1632888d:997:72)\n    at update.callback (http://localhost:3000/@fs/C:/Users/User/Documents/university-registration-system/node_modules/.vite/deps/react-dom_client.js?v=1632888d:7066:13)\n    at callCallback (http://localhost:3000/@fs/C:/Users/User/Documents/university-registration-system/node_modules/.vite/deps/react-dom_client.js?v=1632888d:5491:18)\n    at commitCallbacks (http://localhost:3000/@fs/C:/Users/User/Documents/university-registration-system/node_modules/.vite/deps/react-dom_client.js?v=1632888d:5503:13)\n    at runWithFiberInDEV (http://localhost:3000/@fs/C:/Users/User/Documents/university-registration-system/node_modules/.vite/deps/react-dom_client.js?v=1632888d:997:72)\n    at commitClassCallbacks (http://localhost:3000/@fs/C:/Users/User/Documents/university-registration-system/node_modules/.vite/deps/react-dom_client.js?v=1632888d:9490:13)\n    at commitLayoutEffectOnFiber (http://localhost:3000/@fs/C:/Users/User/Documents/university-registration-system/node_modules/.vite/deps/react-dom_client.js?v=1632888d:9958:27)"}
[2026-03-28T12:53:39.251Z] {"timestamp":1774702416146,"level":"DEBUG","args":["[Manus] Debug collector initialized (no rrweb, UI events only)"],"stack":null}
[2026-03-28T12:53:39.251Z] {"timestamp":1774702416299,"level":"DEBUG","args":["[vite] connected."],"stack":null}
[2026-03-28T12:53:40.259Z] {"timestamp":1774702419986,"level":"INFO","args":["%cDownload the React DevTools for a better development experience: https://react.dev/link/react-devtools","font-weight:bold"],"stack":null}
[2026-03-28T12:53:40.260Z] {"timestamp":1774702420125,"level":"ERROR","args":[{"type":"UncaughtError","message":"Uncaught SyntaxError: Unexpected token '<'","filename":"http://localhost:3000/umami","lineno":1,"colno":1,"stack":"SyntaxError: Unexpected token '<'"}],"stack":"SyntaxError: Unexpected token '<'"}
[2026-03-28T12:53:52.153Z] {"timestamp":1774702430338,"level":"ERROR","args":["%o\n\n%s\n\n%s\n",{"type":"Error","message":"A <Select.Item /> must have a value prop that is not an empty string. This is because the Select value can be set to an empty string to clear the selection and show the placeholder.","stack":"Error: A <Select.Item /> must have a value prop that is not an empty string. This is because the Select value can be set to an empty string to clear the selection and show the placeholder.\n    at SelectItem (http://localhost:3000/@fs/C:/Users/User/Documents/university-registration-system/node_modules/.vite/deps/@radix-ui_react-select.js?v=887e7946:866:13)\n    at Object.react_stack_bottom_frame (http://localhost:3000/@fs/C:/Users/User/Documents/university-registration-system/node_modules/.vite/deps/react-dom_client.js?v=887e7946:18509:20)\n    at renderWithHooks (http://localhost:3000/@fs/C:/Users/User/Documents/university-registration-system/node_modules/.vite/deps/react-dom_client.js?v=887e7946:5654:24)\n    at updateForwardRef (http://localhost:3000/@fs/C:/Users/User/Documents/university-registration-system/node_modules/.vite/deps/react-dom_client.js?v=887e7946:7198:21)\n    at beginWork (http://localhost:3000/@fs/C:/Users/User/Documents/university-registration-system/node_modules/.vite/deps/react-dom_client.js?v=887e7946:8735:20)\n    at runWithFiberInDEV (http://localhost:3000/@fs/C:/Users/User/Documents/university-registration-system/node_modules/.vite/deps/react-dom_client.js?v=887e7946:997:72)\n    at performUnitOfWork (http://localhost:3000/@fs/C:/Users/User/Documents/university-registration-system/node_modules/.vite/deps/react-dom_client.js?v=887e7946:12561:98)\n    at workLoopSync (http://localhost:3000/@fs/C:/Users/User/Documents/university-registration-system/node_modules/.vite/deps/react-dom_client.js?v=887e7946:12424:43)\n    at renderRootSync (http://localhost:3000/@fs/C:/Users/User/Documents/university-registration-system/node_modules/.vite/deps/react-dom_client.js?v=887e7946:12408:13)\n    at performWorkOnRoot (http://localhost:3000/@fs/C:/Users/User/Documents/university-registration-system/node_modules/.vite/deps/react-dom_client.js?v=887e7946:11827:37)"},"The above error occurred in the <SelectItem> component.","React will try to recreate this component tree from scratch using the error boundary you provided, ErrorBoundary."],"stack":"Error\n    at console.<computed> [as error] (http://localhost:3000/__manus__/debug-collector.js:391:37)\n    at defaultOnCaughtError (http://localhost:3000/@fs/C:/Users/User/Documents/university-registration-system/node_modules/.vite/deps/react-dom_client.js?v=887e7946:7001:19)\n    at logCaughtError (http://localhost:3000/@fs/C:/Users/User/Documents/university-registration-system/node_modules/.vite/deps/react-dom_client.js?v=887e7946:7033:11)\n    at runWithFiberInDEV (http://localhost:3000/@fs/C:/Users/User/Documents/university-registration-system/node_modules/.vite/deps/react-dom_client.js?v=887e7946:997:72)\n    at update.callback (http://localhost:3000/@fs/C:/Users/User/Documents/university-registration-system/node_modules/.vite/deps/react-dom_client.js?v=887e7946:7066:13)\n    at callCallback (http://localhost:3000/@fs/C:/Users/User/Documents/university-registration-system/node_modules/.vite/deps/react-dom_client.js?v=887e7946:5491:18)\n    at commitCallbacks (http://localhost:3000/@fs/C:/Users/User/Documents/university-registration-system/node_modules/.vite/deps/react-dom_client.js?v=887e7946:5503:13)\n    at runWithFiberInDEV (http://localhost:3000/@fs/C:/Users/User/Documents/university-registration-system/node_modules/.vite/deps/react-dom_client.js?v=887e7946:997:72)\n    at commitClassCallbacks (http://localhost:3000/@fs/C:/Users/User/Documents/university-registration-system/node_modules/.vite/deps/react-dom_client.js?v=887e7946:9490:13)\n    at commitLayoutEffectOnFiber (http://localhost:3000/@fs/C:/Users/User/Documents/university-registration-system/node_modules/.vite/deps/react-dom_client.js?v=887e7946:9958:27)"}
[2026-03-28T12:54:49.744Z] {"timestamp":1774702459831,"level":"LOG","args":["[vite] server connection lost. Polling for restart..."],"stack":null}
[2026-03-28T12:55:10.884Z] {"timestamp":1774702507802,"level":"DEBUG","args":["[Manus] Debug collector initialized (no rrweb, UI events only)"],"stack":null}
[2026-03-28T12:55:10.884Z] {"timestamp":1774702507887,"level":"DEBUG","args":["[vite] connected."],"stack":null}
[2026-03-28T12:55:11.906Z] {"timestamp":1774702511224,"level":"INFO","args":["%cDownload the React DevTools for a better development experience: https://react.dev/link/react-devtools","font-weight:bold"],"stack":null}
[2026-03-28T12:55:11.906Z] {"timestamp":1774702511415,"level":"ERROR","args":[{"type":"UncaughtError","message":"Uncaught SyntaxError: Unexpected token '<'","filename":"http://localhost:3000/umami","lineno":1,"colno":1,"stack":"SyntaxError: Unexpected token '<'"}],"stack":"SyntaxError: Unexpected token '<'"}
[2026-03-28T12:55:18.926Z] {"timestamp":1774702516919,"level":"DEBUG","args":["[Manus] Debug collector initialized (no rrweb, UI events only)"],"stack":null}
[2026-03-28T12:55:18.926Z] {"timestamp":1774702516965,"level":"DEBUG","args":["[vite] connected."],"stack":null}
[2026-03-28T12:55:18.926Z] {"timestamp":1774702517135,"level":"INFO","args":["%cDownload the React DevTools for a better development experience: https://react.dev/link/react-devtools","font-weight:bold"],"stack":null}
[2026-03-28T12:55:18.926Z] {"timestamp":1774702517196,"level":"ERROR","args":[{"type":"UncaughtError","message":"Uncaught SyntaxError: Unexpected token '<'","filename":"http://localhost:3000/umami","lineno":1,"colno":1,"stack":"SyntaxError: Unexpected token '<'"}],"stack":"SyntaxError: Unexpected token '<'"}
[2026-03-28T12:55:21.390Z] {"timestamp":1774702519375,"level":"DEBUG","args":["[Manus] Debug collector initialized (no rrweb, UI events only)"],"stack":null}
[2026-03-28T12:55:21.390Z] {"timestamp":1774702519423,"level":"DEBUG","args":["[vite] connected."],"stack":null}
[2026-03-28T12:55:21.390Z] {"timestamp":1774702519653,"level":"INFO","args":["%cDownload the React DevTools for a better development experience: https://react.dev/link/react-devtools","font-weight:bold"],"stack":null}
[2026-03-28T12:55:21.390Z] {"timestamp":1774702519722,"level":"ERROR","args":[{"type":"UncaughtError","message":"Uncaught SyntaxError: Unexpected token '<'","filename":"http://localhost:3000/umami","lineno":1,"colno":1,"stack":"SyntaxError: Unexpected token '<'"}],"stack":"SyntaxError: Unexpected token '<'"}
[2026-03-28T12:55:25.633Z] {"timestamp":1774702523618,"level":"DEBUG","args":["[Manus] Debug collector initialized (no rrweb, UI events only)"],"stack":null}
[2026-03-28T12:55:25.633Z] {"timestamp":1774702523653,"level":"DEBUG","args":["[vite] connected."],"stack":null}
[2026-03-28T12:55:25.633Z] {"timestamp":1774702523830,"level":"INFO","args":["%cDownload the React DevTools for a better development experience: https://react.dev/link/react-devtools","font-weight:bold"],"stack":null}
[2026-03-28T12:55:25.633Z] {"timestamp":1774702523883,"level":"ERROR","args":[{"type":"UncaughtError","message":"Uncaught SyntaxError: Unexpected token '<'","filename":"http://localhost:3000/umami","lineno":1,"colno":1,"stack":"SyntaxError: Unexpected token '<'"}],"stack":"SyntaxError: Unexpected token '<'"}
[2026-03-28T12:55:28.037Z] {"timestamp":1774702526028,"level":"DEBUG","args":["[Manus] Debug collector initialized (no rrweb, UI events only)"],"stack":null}
[2026-03-28T12:55:28.037Z] {"timestamp":1774702526057,"level":"DEBUG","args":["[vite] connected."],"stack":null}
[2026-03-28T12:55:28.037Z] {"timestamp":1774702526221,"level":"INFO","args":["%cDownload the React DevTools for a better development experience: https://react.dev/link/react-devtools","font-weight:bold"],"stack":null}
[2026-03-28T12:55:28.037Z] {"timestamp":1774702526280,"level":"ERROR","args":[{"type":"UncaughtError","message":"Uncaught SyntaxError: Unexpected token '<'","filename":"http://localhost:3000/umami","lineno":1,"colno":1,"stack":"SyntaxError: Unexpected token '<'"}],"stack":"SyntaxError: Unexpected token '<'"}
[2026-03-28T12:55:30.033Z] {"timestamp":1774702529037,"level":"ERROR","args":["%o\n\n%s\n\n%s\n",{"type":"Error","message":"A <Select.Item /> must have a value prop that is not an empty string. This is because the Select value can be set to an empty string to clear the selection and show the placeholder.","stack":"Error: A <Select.Item /> must have a value prop that is not an empty string. This is because the Select value can be set to an empty string to clear the selection and show the placeholder.\n    at SelectItem (http://localhost:3000/@fs/C:/Users/User/Documents/university-registration-system/node_modules/.vite/deps/@radix-ui_react-select.js?v=887e7946:866:13)\n    at Object.react_stack_bottom_frame (http://localhost:3000/@fs/C:/Users/User/Documents/university-registration-system/node_modules/.vite/deps/react-dom_client.js?v=887e7946:18509:20)\n    at renderWithHooks (http://localhost:3000/@fs/C:/Users/User/Documents/university-registration-system/node_modules/.vite/deps/react-dom_client.js?v=887e7946:5654:24)\n    at updateForwardRef (http://localhost:3000/@fs/C:/Users/User/Documents/university-registration-system/node_modules/.vite/deps/react-dom_client.js?v=887e7946:7198:21)\n    at beginWork (http://localhost:3000/@fs/C:/Users/User/Documents/university-registration-system/node_modules/.vite/deps/react-dom_client.js?v=887e7946:8735:20)\n    at runWithFiberInDEV (http://localhost:3000/@fs/C:/Users/User/Documents/university-registration-system/node_modules/.vite/deps/react-dom_client.js?v=887e7946:997:72)\n    at performUnitOfWork (http://localhost:3000/@fs/C:/Users/User/Documents/university-registration-system/node_modules/.vite/deps/react-dom_client.js?v=887e7946:12561:98)\n    at workLoopSync (http://localhost:3000/@fs/C:/Users/User/Documents/university-registration-system/node_modules/.vite/deps/react-dom_client.js?v=887e7946:12424:43)\n    at renderRootSync (http://localhost:3000/@fs/C:/Users/User/Documents/university-registration-system/node_modules/.vite/deps/react-dom_client.js?v=887e7946:12408:13)\n    at performWorkOnRoot (http://localhost:3000/@fs/C:/Users/User/Documents/university-registration-system/node_modules/.vite/deps/react-dom_client.js?v=887e7946:11827:37)"},"The above error occurred in the <SelectItem> component.","React will try to recreate this component tree from scratch using the error boundary you provided, ErrorBoundary."],"stack":"Error\n    at console.<computed> [as error] (http://localhost:3000/__manus__/debug-collector.js:391:37)\n    at defaultOnCaughtError (http://localhost:3000/@fs/C:/Users/User/Documents/university-registration-system/node_modules/.vite/deps/react-dom_client.js?v=887e7946:7001:19)\n    at logCaughtError (http://localhost:3000/@fs/C:/Users/User/Documents/university-registration-system/node_modules/.vite/deps/react-dom_client.js?v=887e7946:7033:11)\n    at runWithFiberInDEV (http://localhost:3000/@fs/C:/Users/User/Documents/university-registration-system/node_modules/.vite/deps/react-dom_client.js?v=887e7946:997:72)\n    at update.callback (http://localhost:3000/@fs/C:/Users/User/Documents/university-registration-system/node_modules/.vite/deps/react-dom_client.js?v=887e7946:7066:13)\n    at callCallback (http://localhost:3000/@fs/C:/Users/User/Documents/university-registration-system/node_modules/.vite/deps/react-dom_client.js?v=887e7946:5491:18)\n    at commitCallbacks (http://localhost:3000/@fs/C:/Users/User/Documents/university-registration-system/node_modules/.vite/deps/react-dom_client.js?v=887e7946:5503:13)\n    at runWithFiberInDEV (http://localhost:3000/@fs/C:/Users/User/Documents/university-registration-system/node_modules/.vite/deps/react-dom_client.js?v=887e7946:997:72)\n    at commitClassCallbacks (http://localhost:3000/@fs/C:/Users/User/Documents/university-registration-system/node_modules/.vite/deps/react-dom_client.js?v=887e7946:9490:13)\n    at commitLayoutEffectOnFiber (http://localhost:3000/@fs/C:/Users/User/Documents/university-registration-system/node_modules/.vite/deps/react-dom_client.js?v=887e7946:9958:27)"}
[2026-03-28T12:58:26.084Z] {"timestamp":1774702703009,"level":"DEBUG","args":["[vite]","hot updated: /src/pages/student/Catalog.tsx"],"stack":null}
[2026-03-28T12:58:26.084Z] {"timestamp":1774702703010,"level":"DEBUG","args":["[vite]","hot updated: /src/index.css"],"stack":null}
[2026-03-28T12:58:26.084Z] {"timestamp":1774702704020,"level":"DEBUG","args":["[vite]","hot updated: /src/pages/student/Catalog.tsx"],"stack":null}
[2026-03-28T12:58:26.084Z] {"timestamp":1774702704020,"level":"DEBUG","args":["[vite]","hot updated: /src/index.css"],"stack":null}
[2026-03-28T12:59:26.098Z] {"timestamp":1774702713166,"level":"DEBUG","args":["[vite]","hot updated: /src/pages/student/Catalog.tsx"],"stack":null}
[2026-03-28T12:59:26.098Z] {"timestamp":1774702713166,"level":"DEBUG","args":["[vite]","hot updated: /src/index.css"],"stack":null}
[2026-03-28T12:59:26.098Z] {"timestamp":1774702724371,"level":"DEBUG","args":["[vite]","hot updated: /src/pages/student/Catalog.tsx"],"stack":null}
[2026-03-28T12:59:26.098Z] {"timestamp":1774702724371,"level":"DEBUG","args":["[vite]","hot updated: /src/index.css"],"stack":null}
[2026-03-28T12:59:26.098Z] {"timestamp":1774702725399,"level":"DEBUG","args":["[vite]","hot updated: /src/pages/student/Catalog.tsx"],"stack":null}
[2026-03-28T12:59:26.098Z] {"timestamp":1774702725400,"level":"DEBUG","args":["[vite]","hot updated: /src/index.css"],"stack":null}
[2026-03-28T12:59:26.098Z] {"timestamp":1774702735391,"level":"DEBUG","args":["[vite]","hot updated: /src/pages/student/Catalog.tsx"],"stack":null}
[2026-03-28T12:59:26.098Z] {"timestamp":1774702735391,"level":"DEBUG","args":["[vite]","hot updated: /src/index.css"],"stack":null}
[2026-03-28T12:59:26.098Z] {"timestamp":1774702736376,"level":"DEBUG","args":["[vite]","hot updated: /src/pages/student/Catalog.tsx"],"stack":null}
[2026-03-28T12:59:26.098Z] {"timestamp":1774702736376,"level":"DEBUG","args":["[vite]","hot updated: /src/index.css"],"stack":null}
[2026-03-28T12:59:26.098Z] {"timestamp":1774702757435,"level":"DEBUG","args":["[vite]","hot updated: /src/pages/admin/Users.tsx"],"stack":null}
[2026-03-28T12:59:26.098Z] {"timestamp":1774702757435,"level":"DEBUG","args":["[vite]","hot updated: /src/index.css"],"stack":null}
[2026-03-28T12:59:26.098Z] {"timestamp":1774702758429,"level":"DEBUG","args":["[vite]","hot updated: /src/pages/admin/Users.tsx"],"stack":null}
[2026-03-28T12:59:26.098Z] {"timestamp":1774702758429,"level":"DEBUG","args":["[vite]","hot updated: /src/index.css"],"stack":null}
[2026-03-28T13:00:26.088Z] {"timestamp":1774702768032,"level":"DEBUG","args":["[vite]","hot updated: /src/pages/admin/Users.tsx"],"stack":null}
[2026-03-28T13:00:26.088Z] {"timestamp":1774702768032,"level":"DEBUG","args":["[vite]","hot updated: /src/index.css"],"stack":null}
[2026-03-28T13:00:26.088Z] {"timestamp":1774702781997,"level":"DEBUG","args":["[vite]","hot updated: /src/pages/admin/Users.tsx"],"stack":null}
[2026-03-28T13:00:26.088Z] {"timestamp":1774702781997,"level":"DEBUG","args":["[vite]","hot updated: /src/index.css"],"stack":null}
[2026-03-28T13:00:26.088Z] {"timestamp":1774702783165,"level":"DEBUG","args":["[vite]","hot updated: /src/pages/admin/Users.tsx"],"stack":null}
[2026-03-28T13:00:26.088Z] {"timestamp":1774702783165,"level":"DEBUG","args":["[vite]","hot updated: /src/index.css"],"stack":null}
[2026-03-28T13:00:26.088Z] {"timestamp":1774702809184,"level":"DEBUG","args":["[vite]","hot updated: /src/pages/admin/Enrollments.tsx"],"stack":null}
[2026-03-28T13:00:26.088Z] {"timestamp":1774702809185,"level":"DEBUG","args":["[vite]","hot updated: /src/index.css"],"stack":null}
[2026-03-28T13:00:26.088Z] {"timestamp":1774702810831,"level":"DEBUG","args":["[vite]","hot updated: /src/pages/admin/Enrollments.tsx"],"stack":null}
[2026-03-28T13:00:26.088Z] {"timestamp":1774702810831,"level":"DEBUG","args":["[vite]","hot updated: /src/index.css"],"stack":null}
[2026-03-28T13:00:26.088Z] {"timestamp":1774702820017,"level":"DEBUG","args":["[vite]","hot updated: /src/pages/admin/Enrollments.tsx"],"stack":null}
[2026-03-28T13:00:26.088Z] {"timestamp":1774702820018,"level":"DEBUG","args":["[vite]","hot updated: /src/index.css"],"stack":null}
[2026-03-28T13:00:26.088Z] {"timestamp":1774702821618,"level":"DEBUG","args":["[vite]","hot updated: /src/pages/admin/Enrollments.tsx"],"stack":null}
[2026-03-28T13:00:26.088Z] {"timestamp":1774702821618,"level":"DEBUG","args":["[vite]","hot updated: /src/index.css"],"stack":null}
[2026-03-28T13:01:26.091Z] {"timestamp":1774702831366,"level":"DEBUG","args":["[vite]","hot updated: /src/pages/admin/Enrollments.tsx"],"stack":null}
[2026-03-28T13:01:26.091Z] {"timestamp":1774702831366,"level":"DEBUG","args":["[vite]","hot updated: /src/index.css"],"stack":null}
[2026-03-28T13:01:26.091Z] {"timestamp":1774702857037,"level":"DEBUG","args":["[vite]","hot updated: /src/pages/admin/Courses.tsx"],"stack":null}
[2026-03-28T13:01:26.091Z] {"timestamp":1774702857037,"level":"DEBUG","args":["[vite]","hot updated: /src/index.css"],"stack":null}
[2026-03-28T13:01:26.091Z] {"timestamp":1774702858718,"level":"DEBUG","args":["[vite]","hot updated: /src/pages/admin/Courses.tsx"],"stack":null}
[2026-03-28T13:01:26.091Z] {"timestamp":1774702858718,"level":"DEBUG","args":["[vite]","hot updated: /src/index.css"],"stack":null}
[2026-03-28T13:01:26.091Z] {"timestamp":1774702882706,"level":"DEBUG","args":["[vite]","hot updated: /src/pages/admin/Courses.tsx"],"stack":null}
[2026-03-28T13:01:26.091Z] {"timestamp":1774702882706,"level":"DEBUG","args":["[vite]","hot updated: /src/index.css"],"stack":null}
[2026-03-28T13:02:26.099Z] {"timestamp":1774702919093,"level":"DEBUG","args":["[vite]","hot updated: /src/index.css"],"stack":null}
[2026-03-28T13:02:26.099Z] {"timestamp":1774702920240,"level":"DEBUG","args":["[vite]","hot updated: /src/index.css"],"stack":null}
[2026-03-28T13:02:26.099Z] {"timestamp":1774702930623,"level":"DEBUG","args":["[vite]","hot updated: /src/index.css"],"stack":null}
[2026-03-28T13:03:02.127Z] {"timestamp":1774702980113,"level":"DEBUG","args":["[Manus] Debug collector initialized (no rrweb, UI events only)"],"stack":null}
[2026-03-28T13:03:02.127Z] {"timestamp":1774702980240,"level":"DEBUG","args":["[vite] connected."],"stack":null}
[2026-03-28T13:03:02.127Z] {"timestamp":1774702980438,"level":"INFO","args":["%cDownload the React DevTools for a better development experience: https://react.dev/link/react-devtools","font-weight:bold"],"stack":null}
[2026-03-28T13:03:02.127Z] {"timestamp":1774702980546,"level":"ERROR","args":[{"type":"UncaughtError","message":"Uncaught SyntaxError: Unexpected token '<'","filename":"http://localhost:3000/umami","lineno":1,"colno":1,"stack":"SyntaxError: Unexpected token '<'"}],"stack":"SyntaxError: Unexpected token '<'"}
[2026-03-28T13:03:07.617Z] {"timestamp":1774702985603,"level":"DEBUG","args":["[Manus] Debug collector initialized (no rrweb, UI events only)"],"stack":null}
[2026-03-28T13:03:07.617Z] {"timestamp":1774702985628,"level":"DEBUG","args":["[vite] connected."],"stack":null}
[2026-03-28T13:03:07.617Z] {"timestamp":1774702985791,"level":"INFO","args":["%cDownload the React DevTools for a better development experience: https://react.dev/link/react-devtools","font-weight:bold"],"stack":null}
[2026-03-28T13:03:07.617Z] {"timestamp":1774702985851,"level":"ERROR","args":[{"type":"UncaughtError","message":"Uncaught SyntaxError: Unexpected token '<'","filename":"http://localhost:3000/umami","lineno":1,"colno":1,"stack":"SyntaxError: Unexpected token '<'"}],"stack":"SyntaxError: Unexpected token '<'"}
[2026-03-28T13:03:33.351Z] {"timestamp":1774703011343,"level":"DEBUG","args":["[Manus] Debug collector initialized (no rrweb, UI events only)"],"stack":null}
[2026-03-28T13:03:33.351Z] {"timestamp":1774703011372,"level":"DEBUG","args":["[vite] connected."],"stack":null}
[2026-03-28T13:03:33.351Z] {"timestamp":1774703011542,"level":"INFO","args":["%cDownload the React DevTools for a better development experience: https://react.dev/link/react-devtools","font-weight:bold"],"stack":null}
[2026-03-28T13:03:33.351Z] {"timestamp":1774703011597,"level":"ERROR","args":[{"type":"UncaughtError","message":"Uncaught SyntaxError: Unexpected token '<'","filename":"http://localhost:3000/umami","lineno":1,"colno":1,"stack":"SyntaxError: Unexpected token '<'"}],"stack":"SyntaxError: Unexpected token '<'"}
[2026-03-28T13:03:37.273Z] {"timestamp":1774703015248,"level":"DEBUG","args":["[Manus] Debug collector initialized (no rrweb, UI events only)"],"stack":null}
[2026-03-28T13:03:37.273Z] {"timestamp":1774703015264,"level":"DEBUG","args":["[vite] connected."],"stack":null}
[2026-03-28T13:03:37.273Z] {"timestamp":1774703015464,"level":"INFO","args":["%cDownload the React DevTools for a better development experience: https://react.dev/link/react-devtools","font-weight:bold"],"stack":null}
[2026-03-28T13:03:37.273Z] {"timestamp":1774703015529,"level":"ERROR","args":[{"type":"UncaughtError","message":"Uncaught SyntaxError: Unexpected token '<'","filename":"http://localhost:3000/umami","lineno":1,"colno":1,"stack":"SyntaxError: Unexpected token '<'"}],"stack":"SyntaxError: Unexpected token '<'"}
[2026-03-28T13:07:06.093Z] {"timestamp":1774703223657,"level":"DEBUG","args":["[Manus] Debug collector initialized (no rrweb, UI events only)"],"stack":null}
[2026-03-28T13:07:06.093Z] {"timestamp":1774703224069,"level":"DEBUG","args":["[vite] connected."],"stack":null}
[2026-03-28T13:07:06.093Z] {"timestamp":1774703224985,"level":"INFO","args":["%cDownload the React DevTools for a better development experience: https://react.dev/link/react-devtools","font-weight:bold"],"stack":null}
[2026-03-28T13:07:06.093Z] {"timestamp":1774703225096,"level":"ERROR","args":[{"type":"UncaughtError","message":"Uncaught SyntaxError: Unexpected token '<'","filename":"http://localhost:3000/umami","lineno":1,"colno":1,"stack":"SyntaxError: Unexpected token '<'"}],"stack":"SyntaxError: Unexpected token '<'"}
[2026-03-28T13:07:38.167Z] {"timestamp":1774703245562,"level":"LOG","args":["[vite] server connection lost. Polling for restart..."],"stack":null}
[2026-03-28T13:15:55.236Z] {"timestamp":1774703752753,"level":"DEBUG","args":["[Manus] Debug collector initialized (no rrweb, UI events only)"],"stack":null}
[2026-03-28T13:15:55.236Z] {"timestamp":1774703752821,"level":"DEBUG","args":["[vite] connected."],"stack":null}
[2026-03-28T13:15:57.092Z] {"timestamp":1774703756030,"level":"INFO","args":["%cDownload the React DevTools for a better development experience: https://react.dev/link/react-devtools","font-weight:bold"],"stack":null}
[2026-03-28T13:15:57.093Z] {"timestamp":1774703756234,"level":"ERROR","args":[{"type":"UncaughtError","message":"Uncaught SyntaxError: Unexpected token '<'","filename":"http://localhost:3000/umami","lineno":1,"colno":1,"stack":"SyntaxError: Unexpected token '<'"}],"stack":"SyntaxError: Unexpected token '<'"}
[2026-03-28T13:24:48.959Z] {"timestamp":1774703980507,"level":"LOG","args":["[vite] server connection lost. Polling for restart..."],"stack":null}
[2026-03-28T13:24:54.364Z] {"timestamp":1774704291460,"level":"DEBUG","args":["[Manus] Debug collector initialized (no rrweb, UI events only)"],"stack":null}
[2026-03-28T13:24:54.364Z] {"timestamp":1774704291654,"level":"DEBUG","args":["[vite] connected."],"stack":null}
[2026-03-28T13:24:56.300Z] {"timestamp":1774704296092,"level":"INFO","args":["%cDownload the React DevTools for a better development experience: https://react.dev/link/react-devtools","font-weight:bold"],"stack":null}
[2026-03-28T13:24:56.300Z] {"timestamp":1774704296200,"level":"ERROR","args":[{"type":"UncaughtError","message":"Uncaught SyntaxError: Unexpected token '<'","filename":"http://localhost:3000/umami","lineno":1,"colno":1,"stack":"SyntaxError: Unexpected token '<'"}],"stack":"SyntaxError: Unexpected token '<'"}
[2026-03-28T13:25:00.092Z] {"timestamp":1774704297130,"level":"DEBUG","args":["[Manus] Debug collector initialized (no rrweb, UI events only)"],"stack":null}
[2026-03-28T13:25:00.092Z] {"timestamp":1774704297160,"level":"DEBUG","args":["[vite] connected."],"stack":null}
[2026-03-28T13:25:00.092Z] {"timestamp":1774704297385,"level":"INFO","args":["%cDownload the React DevTools for a better development experience: https://react.dev/link/react-devtools","font-weight:bold"],"stack":null}
[2026-03-28T13:25:00.092Z] {"timestamp":1774704297452,"level":"ERROR","args":[{"type":"UncaughtError","message":"Uncaught SyntaxError: Unexpected token '<'","filename":"http://localhost:3000/umami","lineno":1,"colno":1,"stack":"SyntaxError: Unexpected token '<'"}],"stack":"SyntaxError: Unexpected token '<'"}
[2026-03-28T13:26:33.426Z] {"timestamp":1774704391405,"level":"DEBUG","args":["[Manus] Debug collector initialized (no rrweb, UI events only)"],"stack":null}
[2026-03-28T13:26:33.426Z] {"timestamp":1774704391452,"level":"DEBUG","args":["[vite] connected."],"stack":null}
[2026-03-28T13:26:33.426Z] {"timestamp":1774704391607,"level":"INFO","args":["%cDownload the React DevTools for a better development experience: https://react.dev/link/react-devtools","font-weight:bold"],"stack":null}
[2026-03-28T13:26:33.426Z] {"timestamp":1774704391667,"level":"ERROR","args":[{"type":"UncaughtError","message":"Uncaught SyntaxError: Unexpected token '<'","filename":"http://localhost:3000/umami","lineno":1,"colno":1,"stack":"SyntaxError: Unexpected token '<'"}],"stack":"SyntaxError: Unexpected token '<'"}
[2026-03-28T13:32:17.494Z] {"timestamp":1774704732977,"level":"DEBUG","args":["[Manus] Debug collector initialized (no rrweb, UI events only)"],"stack":null}
[2026-03-28T13:32:17.494Z] {"timestamp":1774704733064,"level":"DEBUG","args":["[vite] connected."],"stack":null}
[2026-03-28T13:32:18.995Z] {"timestamp":1774704738207,"level":"INFO","args":["%cDownload the React DevTools for a better development experience: https://react.dev/link/react-devtools","font-weight:bold"],"stack":null}
[2026-03-28T13:32:18.995Z] {"timestamp":1774704738331,"level":"ERROR","args":[{"type":"UncaughtError","message":"Uncaught SyntaxError: Unexpected token '<'","filename":"http://localhost:3000/umami","lineno":1,"colno":1,"stack":"SyntaxError: Unexpected token '<'"}],"stack":"SyntaxError: Unexpected token '<'"}
[2026-03-28T13:32:24.652Z] {"timestamp":1774704742633,"level":"DEBUG","args":["[Manus] Debug collector initialized (no rrweb, UI events only)"],"stack":null}
[2026-03-28T13:32:24.652Z] {"timestamp":1774704742653,"level":"DEBUG","args":["[vite] connected."],"stack":null}
[2026-03-28T13:32:24.652Z] {"timestamp":1774704742841,"level":"INFO","args":["%cDownload the React DevTools for a better development experience: https://react.dev/link/react-devtools","font-weight:bold"],"stack":null}
[2026-03-28T13:32:24.652Z] {"timestamp":1774704742912,"level":"ERROR","args":[{"type":"UncaughtError","message":"Uncaught SyntaxError: Unexpected token '<'","filename":"http://localhost:3000/umami","lineno":1,"colno":1,"stack":"SyntaxError: Unexpected token '<'"}],"stack":"SyntaxError: Unexpected token '<'"}
[2026-03-28T13:32:50.643Z] {"timestamp":1774704770247,"level":"ERROR","args":["[API Mutation Error]",{"type":"Error","message":"Email already registered","stack":"TRPCClientError: Email already registered\n    at TRPCClientError2.from (http://localhost:3000/@fs/C:/Users/User/Documents/university-registration-system/node_modules/.vite/deps/chunk-CKY6MJWX.js?v=887e7946:2029:44)\n    at http://localhost:3000/@fs/C:/Users/User/Documents/university-registration-system/node_modules/.vite/deps/chunk-CKY6MJWX.js?v=887e7946:2423:44"}],"stack":"Error\n    at console.<computed> [as error] (http://localhost:3000/__manus__/debug-collector.js:391:37)\n    at http://localhost:3000/src/main.tsx?v=8j8bVdzRD8uym2trJO7qf:30:13\n    at http://localhost:3000/@fs/C:/Users/User/Documents/university-registration-system/node_modules/.vite/deps/chunk-NCYC6RU2.js?v=887e7946:2247:9\n    at Set.forEach (<anonymous>)\n    at http://localhost:3000/@fs/C:/Users/User/Documents/university-registration-system/node_modules/.vite/deps/chunk-NCYC6RU2.js?v=887e7946:2246:22\n    at Object.batch (http://localhost:3000/@fs/C:/Users/User/Documents/university-registration-system/node_modules/.vite/deps/chunk-NCYC6RU2.js?v=887e7946:606:18)\n    at MutationCache.notify (http://localhost:3000/@fs/C:/Users/User/Documents/university-registration-system/node_modules/.vite/deps/chunk-NCYC6RU2.js?v=887e7946:2245:19)\n    at http://localhost:3000/@fs/C:/Users/User/Documents/university-registration-system/node_modules/.vite/deps/chunk-NCYC6RU2.js?v=887e7946:2125:27\n    at Object.batch (http://localhost:3000/@fs/C:/Users/User/Documents/university-registration-system/node_modules/.vite/deps/chunk-NCYC6RU2.js?v=887e7946:606:18)\n    at #dispatch (http://localhost:3000/@fs/C:/Users/User/Documents/university-registration-system/node_modules/.vite/deps/chunk-NCYC6RU2.js?v=887e7946:2121:19)"}
[2026-03-28T13:32:56.654Z] {"timestamp":1774704775959,"level":"ERROR","args":["[API Mutation Error]",{"type":"Error","message":"Invalid email or password","stack":"TRPCClientError: Invalid email or password\n    at TRPCClientError2.from (http://localhost:3000/@fs/C:/Users/User/Documents/university-registration-system/node_modules/.vite/deps/chunk-CKY6MJWX.js?v=887e7946:2029:44)\n    at http://localhost:3000/@fs/C:/Users/User/Documents/university-registration-system/node_modules/.vite/deps/chunk-CKY6MJWX.js?v=887e7946:2423:44"}],"stack":"Error\n    at console.<computed> [as error] (http://localhost:3000/__manus__/debug-collector.js:391:37)\n    at http://localhost:3000/src/main.tsx?v=8j8bVdzRD8uym2trJO7qf:30:13\n    at http://localhost:3000/@fs/C:/Users/User/Documents/university-registration-system/node_modules/.vite/deps/chunk-NCYC6RU2.js?v=887e7946:2247:9\n    at Set.forEach (<anonymous>)\n    at http://localhost:3000/@fs/C:/Users/User/Documents/university-registration-system/node_modules/.vite/deps/chunk-NCYC6RU2.js?v=887e7946:2246:22\n    at Object.batch (http://localhost:3000/@fs/C:/Users/User/Documents/university-registration-system/node_modules/.vite/deps/chunk-NCYC6RU2.js?v=887e7946:606:18)\n    at MutationCache.notify (http://localhost:3000/@fs/C:/Users/User/Documents/university-registration-system/node_modules/.vite/deps/chunk-NCYC6RU2.js?v=887e7946:2245:19)\n    at http://localhost:3000/@fs/C:/Users/User/Documents/university-registration-system/node_modules/.vite/deps/chunk-NCYC6RU2.js?v=887e7946:2125:27\n    at Object.batch (http://localhost:3000/@fs/C:/Users/User/Documents/university-registration-system/node_modules/.vite/deps/chunk-NCYC6RU2.js?v=887e7946:606:18)\n    at #dispatch (http://localhost:3000/@fs/C:/Users/User/Documents/university-registration-system/node_modules/.vite/deps/chunk-NCYC6RU2.js?v=887e7946:2121:19)"}
[2026-03-28T13:33:12.643Z] {"timestamp":1774704790949,"level":"ERROR","args":["[API Mutation Error]",{"type":"Error","message":"Invalid email or password","stack":"TRPCClientError: Invalid email or password\n    at TRPCClientError2.from (http://localhost:3000/@fs/C:/Users/User/Documents/university-registration-system/node_modules/.vite/deps/chunk-CKY6MJWX.js?v=887e7946:2029:44)\n    at http://localhost:3000/@fs/C:/Users/User/Documents/university-registration-system/node_modules/.vite/deps/chunk-CKY6MJWX.js?v=887e7946:2423:44"}],"stack":"Error\n    at console.<computed> [as error] (http://localhost:3000/__manus__/debug-collector.js:391:37)\n    at http://localhost:3000/src/main.tsx?v=8j8bVdzRD8uym2trJO7qf:30:13\n    at http://localhost:3000/@fs/C:/Users/User/Documents/university-registration-system/node_modules/.vite/deps/chunk-NCYC6RU2.js?v=887e7946:2247:9\n    at Set.forEach (<anonymous>)\n    at http://localhost:3000/@fs/C:/Users/User/Documents/university-registration-system/node_modules/.vite/deps/chunk-NCYC6RU2.js?v=887e7946:2246:22\n    at Object.batch (http://localhost:3000/@fs/C:/Users/User/Documents/university-registration-system/node_modules/.vite/deps/chunk-NCYC6RU2.js?v=887e7946:606:18)\n    at MutationCache.notify (http://localhost:3000/@fs/C:/Users/User/Documents/university-registration-system/node_modules/.vite/deps/chunk-NCYC6RU2.js?v=887e7946:2245:19)\n    at http://localhost:3000/@fs/C:/Users/User/Documents/university-registration-system/node_modules/.vite/deps/chunk-NCYC6RU2.js?v=887e7946:2125:27\n    at Object.batch (http://localhost:3000/@fs/C:/Users/User/Documents/university-registration-system/node_modules/.vite/deps/chunk-NCYC6RU2.js?v=887e7946:606:18)\n    at #dispatch (http://localhost:3000/@fs/C:/Users/User/Documents/university-registration-system/node_modules/.vite/deps/chunk-NCYC6RU2.js?v=887e7946:2121:19)"}
[2026-03-28T13:33:18.648Z] {"timestamp":1774704796907,"level":"ERROR","args":["[API Mutation Error]",{"type":"Error","message":"Email already registered","stack":"TRPCClientError: Email already registered\n    at TRPCClientError2.from (http://localhost:3000/@fs/C:/Users/User/Documents/university-registration-system/node_modules/.vite/deps/chunk-CKY6MJWX.js?v=887e7946:2029:44)\n    at http://localhost:3000/@fs/C:/Users/User/Documents/university-registration-system/node_modules/.vite/deps/chunk-CKY6MJWX.js?v=887e7946:2423:44"}],"stack":"Error\n    at console.<computed> [as error] (http://localhost:3000/__manus__/debug-collector.js:391:37)\n    at http://localhost:3000/src/main.tsx?v=8j8bVdzRD8uym2trJO7qf:30:13\n    at http://localhost:3000/@fs/C:/Users/User/Documents/university-registration-system/node_modules/.vite/deps/chunk-NCYC6RU2.js?v=887e7946:2247:9\n    at Set.forEach (<anonymous>)\n    at http://localhost:3000/@fs/C:/Users/User/Documents/university-registration-system/node_modules/.vite/deps/chunk-NCYC6RU2.js?v=887e7946:2246:22\n    at Object.batch (http://localhost:3000/@fs/C:/Users/User/Documents/university-registration-system/node_modules/.vite/deps/chunk-NCYC6RU2.js?v=887e7946:606:18)\n    at MutationCache.notify (http://localhost:3000/@fs/C:/Users/User/Documents/university-registration-system/node_modules/.vite/deps/chunk-NCYC6RU2.js?v=887e7946:2245:19)\n    at http://localhost:3000/@fs/C:/Users/User/Documents/university-registration-system/node_modules/.vite/deps/chunk-NCYC6RU2.js?v=887e7946:2125:27\n    at Object.batch (http://localhost:3000/@fs/C:/Users/User/Documents/university-registration-system/node_modules/.vite/deps/chunk-NCYC6RU2.js?v=887e7946:606:18)\n    at #dispatch (http://localhost:3000/@fs/C:/Users/User/Documents/university-registration-system/node_modules/.vite/deps/chunk-NCYC6RU2.js?v=887e7946:2121:19)"}
[2026-03-28T13:35:26.210Z] {"timestamp":1774704915298,"level":"LOG","args":["[vite] server connection lost. Polling for restart..."],"stack":null}
[2026-03-28T13:39:45.292Z] {"timestamp":1774705182230,"level":"DEBUG","args":["[Manus] Debug collector initialized (no rrweb, UI events only)"],"stack":null}
[2026-03-28T13:39:45.292Z] {"timestamp":1774705182338,"level":"DEBUG","args":["[vite] connected."],"stack":null}
[2026-03-28T13:39:49.093Z] {"timestamp":1774705187349,"level":"INFO","args":["%cDownload the React DevTools for a better development experience: https://react.dev/link/react-devtools","font-weight:bold"],"stack":null}
[2026-03-28T13:39:49.093Z] {"timestamp":1774705187451,"level":"ERROR","args":[{"type":"UncaughtError","message":"Uncaught SyntaxError: Unexpected token '<'","filename":"http://localhost:3000/umami","lineno":1,"colno":1,"stack":"SyntaxError: Unexpected token '<'"}],"stack":"SyntaxError: Unexpected token '<'"}
[2026-03-28T13:40:20.071Z] {"timestamp":1774705218058,"level":"DEBUG","args":["[Manus] Debug collector initialized (no rrweb, UI events only)"],"stack":null}
[2026-03-28T13:40:20.071Z] {"timestamp":1774705218141,"level":"DEBUG","args":["[vite] connected."],"stack":null}
[2026-03-28T13:40:20.071Z] {"timestamp":1774705218250,"level":"INFO","args":["%cDownload the React DevTools for a better development experience: https://react.dev/link/react-devtools","font-weight:bold"],"stack":null}
[2026-03-28T13:40:20.071Z] {"timestamp":1774705218303,"level":"ERROR","args":[{"type":"UncaughtError","message":"Uncaught SyntaxError: Unexpected token '<'","filename":"http://localhost:3000/umami","lineno":1,"colno":1,"stack":"SyntaxError: Unexpected token '<'"}],"stack":"SyntaxError: Unexpected token '<'"}
[2026-03-28T13:40:33.842Z] {"timestamp":1774705231821,"level":"DEBUG","args":["[Manus] Debug collector initialized (no rrweb, UI events only)"],"stack":null}
[2026-03-28T13:40:33.842Z] {"timestamp":1774705231869,"level":"DEBUG","args":["[vite] connected."],"stack":null}
[2026-03-28T13:40:33.842Z] {"timestamp":1774705232021,"level":"INFO","args":["%cDownload the React DevTools for a better development experience: https://react.dev/link/react-devtools","font-weight:bold"],"stack":null}
[2026-03-28T13:40:33.842Z] {"timestamp":1774705232080,"level":"ERROR","args":[{"type":"UncaughtError","message":"Uncaught SyntaxError: Unexpected token '<'","filename":"http://localhost:3000/umami","lineno":1,"colno":1,"stack":"SyntaxError: Unexpected token '<'"}],"stack":"SyntaxError: Unexpected token '<'"}
[2026-03-28T13:40:46.372Z] {"timestamp":1774705244357,"level":"DEBUG","args":["[Manus] Debug collector initialized (no rrweb, UI events only)"],"stack":null}
[2026-03-28T13:40:46.372Z] {"timestamp":1774705244384,"level":"DEBUG","args":["[vite] connected."],"stack":null}
[2026-03-28T13:40:46.372Z] {"timestamp":1774705244586,"level":"INFO","args":["%cDownload the React DevTools for a better development experience: https://react.dev/link/react-devtools","font-weight:bold"],"stack":null}
[2026-03-28T13:40:46.373Z] {"timestamp":1774705244652,"level":"ERROR","args":[{"type":"UncaughtError","message":"Uncaught SyntaxError: Unexpected token '<'","filename":"http://localhost:3000/umami","lineno":1,"colno":1,"stack":"SyntaxError: Unexpected token '<'"}],"stack":"SyntaxError: Unexpected token '<'"}
[2026-03-28T13:57:57.480Z] {"timestamp":1774706227162,"level":"ERROR","args":["[API Mutation Error]",{"type":"Error","message":"Failed to fetch","stack":"TRPCClientError: Failed to fetch\n    at TRPCClientError2.from (http://localhost:3000/@fs/C:/Users/User/Documents/university-registration-system/node_modules/.vite/deps/chunk-CKY6MJWX.js?v=887e7946:2030:12)\n    at http://localhost:3000/@fs/C:/Users/User/Documents/university-registration-system/node_modules/.vite/deps/chunk-CKY6MJWX.js?v=887e7946:2432:42"}],"stack":"Error\n    at console.<computed> [as error] (http://localhost:3000/__manus__/debug-collector.js:391:37)\n    at http://localhost:3000/src/main.tsx?v=8Z31BLh5Cxk5SosxHf9vj:30:13\n    at http://localhost:3000/@fs/C:/Users/User/Documents/university-registration-system/node_modules/.vite/deps/chunk-NCYC6RU2.js?v=887e7946:2247:9\n    at Set.forEach (<anonymous>)\n    at http://localhost:3000/@fs/C:/Users/User/Documents/university-registration-system/node_modules/.vite/deps/chunk-NCYC6RU2.js?v=887e7946:2246:22\n    at Object.batch (http://localhost:3000/@fs/C:/Users/User/Documents/university-registration-system/node_modules/.vite/deps/chunk-NCYC6RU2.js?v=887e7946:606:18)\n    at MutationCache.notify (http://localhost:3000/@fs/C:/Users/User/Documents/university-registration-system/node_modules/.vite/deps/chunk-NCYC6RU2.js?v=887e7946:2245:19)\n    at http://localhost:3000/@fs/C:/Users/User/Documents/university-registration-system/node_modules/.vite/deps/chunk-NCYC6RU2.js?v=887e7946:2125:27\n    at Object.batch (http://localhost:3000/@fs/C:/Users/User/Documents/university-registration-system/node_modules/.vite/deps/chunk-NCYC6RU2.js?v=887e7946:606:18)\n    at #dispatch (http://localhost:3000/@fs/C:/Users/User/Documents/university-registration-system/node_modules/.vite/deps/chunk-NCYC6RU2.js?v=887e7946:2121:19)"}
[2026-03-28T13:57:57.480Z] {"timestamp":1774706200818,"level":"DEBUG","args":["[Manus] Debug collector initialized (no rrweb, UI events only)"],"stack":null}
[2026-03-28T13:57:57.480Z] {"timestamp":1774706201063,"level":"INFO","args":["%cDownload the React DevTools for a better development experience: https://react.dev/link/react-devtools","font-weight:bold"],"stack":null}
[2026-03-28T13:57:57.480Z] {"timestamp":1774706201160,"level":"ERROR","args":[{"type":"UncaughtError","message":"Uncaught SyntaxError: Unexpected token '<'","filename":"http://localhost:3000/umami","lineno":1,"colno":1,"stack":"SyntaxError: Unexpected token '<'"}],"stack":"SyntaxError: Unexpected token '<'"}
[2026-03-28T13:57:57.480Z] {"timestamp":1774706203601,"level":"ERROR","args":["[API Query Error]",{"type":"Error","message":"Failed to fetch","stack":"TRPCClientError: Failed to fetch\n    at TRPCClientError2.from (http://localhost:3000/@fs/C:/Users/User/Documents/university-registration-system/node_modules/.vite/deps/chunk-CKY6MJWX.js?v=887e7946:2030:12)\n    at http://localhost:3000/@fs/C:/Users/User/Documents/university-registration-system/node_modules/.vite/deps/chunk-CKY6MJWX.js?v=887e7946:2432:42"}],"stack":"Error\n    at console.<computed> [as error] (http://localhost:3000/__manus__/debug-collector.js:391:37)\n    at http://localhost:3000/src/main.tsx?v=8Z31BLh5Cxk5SosxHf9vj:23:13\n    at http://localhost:3000/@fs/C:/Users/User/Documents/university-registration-system/node_modules/.vite/deps/chunk-NCYC6RU2.js?v=887e7946:2645:9\n    at Set.forEach (<anonymous>)\n    at http://localhost:3000/@fs/C:/Users/User/Documents/university-registration-system/node_modules/.vite/deps/chunk-NCYC6RU2.js?v=887e7946:2644:22\n    at Object.batch (http://localhost:3000/@fs/C:/Users/User/Documents/university-registration-system/node_modules/.vite/deps/chunk-NCYC6RU2.js?v=887e7946:606:18)\n    at QueryCache.notify (http://localhost:3000/@fs/C:/Users/User/Documents/university-registration-system/node_modules/.vite/deps/chunk-NCYC6RU2.js?v=887e7946:2643:19)\n    at http://localhost:3000/@fs/C:/Users/User/Documents/university-registration-system/node_modules/.vite/deps/chunk-NCYC6RU2.js?v=887e7946:1226:19\n    at Object.batch (http://localhost:3000/@fs/C:/Users/User/Documents/university-registration-system/node_modules/.vite/deps/chunk-NCYC6RU2.js?v=887e7946:606:18)\n    at #dispatch (http://localhost:3000/@fs/C:/Users/User/Documents/university-registration-system/node_modules/.vite/deps/chunk-NCYC6RU2.js?v=887e7946:1222:19)"}
[2026-03-28T13:57:57.480Z] {"timestamp":1774706205514,"level":"ERROR","args":["[vite] failed to connect to websocket.\nyour current setup:\n  (browser) localhost:3000/ <--[HTTP]--> localhost:5173/ (server)\n  (browser) localhost:3000/ <--[WebSocket (failing)]--> localhost:5173/ (server)\nCheck out your Vite / network configuration and https://vite.dev/config/server-options.html#server-hmr ."],"stack":"Error\n    at console.<computed> [as error] (http://localhost:3000/__manus__/debug-collector.js:391:37)\n    at Object.connect (http://localhost:3000/@vite/client:765:16)\n    at async Object.connect (http://localhost:3000/@vite/client:381:5)"}
[2026-03-28T13:57:57.480Z] {"timestamp":1774706209182,"level":"ERROR","args":["[API Mutation Error]",{"type":"Error","message":"Failed to fetch","stack":"TRPCClientError: Failed to fetch\n    at TRPCClientError2.from (http://localhost:3000/@fs/C:/Users/User/Documents/university-registration-system/node_modules/.vite/deps/chunk-CKY6MJWX.js?v=887e7946:2030:12)\n    at http://localhost:3000/@fs/C:/Users/User/Documents/university-registration-system/node_modules/.vite/deps/chunk-CKY6MJWX.js?v=887e7946:2432:42"}],"stack":"Error\n    at console.<computed> [as error] (http://localhost:3000/__manus__/debug-collector.js:391:37)\n    at http://localhost:3000/src/main.tsx?v=8Z31BLh5Cxk5SosxHf9vj:30:13\n    at http://localhost:3000/@fs/C:/Users/User/Documents/university-registration-system/node_modules/.vite/deps/chunk-NCYC6RU2.js?v=887e7946:2247:9\n    at Set.forEach (<anonymous>)\n    at http://localhost:3000/@fs/C:/Users/User/Documents/university-registration-system/node_modules/.vite/deps/chunk-NCYC6RU2.js?v=887e7946:2246:22\n    at Object.batch (http://localhost:3000/@fs/C:/Users/User/Documents/university-registration-system/node_modules/.vite/deps/chunk-NCYC6RU2.js?v=887e7946:606:18)\n    at MutationCache.notify (http://localhost:3000/@fs/C:/Users/User/Documents/university-registration-system/node_modules/.vite/deps/chunk-NCYC6RU2.js?v=887e7946:2245:19)\n    at http://localhost:3000/@fs/C:/Users/User/Documents/university-registration-system/node_modules/.vite/deps/chunk-NCYC6RU2.js?v=887e7946:2125:27\n    at Object.batch (http://localhost:3000/@fs/C:/Users/User/Documents/university-registration-system/node_modules/.vite/deps/chunk-NCYC6RU2.js?v=887e7946:606:18)\n    at #dispatch (http://localhost:3000/@fs/C:/Users/User/Documents/university-registration-system/node_modules/.vite/deps/chunk-NCYC6RU2.js?v=887e7946:2121:19)"}
[2026-03-28T13:57:57.480Z] {"timestamp":1774706213180,"level":"ERROR","args":["[API Mutation Error]",{"type":"Error","message":"Failed to fetch","stack":"TRPCClientError: Failed to fetch\n    at TRPCClientError2.from (http://localhost:3000/@fs/C:/Users/User/Documents/university-registration-system/node_modules/.vite/deps/chunk-CKY6MJWX.js?v=887e7946:2030:12)\n    at http://localhost:3000/@fs/C:/Users/User/Documents/university-registration-system/node_modules/.vite/deps/chunk-CKY6MJWX.js?v=887e7946:2432:42"}],"stack":"Error\n    at console.<computed> [as error] (http://localhost:3000/__manus__/debug-collector.js:391:37)\n    at http://localhost:3000/src/main.tsx?v=8Z31BLh5Cxk5SosxHf9vj:30:13\n    at http://localhost:3000/@fs/C:/Users/User/Documents/university-registration-system/node_modules/.vite/deps/chunk-NCYC6RU2.js?v=887e7946:2247:9\n    at Set.forEach (<anonymous>)\n    at http://localhost:3000/@fs/C:/Users/User/Documents/university-registration-system/node_modules/.vite/deps/chunk-NCYC6RU2.js?v=887e7946:2246:22\n    at Object.batch (http://localhost:3000/@fs/C:/Users/User/Documents/university-registration-system/node_modules/.vite/deps/chunk-NCYC6RU2.js?v=887e7946:606:18)\n    at MutationCache.notify (http://localhost:3000/@fs/C:/Users/User/Documents/university-registration-system/node_modules/.vite/deps/chunk-NCYC6RU2.js?v=887e7946:2245:19)\n    at http://localhost:3000/@fs/C:/Users/User/Documents/university-registration-system/node_modules/.vite/deps/chunk-NCYC6RU2.js?v=887e7946:2125:27\n    at Object.batch (http://localhost:3000/@fs/C:/Users/User/Documents/university-registration-system/node_modules/.vite/deps/chunk-NCYC6RU2.js?v=887e7946:606:18)\n    at #dispatch (http://localhost:3000/@fs/C:/Users/User/Documents/university-registration-system/node_modules/.vite/deps/chunk-NCYC6RU2.js?v=887e7946:2121:19)"}
[2026-03-28T13:58:44.892Z] {"timestamp":1774706314890,"level":"ERROR","args":["[API Mutation Error]",{"type":"Error","message":"Failed to fetch","stack":"TRPCClientError: Failed to fetch\n    at TRPCClientError2.from (http://localhost:3000/@fs/C:/Users/User/Documents/university-registration-system/node_modules/.vite/deps/chunk-CKY6MJWX.js?v=887e7946:2030:12)\n    at http://localhost:3000/@fs/C:/Users/User/Documents/university-registration-system/node_modules/.vite/deps/chunk-CKY6MJWX.js?v=887e7946:2432:42"}],"stack":"Error\n    at console.<computed> [as error] (http://localhost:3000/__manus__/debug-collector.js:391:37)\n    at http://localhost:3000/src/main.tsx?v=8Z31BLh5Cxk5SosxHf9vj:30:13\n    at http://localhost:3000/@fs/C:/Users/User/Documents/university-registration-system/node_modules/.vite/deps/chunk-NCYC6RU2.js?v=887e7946:2247:9\n    at Set.forEach (<anonymous>)\n    at http://localhost:3000/@fs/C:/Users/User/Documents/university-registration-system/node_modules/.vite/deps/chunk-NCYC6RU2.js?v=887e7946:2246:22\n    at Object.batch (http://localhost:3000/@fs/C:/Users/User/Documents/university-registration-system/node_modules/.vite/deps/chunk-NCYC6RU2.js?v=887e7946:606:18)\n    at MutationCache.notify (http://localhost:3000/@fs/C:/Users/User/Documents/university-registration-system/node_modules/.vite/deps/chunk-NCYC6RU2.js?v=887e7946:2245:19)\n    at http://localhost:3000/@fs/C:/Users/User/Documents/university-registration-system/node_modules/.vite/deps/chunk-NCYC6RU2.js?v=887e7946:2125:27\n    at Object.batch (http://localhost:3000/@fs/C:/Users/User/Documents/university-registration-system/node_modules/.vite/deps/chunk-NCYC6RU2.js?v=887e7946:606:18)\n    at #dispatch (http://localhost:3000/@fs/C:/Users/User/Documents/university-registration-system/node_modules/.vite/deps/chunk-NCYC6RU2.js?v=887e7946:2121:19)"}
[2026-03-28T14:05:40.037Z] {"timestamp":1774706737091,"level":"DEBUG","args":["[Manus] Debug collector initialized (no rrweb, UI events only)"],"stack":null}
[2026-03-28T14:05:40.037Z] {"timestamp":1774706737172,"level":"DEBUG","args":["[vite] connected."],"stack":null}
[2026-03-28T14:05:41.100Z] {"timestamp":1774706740410,"level":"INFO","args":["%cDownload the React DevTools for a better development experience: https://react.dev/link/react-devtools","font-weight:bold"],"stack":null}
[2026-03-28T14:05:41.100Z] {"timestamp":1774706740510,"level":"ERROR","args":[{"type":"UncaughtError","message":"Uncaught SyntaxError: Unexpected token '<'","filename":"http://localhost:3000/umami","lineno":1,"colno":1,"stack":"SyntaxError: Unexpected token '<'"}],"stack":"SyntaxError: Unexpected token '<'"}
[2026-03-28T14:05:47.036Z] {"timestamp":1774706745020,"level":"DEBUG","args":["[Manus] Debug collector initialized (no rrweb, UI events only)"],"stack":null}
[2026-03-28T14:05:47.036Z] {"timestamp":1774706745083,"level":"DEBUG","args":["[vite] connected."],"stack":null}
[2026-03-28T14:05:47.036Z] {"timestamp":1774706745237,"level":"INFO","args":["%cDownload the React DevTools for a better development experience: https://react.dev/link/react-devtools","font-weight:bold"],"stack":null}
[2026-03-28T14:05:47.036Z] {"timestamp":1774706745305,"level":"ERROR","args":[{"type":"UncaughtError","message":"Uncaught SyntaxError: Unexpected token '<'","filename":"http://localhost:3000/umami","lineno":1,"colno":1,"stack":"SyntaxError: Unexpected token '<'"}],"stack":"SyntaxError: Unexpected token '<'"}
[2026-03-28T14:05:55.365Z] {"timestamp":1774706753349,"level":"DEBUG","args":["[Manus] Debug collector initialized (no rrweb, UI events only)"],"stack":null}
[2026-03-28T14:05:55.365Z] {"timestamp":1774706753376,"level":"DEBUG","args":["[vite] connected."],"stack":null}
[2026-03-28T14:05:55.365Z] {"timestamp":1774706753528,"level":"INFO","args":["%cDownload the React DevTools for a better development experience: https://react.dev/link/react-devtools","font-weight:bold"],"stack":null}
[2026-03-28T14:05:55.365Z] {"timestamp":1774706753582,"level":"ERROR","args":[{"type":"UncaughtError","message":"Uncaught SyntaxError: Unexpected token '<'","filename":"http://localhost:3000/umami","lineno":1,"colno":1,"stack":"SyntaxError: Unexpected token '<'"}],"stack":"SyntaxError: Unexpected token '<'"}
[2026-03-28T14:05:57.358Z] {"timestamp":1774706757286,"level":"ERROR","args":["In HTML, %s cannot be a descendant of <%s>.\nThis will cause a hydration error.%s","<a>","a","\n\n  ...\n    <TooltipProvider data-loc=\"client\\src...\" data-slot=\"tooltip-pr...\" delayDuration={0}>\n      <TooltipProviderProvider scope={undefined} isOpenDelayedRef={{current:true}} delayDuration={0} onOpen={function} ...>\n        <Toaster>\n        <RoleRouter data-loc=\"client\\src...\">\n          <Switch data-loc=\"client\\src...\">\n            <Route data-loc=\"client\\src...\" path=\"/admin/das...\" component={function AdminDashboard} match={[...]}>\n              <AdminDashboard params={{}}>\n                <UniversityLayout data-loc=\"client\\src...\" title=\"Admin Dash...\">\n                  <div data-loc=\"client\\src...\" className=\"flex h-scr...\">\n                    <aside>\n                    <div data-loc=\"client\\src...\" className=\"flex-1 fle...\">\n                      <header>\n                      <main data-loc=\"client\\src...\" className=\"flex-1 ove...\">\n                        <div data-loc=\"client\\src...\" className=\"p-4 lg:p-6...\">\n                          <div>\n                          <div>\n                          <div>\n                          <div data-loc=\"client\\src...\" className=\"grid grid-...\">\n>                           <a\n>                             data-loc=\"client\\src\\pages\\admin\\Dashboard.tsx:130\"\n>                             onClick={function}\n>                             href=\"/admin/users\"\n>                             className={undefined}\n>                             ref={null}\n>                           >\n>                             <a\n>                               data-loc=\"client\\src\\pages\\admin\\Dashboard.tsx:131\"\n>                               className=\"flex flex-col items-center gap-2 p-4 rounded-xl text-sm font-medium transit...\"\n>                             >\n                            ...\n"],"stack":"Error\n    at console.error (http://localhost:3000/__manus__/debug-collector.js:391:37)\n    at validateDOMNesting (http://localhost:3000/@fs/C:/Users/User/Documents/university-registration-system/node_modules/.vite/deps/react-dom_client.js?v=887e7946:2156:22)\n    at completeWork (http://localhost:3000/@fs/C:/Users/User/Documents/university-registration-system/node_modules/.vite/deps/react-dom_client.js?v=887e7946:9002:17)\n    at runWithFiberInDEV (http://localhost:3000/@fs/C:/Users/User/Documents/university-registration-system/node_modules/.vite/deps/react-dom_client.js?v=887e7946:997:72)\n    at completeUnitOfWork (http://localhost:3000/@fs/C:/Users/User/Documents/university-registration-system/node_modules/.vite/deps/react-dom_client.js?v=887e7946:12669:22)\n    at performUnitOfWork (http://localhost:3000/@fs/C:/Users/User/Documents/university-registration-system/node_modules/.vite/deps/react-dom_client.js?v=887e7946:12575:29)\n    at workLoopSync (http://localhost:3000/@fs/C:/Users/User/Documents/university-registration-system/node_modules/.vite/deps/react-dom_client.js?v=887e7946:12424:43)\n    at renderRootSync (http://localhost:3000/@fs/C:/Users/User/Documents/university-registration-system/node_modules/.vite/deps/react-dom_client.js?v=887e7946:12408:13)\n    at performWorkOnRoot (http://localhost:3000/@fs/C:/Users/User/Documents/university-registration-system/node_modules/.vite/deps/react-dom_client.js?v=887e7946:11766:189)\n    at performSyncWorkOnRoot (http://localhost:3000/@fs/C:/Users/User/Documents/university-registration-system/node_modules/.vite/deps/react-dom_client.js?v=887e7946:13517:9)"}
[2026-03-28T14:05:57.358Z] {"timestamp":1774706757286,"level":"ERROR","args":["<%s> cannot contain a nested %s.\nSee this log for the ancestor stack trace.","a","<a>"],"stack":"Error\n    at console.error (http://localhost:3000/__manus__/debug-collector.js:391:37)\n    at http://localhost:3000/@fs/C:/Users/User/Documents/university-registration-system/node_modules/.vite/deps/react-dom_client.js?v=887e7946:2163:19\n    at runWithFiberInDEV (http://localhost:3000/@fs/C:/Users/User/Documents/university-registration-system/node_modules/.vite/deps/react-dom_client.js?v=887e7946:997:72)\n    at validateDOMNesting (http://localhost:3000/@fs/C:/Users/User/Documents/university-registration-system/node_modules/.vite/deps/react-dom_client.js?v=887e7946:2162:178)\n    at completeWork (http://localhost:3000/@fs/C:/Users/User/Documents/university-registration-system/node_modules/.vite/deps/react-dom_client.js?v=887e7946:9002:17)\n    at runWithFiberInDEV (http://localhost:3000/@fs/C:/Users/User/Documents/university-registration-system/node_modules/.vite/deps/react-dom_client.js?v=887e7946:997:72)\n    at completeUnitOfWork (http://localhost:3000/@fs/C:/Users/User/Documents/university-registration-system/node_modules/.vite/deps/react-dom_client.js?v=887e7946:12669:22)\n    at performUnitOfWork (http://localhost:3000/@fs/C:/Users/User/Documents/university-registration-system/node_modules/.vite/deps/react-dom_client.js?v=887e7946:12575:29)\n    at workLoopSync (http://localhost:3000/@fs/C:/Users/User/Documents/university-registration-system/node_modules/.vite/deps/react-dom_client.js?v=887e7946:12424:43)\n    at renderRootSync (http://localhost:3000/@fs/C:/Users/User/Documents/university-registration-system/node_modules/.vite/deps/react-dom_client.js?v=887e7946:12408:13)"}
[2026-03-28T14:05:59.631Z] {"timestamp":1774706757614,"level":"DEBUG","args":["[Manus] Debug collector initialized (no rrweb, UI events only)"],"stack":null}
[2026-03-28T14:05:59.631Z] {"timestamp":1774706757637,"level":"DEBUG","args":["[vite] connected."],"stack":null}
[2026-03-28T14:05:59.631Z] {"timestamp":1774706757783,"level":"INFO","args":["%cDownload the React DevTools for a better development experience: https://react.dev/link/react-devtools","font-weight:bold"],"stack":null}
[2026-03-28T14:05:59.631Z] {"timestamp":1774706757828,"level":"ERROR","args":[{"type":"UncaughtError","message":"Uncaught SyntaxError: Unexpected token '<'","filename":"http://localhost:3000/umami","lineno":1,"colno":1,"stack":"SyntaxError: Unexpected token '<'"}],"stack":"SyntaxError: Unexpected token '<'"}
[2026-03-28T14:06:33.393Z] {"timestamp":1774706791389,"level":"DEBUG","args":["[Manus] Debug collector initialized (no rrweb, UI events only)"],"stack":null}
[2026-03-28T14:06:33.393Z] {"timestamp":1774706791420,"level":"DEBUG","args":["[vite] connected."],"stack":null}
[2026-03-28T14:06:33.393Z] {"timestamp":1774706791617,"level":"INFO","args":["%cDownload the React DevTools for a better development experience: https://react.dev/link/react-devtools","font-weight:bold"],"stack":null}
[2026-03-28T14:06:33.393Z] {"timestamp":1774706791681,"level":"ERROR","args":[{"type":"UncaughtError","message":"Uncaught SyntaxError: Unexpected token '<'","filename":"http://localhost:3000/umami","lineno":1,"colno":1,"stack":"SyntaxError: Unexpected token '<'"}],"stack":"SyntaxError: Unexpected token '<'"}
[2026-03-28T14:07:03.393Z] {"timestamp":1774706822338,"level":"ERROR","args":["[API Mutation Error]",{"type":"Error","message":"Email already registered","stack":"TRPCClientError: Email already registered\n    at TRPCClientError2.from (http://localhost:3000/@fs/C:/Users/User/Documents/university-registration-system/node_modules/.vite/deps/chunk-CKY6MJWX.js?v=887e7946:2029:44)\n    at http://localhost:3000/@fs/C:/Users/User/Documents/university-registration-system/node_modules/.vite/deps/chunk-CKY6MJWX.js?v=887e7946:2423:44"}],"stack":"Error\n    at console.error (http://localhost:3000/__manus__/debug-collector.js:391:37)\n    at http://localhost:3000/src/main.tsx?v=a1AEQ-3IVqbZenLyNAPBQ:30:13\n    at http://localhost:3000/@fs/C:/Users/User/Documents/university-registration-system/node_modules/.vite/deps/chunk-NCYC6RU2.js?v=887e7946:2247:9\n    at Set.forEach (<anonymous>)\n    at http://localhost:3000/@fs/C:/Users/User/Documents/university-registration-system/node_modules/.vite/deps/chunk-NCYC6RU2.js?v=887e7946:2246:22\n    at Object.batch (http://localhost:3000/@fs/C:/Users/User/Documents/university-registration-system/node_modules/.vite/deps/chunk-NCYC6RU2.js?v=887e7946:606:18)\n    at MutationCache.notify (http://localhost:3000/@fs/C:/Users/User/Documents/university-registration-system/node_modules/.vite/deps/chunk-NCYC6RU2.js?v=887e7946:2245:19)\n    at http://localhost:3000/@fs/C:/Users/User/Documents/university-registration-system/node_modules/.vite/deps/chunk-NCYC6RU2.js?v=887e7946:2125:27\n    at Object.batch (http://localhost:3000/@fs/C:/Users/User/Documents/university-registration-system/node_modules/.vite/deps/chunk-NCYC6RU2.js?v=887e7946:606:18)\n    at #dispatch (http://localhost:3000/@fs/C:/Users/User/Documents/university-registration-system/node_modules/.vite/deps/chunk-NCYC6RU2.js?v=887e7946:2121:19)"}
[2026-03-28T14:07:11.027Z] {"timestamp":1774706829012,"level":"DEBUG","args":["[Manus] Debug collector initialized (no rrweb, UI events only)"],"stack":null}
[2026-03-28T14:07:11.027Z] {"timestamp":1774706829037,"level":"DEBUG","args":["[vite] connected."],"stack":null}
[2026-03-28T14:07:11.027Z] {"timestamp":1774706829203,"level":"INFO","args":["%cDownload the React DevTools for a better development experience: https://react.dev/link/react-devtools","font-weight:bold"],"stack":null}
[2026-03-28T14:07:11.027Z] {"timestamp":1774706829264,"level":"ERROR","args":[{"type":"UncaughtError","message":"Uncaught SyntaxError: Unexpected token '<'","filename":"http://localhost:3000/umami","lineno":1,"colno":1,"stack":"SyntaxError: Unexpected token '<'"}],"stack":"SyntaxError: Unexpected token '<'"}
[2026-03-28T14:08:26.098Z] {"timestamp":1774706897310,"level":"DEBUG","args":["[vite]","hot updated: /src/pages/Login.tsx"],"stack":null}
[2026-03-28T14:08:26.098Z] {"timestamp":1774706897310,"level":"DEBUG","args":["[vite]","hot updated: /src/index.css"],"stack":null}
[2026-03-28T14:08:26.098Z] {"timestamp":1774706897613,"level":"DEBUG","args":["[vite]","hot updated: /src/pages/Login.tsx"],"stack":null}
[2026-03-28T14:08:26.098Z] {"timestamp":1774706897614,"level":"DEBUG","args":["[vite]","hot updated: /src/index.css"],"stack":null}
[2026-03-28T14:08:34.256Z] {"timestamp":1774706909067,"level":"DEBUG","args":["[vite]","hot updated: /src/pages/Login.tsx"],"stack":null}
[2026-03-28T14:08:34.256Z] {"timestamp":1774706909067,"level":"DEBUG","args":["[vite]","hot updated: /src/index.css"],"stack":null}
[2026-03-28T14:08:34.256Z] {"timestamp":1774706910146,"level":"DEBUG","args":["[vite]","hot updated: /src/pages/Login.tsx"],"stack":null}
[2026-03-28T14:08:34.256Z] {"timestamp":1774706910147,"level":"DEBUG","args":["[vite]","hot updated: /src/index.css"],"stack":null}
[2026-03-28T14:14:57.428Z] {"timestamp":1774707295417,"level":"DEBUG","args":["[Manus] Debug collector initialized (no rrweb, UI events only)"],"stack":null}
[2026-03-28T14:14:57.428Z] {"timestamp":1774707295446,"level":"DEBUG","args":["[vite] connected."],"stack":null}
[2026-03-28T14:14:57.428Z] {"timestamp":1774707295734,"level":"INFO","args":["%cDownload the React DevTools for a better development experience: https://react.dev/link/react-devtools","font-weight:bold"],"stack":null}
[2026-03-28T14:14:57.428Z] {"timestamp":1774707295791,"level":"ERROR","args":[{"type":"UncaughtError","message":"Uncaught SyntaxError: Unexpected token '<'","filename":"http://localhost:3000/umami","lineno":1,"colno":1,"stack":"SyntaxError: Unexpected token '<'"}],"stack":"SyntaxError: Unexpected token '<'"}
[2026-03-28T14:15:04.856Z] {"timestamp":1774707302834,"level":"DEBUG","args":["[Manus] Debug collector initialized (no rrweb, UI events only)"],"stack":null}
[2026-03-28T14:15:04.856Z] {"timestamp":1774707302883,"level":"DEBUG","args":["[vite] connected."],"stack":null}
[2026-03-28T14:15:04.856Z] {"timestamp":1774707303045,"level":"INFO","args":["%cDownload the React DevTools for a better development experience: https://react.dev/link/react-devtools","font-weight:bold"],"stack":null}
[2026-03-28T14:15:04.856Z] {"timestamp":1774707303093,"level":"ERROR","args":[{"type":"UncaughtError","message":"Uncaught SyntaxError: Unexpected token '<'","filename":"http://localhost:3000/umami","lineno":1,"colno":1,"stack":"SyntaxError: Unexpected token '<'"}],"stack":"SyntaxError: Unexpected token '<'"}
[2026-03-28T14:15:08.751Z] {"timestamp":1774707306744,"level":"DEBUG","args":["[Manus] Debug collector initialized (no rrweb, UI events only)"],"stack":null}
[2026-03-28T14:15:08.751Z] {"timestamp":1774707306775,"level":"DEBUG","args":["[vite] connected."],"stack":null}
[2026-03-28T14:15:08.751Z] {"timestamp":1774707306929,"level":"INFO","args":["%cDownload the React DevTools for a better development experience: https://react.dev/link/react-devtools","font-weight:bold"],"stack":null}
[2026-03-28T14:15:08.751Z] {"timestamp":1774707306988,"level":"ERROR","args":[{"type":"UncaughtError","message":"Uncaught SyntaxError: Unexpected token '<'","filename":"http://localhost:3000/umami","lineno":1,"colno":1,"stack":"SyntaxError: Unexpected token '<'"}],"stack":"SyntaxError: Unexpected token '<'"}
[2026-03-28T14:15:11.320Z] {"timestamp":1774707309303,"level":"DEBUG","args":["[Manus] Debug collector initialized (no rrweb, UI events only)"],"stack":null}
[2026-03-28T14:15:11.320Z] {"timestamp":1774707309338,"level":"DEBUG","args":["[vite] connected."],"stack":null}
[2026-03-28T14:15:11.320Z] {"timestamp":1774707309492,"level":"INFO","args":["%cDownload the React DevTools for a better development experience: https://react.dev/link/react-devtools","font-weight:bold"],"stack":null}
[2026-03-28T14:15:11.320Z] {"timestamp":1774707309548,"level":"ERROR","args":[{"type":"UncaughtError","message":"Uncaught SyntaxError: Unexpected token '<'","filename":"http://localhost:3000/umami","lineno":1,"colno":1,"stack":"SyntaxError: Unexpected token '<'"}],"stack":"SyntaxError: Unexpected token '<'"}
[2026-03-28T14:15:16.068Z] {"timestamp":1774707314057,"level":"DEBUG","args":["[Manus] Debug collector initialized (no rrweb, UI events only)"],"stack":null}
[2026-03-28T14:15:16.068Z] {"timestamp":1774707314080,"level":"DEBUG","args":["[vite] connected."],"stack":null}
[2026-03-28T14:15:16.068Z] {"timestamp":1774707314240,"level":"INFO","args":["%cDownload the React DevTools for a better development experience: https://react.dev/link/react-devtools","font-weight:bold"],"stack":null}
[2026-03-28T14:15:16.068Z] {"timestamp":1774707314289,"level":"ERROR","args":[{"type":"UncaughtError","message":"Uncaught SyntaxError: Unexpected token '<'","filename":"http://localhost:3000/umami","lineno":1,"colno":1,"stack":"SyntaxError: Unexpected token '<'"}],"stack":"SyntaxError: Unexpected token '<'"}
[2026-03-28T14:15:37.123Z] {"timestamp":1774707335101,"level":"DEBUG","args":["[Manus] Debug collector initialized (no rrweb, UI events only)"],"stack":null}
[2026-03-28T14:15:37.123Z] {"timestamp":1774707335129,"level":"DEBUG","args":["[vite] connected."],"stack":null}
[2026-03-28T14:15:37.123Z] {"timestamp":1774707335315,"level":"INFO","args":["%cDownload the React DevTools for a better development experience: https://react.dev/link/react-devtools","font-weight:bold"],"stack":null}
[2026-03-28T14:15:37.123Z] {"timestamp":1774707335377,"level":"ERROR","args":[{"type":"UncaughtError","message":"Uncaught SyntaxError: Unexpected token '<'","filename":"http://localhost:3000/umami","lineno":1,"colno":1,"stack":"SyntaxError: Unexpected token '<'"}],"stack":"SyntaxError: Unexpected token '<'"}
[2026-03-28T14:22:50.085Z] {"timestamp":1774707767510,"level":"DEBUG","args":["[Manus] Debug collector initialized (no rrweb, UI events only)"],"stack":null}
[2026-03-28T14:22:50.085Z] {"timestamp":1774707767541,"level":"DEBUG","args":["[vite] connected."],"stack":null}
[2026-03-28T14:22:50.085Z] {"timestamp":1774707767745,"level":"INFO","args":["%cDownload the React DevTools for a better development experience: https://react.dev/link/react-devtools","font-weight:bold"],"stack":null}
[2026-03-28T14:22:50.085Z] {"timestamp":1774707767844,"level":"ERROR","args":[{"type":"UncaughtError","message":"Uncaught SyntaxError: Unexpected token '<'","filename":"http://localhost:3000/umami","lineno":1,"colno":1,"stack":"SyntaxError: Unexpected token '<'"}],"stack":"SyntaxError: Unexpected token '<'"}
