[2026-03-23T11:32:35.165Z] {"timestamp":1774265554980,"kind":"scroll","url":"http://localhost:3002/","viewport":{"width":1358,"height":636},"payload":{"scrollX":0,"scrollY":1,"documentHeight":980,"viewportHeight":636}}
[2026-03-23T11:32:37.167Z] {"timestamp":1774265555598,"kind":"scroll","url":"http://localhost:3002/","viewport":{"width":1358,"height":636},"payload":{"scrollX":0,"scrollY":188,"documentHeight":980,"viewportHeight":636}}
[2026-03-23T11:32:39.760Z] {"timestamp":1774265558965,"kind":"scroll","url":"http://localhost:3002/","viewport":{"width":1358,"height":636},"payload":{"scrollX":0,"scrollY":61,"documentHeight":980,"viewportHeight":636}}
[2026-03-23T11:32:39.760Z] {"timestamp":1774265559481,"kind":"scroll","url":"http://localhost:3002/","viewport":{"width":1358,"height":636},"payload":{"scrollX":0,"scrollY":233,"documentHeight":980,"viewportHeight":636}}
[2026-03-23T11:37:43.269Z] {"timestamp":1774265861453,"kind":"scroll","url":"http://localhost:3002/","viewport":{"width":1358,"height":636},"payload":{"scrollX":0,"scrollY":69,"documentHeight":980,"viewportHeight":636}}
[2026-03-23T11:37:43.269Z] {"timestamp":1774265862086,"kind":"scroll","url":"http://localhost:3002/","viewport":{"width":1358,"height":636},"payload":{"scrollX":0,"scrollY":214,"documentHeight":980,"viewportHeight":636}}
[2026-03-23T11:37:43.269Z] {"timestamp":1774265862586,"kind":"scroll","url":"http://localhost:3002/","viewport":{"width":1358,"height":636},"payload":{"scrollX":0,"scrollY":201,"documentHeight":980,"viewportHeight":636}}
[2026-03-23T11:37:43.269Z] {"timestamp":1774265863168,"kind":"scroll","url":"http://localhost:3002/","viewport":{"width":1358,"height":636},"payload":{"scrollX":0,"scrollY":169,"documentHeight":980,"viewportHeight":636}}
[2026-03-23T11:39:25.271Z] {"timestamp":1774265963828,"kind":"scroll","url":"http://localhost:3002/","viewport":{"width":1358,"height":636},"payload":{"scrollX":0,"scrollY":145,"documentHeight":980,"viewportHeight":636}}
[2026-03-23T11:39:27.267Z] {"timestamp":1774265967066,"kind":"scroll","url":"http://localhost:3002/","viewport":{"width":1358,"height":636},"payload":{"scrollX":0,"scrollY":335,"documentHeight":980,"viewportHeight":636}}
[2026-03-23T11:39:29.275Z] {"timestamp":1774265969161,"kind":"click","url":"http://localhost:3002/","viewport":{"width":1358,"height":636},"payload":{"target":{"tag":"pre","id":null,"name":null,"type":null,"role":null,"ariaLabel":null,"testId":null,"dataLoc":"client\\src\\components\\ErrorBoundary.tsx:37","href":null,"text":"TypeError: Invalid URL at getLoginUrl (http://localhost:3002/src/const.ts:7:15) …","selectorHint":"[data-loc=\"client\\src\\components\\ErrorBoundary.tsx:37\"]"},"x":384,"y":208}}
[2026-03-23T11:42:56.716Z] {"timestamp":1774266176407,"kind":"scroll","url":"http://localhost:3002/","viewport":{"width":1358,"height":636},"payload":{"scrollX":0,"scrollY":23,"documentHeight":1710,"viewportHeight":636}}
[2026-03-23T11:42:58.725Z] {"timestamp":1774266177090,"kind":"scroll","url":"http://localhost:3002/","viewport":{"width":1358,"height":636},"payload":{"scrollX":0,"scrollY":84,"documentHeight":1710,"viewportHeight":636}}
[2026-03-23T11:42:58.725Z] {"timestamp":1774266177590,"kind":"scroll","url":"http://localhost:3002/","viewport":{"width":1358,"height":636},"payload":{"scrollX":0,"scrollY":262,"documentHeight":1710,"viewportHeight":636}}
[2026-03-23T11:42:58.725Z] {"timestamp":1774266178090,"kind":"scroll","url":"http://localhost:3002/","viewport":{"width":1358,"height":636},"payload":{"scrollX":0,"scrollY":411,"documentHeight":1710,"viewportHeight":636}}
[2026-03-23T11:42:58.725Z] {"timestamp":1774266178590,"kind":"scroll","url":"http://localhost:3002/","viewport":{"width":1358,"height":636},"payload":{"scrollX":0,"scrollY":557,"documentHeight":1710,"viewportHeight":636}}
[2026-03-23T11:43:00.713Z] {"timestamp":1774266179357,"kind":"scroll","url":"http://localhost:3002/","viewport":{"width":1358,"height":636},"payload":{"scrollX":0,"scrollY":564,"documentHeight":1710,"viewportHeight":636}}
[2026-03-23T11:43:00.713Z] {"timestamp":1774266179857,"kind":"scroll","url":"http://localhost:3002/","viewport":{"width":1358,"height":636},"payload":{"scrollX":0,"scrollY":84,"documentHeight":1710,"viewportHeight":636}}
[2026-03-23T11:43:00.713Z] {"timestamp":1774266180704,"kind":"focusin","url":"http://localhost:3002/","viewport":{"width":1358,"height":636},"payload":{"target":{"tag":"a","id":null,"name":null,"type":null,"role":null,"ariaLabel":null,"testId":null,"dataLoc":"client\\src\\pages\\Home.tsx:68","href":"http://localhost:3000/app-auth?appId=your-app-id-here&redirectUri=http%3A%2F%2Flocalhost%3A3002%2Fapi%2Foauth%2Fcallback&state=aHR0cDovL2xvY2FsaG9zdDozMDAyL2FwaS9vYXV0aC9jYWxsYmFjaw%3D%3D&type=signIn","text":"Get Started","selectorHint":"[data-loc=\"client\\src\\pages\\Home.tsx:68\"]"}}}
[2026-03-23T11:43:12.759Z] {"timestamp":1774266190896,"kind":"click","url":"http://localhost:3000/app-auth?appId=your-app-id-here&redirectUri=http%3A%2F%2Flocalhost%3A3002%2Fapi%2Foauth%2Fcallback&state=aHR0cDovL2xvY2FsaG9zdDozMDAyL2FwaS9vYXV0aC9jYWxsYmFjaw%3D%3D&type=signIn","viewport":{"width":1358,"height":636},"payload":{"target":{"tag":"div","id":null,"name":null,"type":null,"role":null,"ariaLabel":null,"testId":null,"dataLoc":"client\\src\\pages\\NotFound.tsx:16","href":null,"text":"404 Page Not Found Sorry, the page you are looking for doesn't exist. It may hav…","selectorHint":"[data-loc=\"client\\src\\pages\\NotFound.tsx:16\"]"},"x":561,"y":279}}
[2026-03-23T11:52:24.778Z] {"timestamp":1774266743192,"kind":"focusin","url":"http://localhost:3000/app-auth?appId=your-app-id-here&redirectUri=http%3A%2F%2Flocalhost%3A3002%2Fapi%2Foauth%2Fcallback&state=aHR0cDovL2xvY2FsaG9zdDozMDAyL2FwaS9vYXV0aC9jYWxsYmFjaw%3D%3D&type=signIn","viewport":{"width":1358,"height":636},"payload":{"target":{"tag":"button","id":null,"name":null,"type":null,"role":null,"ariaLabel":null,"testId":null,"dataLoc":"client\\src\\pages\\NotFound.tsx:40","href":null,"text":"Go Home","selectorHint":"[data-loc=\"client\\src\\pages\\NotFound.tsx:40\"]"}}}
[2026-03-23T11:52:24.778Z] {"timestamp":1774266743404,"kind":"click","url":"http://localhost:3000/app-auth?appId=your-app-id-here&redirectUri=http%3A%2F%2Flocalhost%3A3002%2Fapi%2Foauth%2Fcallback&state=aHR0cDovL2xvY2FsaG9zdDozMDAyL2FwaS9vYXV0aC9jYWxsYmFjaw%3D%3D&type=signIn","viewport":{"width":1358,"height":636},"payload":{"target":{"tag":"button","id":null,"name":null,"type":null,"role":null,"ariaLabel":null,"testId":null,"dataLoc":"client\\src\\pages\\NotFound.tsx:40","href":null,"text":"Go Home","selectorHint":"[data-loc=\"client\\src\\pages\\NotFound.tsx:40\"]"},"x":707,"y":444}}
[2026-03-23T11:52:24.778Z] {"timestamp":1774266743407,"kind":"navigate","url":"http://localhost:3000/","viewport":{"width":1358,"height":636},"payload":{"reason":"pushState"}}
[2026-03-23T11:52:24.778Z] {"timestamp":1774266743434,"kind":"focusout","url":"http://localhost:3000/","viewport":{"width":1358,"height":636},"payload":{"target":{"tag":"button","id":null,"name":null,"type":null,"role":null,"ariaLabel":null,"testId":null,"dataLoc":"client\\src\\pages\\NotFound.tsx:40","href":null,"text":"Go Home","selectorHint":"[data-loc=\"client\\src\\pages\\NotFound.tsx:40\"]"},"value":null}}
[2026-03-23T11:52:48.101Z] {"timestamp":1774266767164,"kind":"focusin","url":"http://localhost:3000/app-auth?appId=your-app-id-here&redirectUri=http%3A%2F%2Flocalhost%3A3000%2Fapi%2Foauth%2Fcallback&state=aHR0cDovL2xvY2FsaG9zdDozMDAwL2FwaS9vYXV0aC9jYWxsYmFjaw%3D%3D&type=signIn","viewport":{"width":803,"height":636},"payload":{"target":{"tag":"button","id":null,"name":null,"type":null,"role":null,"ariaLabel":null,"testId":null,"dataLoc":"client\\src\\pages\\NotFound.tsx:40","href":null,"text":"Go Home","selectorHint":"[data-loc=\"client\\src\\pages\\NotFound.tsx:40\"]"}}}
[2026-03-23T11:52:48.101Z] {"timestamp":1774266767403,"kind":"click","url":"http://localhost:3000/app-auth?appId=your-app-id-here&redirectUri=http%3A%2F%2Flocalhost%3A3000%2Fapi%2Foauth%2Fcallback&state=aHR0cDovL2xvY2FsaG9zdDozMDAwL2FwaS9vYXV0aC9jYWxsYmFjaw%3D%3D&type=signIn","viewport":{"width":803,"height":636},"payload":{"target":{"tag":"button","id":null,"name":null,"type":null,"role":null,"ariaLabel":null,"testId":null,"dataLoc":"client\\src\\pages\\NotFound.tsx:40","href":null,"text":"Go Home","selectorHint":"[data-loc=\"client\\src\\pages\\NotFound.tsx:40\"]"},"x":435,"y":440}}
[2026-03-23T11:52:48.101Z] {"timestamp":1774266767406,"kind":"navigate","url":"http://localhost:3000/","viewport":{"width":803,"height":636},"payload":{"reason":"pushState"}}
[2026-03-23T11:52:48.101Z] {"timestamp":1774266767443,"kind":"focusout","url":"http://localhost:3000/","viewport":{"width":803,"height":636},"payload":{"target":{"tag":"button","id":null,"name":null,"type":null,"role":null,"ariaLabel":null,"testId":null,"dataLoc":"client\\src\\pages\\NotFound.tsx:40","href":null,"text":"Go Home","selectorHint":"[data-loc=\"client\\src\\pages\\NotFound.tsx:40\"]"},"value":null}}
[2026-03-23T11:52:50.105Z] {"timestamp":1774266769106,"kind":"scroll","url":"http://localhost:3000/","viewport":{"width":803,"height":636},"payload":{"scrollX":0,"scrollY":8,"documentHeight":1626,"viewportHeight":636}}
[2026-03-23T11:52:50.105Z] {"timestamp":1774266769635,"kind":"scroll","url":"http://localhost:3000/","viewport":{"width":803,"height":636},"payload":{"scrollX":0,"scrollY":219,"documentHeight":1626,"viewportHeight":636}}
[2026-03-23T11:52:52.097Z] {"timestamp":1774266770151,"kind":"scroll","url":"http://localhost:3000/","viewport":{"width":803,"height":636},"payload":{"scrollX":0,"scrollY":389,"documentHeight":1626,"viewportHeight":636}}
[2026-03-23T11:52:52.097Z] {"timestamp":1774266770701,"kind":"scroll","url":"http://localhost:3000/","viewport":{"width":803,"height":636},"payload":{"scrollX":0,"scrollY":789,"documentHeight":1626,"viewportHeight":636}}
[2026-03-23T11:53:30.103Z] {"timestamp":1774266809252,"kind":"scroll","url":"http://localhost:3000/","viewport":{"width":803,"height":636},"payload":{"scrollX":0,"scrollY":947,"documentHeight":1626,"viewportHeight":636}}
[2026-03-23T11:53:30.103Z] {"timestamp":1774266809764,"kind":"scroll","url":"http://localhost:3000/","viewport":{"width":803,"height":636},"payload":{"scrollX":0,"scrollY":462,"documentHeight":1626,"viewportHeight":636}}
[2026-03-23T11:53:32.096Z] {"timestamp":1774266810381,"kind":"scroll","url":"http://localhost:3000/","viewport":{"width":803,"height":636},"payload":{"scrollX":0,"scrollY":311,"documentHeight":1626,"viewportHeight":636}}
[2026-03-23T11:53:32.096Z] {"timestamp":1774266810918,"kind":"scroll","url":"http://localhost:3000/","viewport":{"width":803,"height":636},"payload":{"scrollX":0,"scrollY":0,"documentHeight":1626,"viewportHeight":636}}
[2026-03-23T11:58:10.669Z] {"timestamp":1774267089972,"kind":"error","url":"http://localhost:3001/","viewport":{"width":803,"height":636},"payload":{"message":"Uncaught SyntaxError: Unexpected token '<'","filename":"http://localhost:3001/umami","lineno":1,"colno":1}}
[2026-03-23T11:58:17.729Z] {"timestamp":1774267096338,"kind":"error","url":"http://localhost:3001/","viewport":{"width":803,"height":636},"payload":{"message":"Uncaught SyntaxError: Unexpected token '<'","filename":"http://localhost:3001/umami","lineno":1,"colno":1}}
[2026-03-23T11:58:20.954Z] {"timestamp":1774267099211,"kind":"error","url":"http://localhost:3001/","viewport":{"width":803,"height":636},"payload":{"message":"Uncaught SyntaxError: Unexpected token '<'","filename":"http://localhost:3001/umami","lineno":1,"colno":1}}
[2026-03-23T11:59:38.967Z] {"timestamp":1774267177101,"kind":"scroll","url":"http://localhost:3001/","viewport":{"width":803,"height":636},"payload":{"scrollX":0,"scrollY":6,"documentHeight":1626,"viewportHeight":636}}
[2026-03-23T11:59:38.967Z] {"timestamp":1774267177630,"kind":"scroll","url":"http://localhost:3001/","viewport":{"width":803,"height":636},"payload":{"scrollX":0,"scrollY":96,"documentHeight":1626,"viewportHeight":636}}
[2026-03-23T11:59:38.967Z] {"timestamp":1774267178197,"kind":"scroll","url":"http://localhost:3001/","viewport":{"width":803,"height":636},"payload":{"scrollX":0,"scrollY":271,"documentHeight":1626,"viewportHeight":636}}
[2026-03-23T11:59:38.967Z] {"timestamp":1774267178700,"kind":"scroll","url":"http://localhost:3001/","viewport":{"width":803,"height":636},"payload":{"scrollX":0,"scrollY":516,"documentHeight":1626,"viewportHeight":636}}
[2026-03-23T11:59:40.955Z] {"timestamp":1774267179213,"kind":"scroll","url":"http://localhost:3001/","viewport":{"width":803,"height":636},"payload":{"scrollX":0,"scrollY":836,"documentHeight":1626,"viewportHeight":636}}
[2026-03-23T11:59:40.955Z] {"timestamp":1774267180129,"kind":"scroll","url":"http://localhost:3001/","viewport":{"width":803,"height":636},"payload":{"scrollX":0,"scrollY":989,"documentHeight":1626,"viewportHeight":636}}
[2026-03-23T11:59:40.955Z] {"timestamp":1774267180629,"kind":"scroll","url":"http://localhost:3001/","viewport":{"width":803,"height":636},"payload":{"scrollX":0,"scrollY":720,"documentHeight":1626,"viewportHeight":636}}
[2026-03-23T11:59:42.965Z] {"timestamp":1774267181129,"kind":"scroll","url":"http://localhost:3001/","viewport":{"width":803,"height":636},"payload":{"scrollX":0,"scrollY":246,"documentHeight":1626,"viewportHeight":636}}
[2026-03-23T11:59:48.956Z] {"timestamp":1774267187784,"kind":"scroll","url":"http://localhost:3001/","viewport":{"width":803,"height":636},"payload":{"scrollX":0,"scrollY":12,"documentHeight":1626,"viewportHeight":636}}
[2026-03-23T11:59:48.956Z] {"timestamp":1774267188296,"kind":"scroll","url":"http://localhost:3001/","viewport":{"width":803,"height":636},"payload":{"scrollX":0,"scrollY":313,"documentHeight":1626,"viewportHeight":636}}
[2026-03-23T11:59:48.956Z] {"timestamp":1774267188797,"kind":"scroll","url":"http://localhost:3001/","viewport":{"width":803,"height":636},"payload":{"scrollX":0,"scrollY":246,"documentHeight":1626,"viewportHeight":636}}
[2026-03-23T11:59:53.128Z] {"timestamp":1774267191645,"kind":"error","url":"http://localhost:3001/","viewport":{"width":803,"height":636},"payload":{"message":"Uncaught SyntaxError: Unexpected token '<'","filename":"http://localhost:3001/umami","lineno":1,"colno":1}}
[2026-03-23T11:59:55.115Z] {"timestamp":1774267193351,"kind":"scroll","url":"http://localhost:3001/","viewport":{"width":803,"height":636},"payload":{"scrollX":0,"scrollY":3,"documentHeight":1626,"viewportHeight":636}}
[2026-03-23T11:59:55.115Z] {"timestamp":1774267193862,"kind":"scroll","url":"http://localhost:3001/","viewport":{"width":803,"height":636},"payload":{"scrollX":0,"scrollY":38,"documentHeight":1626,"viewportHeight":636}}
[2026-03-23T11:59:55.115Z] {"timestamp":1774267194378,"kind":"scroll","url":"http://localhost:3001/","viewport":{"width":803,"height":636},"payload":{"scrollX":0,"scrollY":208,"documentHeight":1626,"viewportHeight":636}}
[2026-03-23T11:59:55.115Z] {"timestamp":1774267194879,"kind":"scroll","url":"http://localhost:3001/","viewport":{"width":803,"height":636},"payload":{"scrollX":0,"scrollY":370,"documentHeight":1626,"viewportHeight":636}}
[2026-03-23T11:59:57.115Z] {"timestamp":1774267195713,"kind":"scroll","url":"http://localhost:3001/","viewport":{"width":803,"height":636},"payload":{"scrollX":0,"scrollY":387,"documentHeight":1626,"viewportHeight":636}}
[2026-03-23T11:59:57.115Z] {"timestamp":1774267196478,"kind":"scroll","url":"http://localhost:3001/","viewport":{"width":803,"height":636},"payload":{"scrollX":0,"scrollY":386,"documentHeight":1626,"viewportHeight":636}}
[2026-03-23T11:59:57.115Z] {"timestamp":1774267196978,"kind":"scroll","url":"http://localhost:3001/","viewport":{"width":803,"height":636},"payload":{"scrollX":0,"scrollY":379,"documentHeight":1626,"viewportHeight":636}}
[2026-03-23T11:59:59.123Z] {"timestamp":1774267197562,"kind":"scroll","url":"http://localhost:3001/","viewport":{"width":803,"height":636},"payload":{"scrollX":0,"scrollY":324,"documentHeight":1626,"viewportHeight":636}}
[2026-03-23T12:00:03.116Z] {"timestamp":1774267201865,"kind":"scroll","url":"http://localhost:3001/","viewport":{"width":803,"height":636},"payload":{"scrollX":0,"scrollY":5,"documentHeight":1626,"viewportHeight":636}}
[2026-03-23T12:00:03.116Z] {"timestamp":1774267202411,"kind":"scroll","url":"http://localhost:3001/","viewport":{"width":803,"height":636},"payload":{"scrollX":0,"scrollY":82,"documentHeight":1626,"viewportHeight":636}}
[2026-03-23T12:00:05.126Z] {"timestamp":1774267203227,"kind":"scroll","url":"http://localhost:3001/","viewport":{"width":803,"height":636},"payload":{"scrollX":0,"scrollY":59,"documentHeight":1626,"viewportHeight":636}}
[2026-03-23T12:00:05.127Z] {"timestamp":1774267203916,"kind":"scroll","url":"http://localhost:3001/","viewport":{"width":803,"height":636},"payload":{"scrollX":0,"scrollY":110,"documentHeight":1626,"viewportHeight":636}}
[2026-03-23T12:00:05.127Z] {"timestamp":1774267204444,"kind":"scroll","url":"http://localhost:3001/","viewport":{"width":803,"height":636},"payload":{"scrollX":0,"scrollY":210,"documentHeight":1626,"viewportHeight":636}}
[2026-03-23T12:00:05.127Z] {"timestamp":1774267205000,"kind":"scroll","url":"http://localhost:3001/","viewport":{"width":803,"height":636},"payload":{"scrollX":0,"scrollY":312,"documentHeight":1626,"viewportHeight":636}}
[2026-03-23T12:00:07.116Z] {"timestamp":1774267205566,"kind":"scroll","url":"http://localhost:3001/","viewport":{"width":803,"height":636},"payload":{"scrollX":0,"scrollY":401,"documentHeight":1626,"viewportHeight":636}}
[2026-03-23T12:00:07.116Z] {"timestamp":1774267206166,"kind":"scroll","url":"http://localhost:3001/","viewport":{"width":803,"height":636},"payload":{"scrollX":0,"scrollY":495,"documentHeight":1626,"viewportHeight":636}}
[2026-03-23T12:00:07.116Z] {"timestamp":1774267206732,"kind":"scroll","url":"http://localhost:3001/","viewport":{"width":803,"height":636},"payload":{"scrollX":0,"scrollY":590,"documentHeight":1626,"viewportHeight":636}}
[2026-03-23T12:00:09.125Z] {"timestamp":1774267207300,"kind":"scroll","url":"http://localhost:3001/","viewport":{"width":803,"height":636},"payload":{"scrollX":0,"scrollY":680,"documentHeight":1626,"viewportHeight":636}}
[2026-03-23T12:00:09.125Z] {"timestamp":1774267207810,"kind":"scroll","url":"http://localhost:3001/","viewport":{"width":803,"height":636},"payload":{"scrollX":0,"scrollY":779,"documentHeight":1626,"viewportHeight":636}}
[2026-03-23T12:00:09.125Z] {"timestamp":1774267208328,"kind":"scroll","url":"http://localhost:3001/","viewport":{"width":803,"height":636},"payload":{"scrollX":0,"scrollY":980,"documentHeight":1626,"viewportHeight":636}}
[2026-03-23T12:00:09.125Z] {"timestamp":1774267209027,"kind":"scroll","url":"http://localhost:3001/","viewport":{"width":803,"height":636},"payload":{"scrollX":0,"scrollY":983,"documentHeight":1626,"viewportHeight":636}}
[2026-03-23T12:00:11.114Z] {"timestamp":1774267209744,"kind":"scroll","url":"http://localhost:3001/","viewport":{"width":803,"height":636},"payload":{"scrollX":0,"scrollY":989,"documentHeight":1626,"viewportHeight":636}}
[2026-03-23T12:00:13.120Z] {"timestamp":1774267213031,"kind":"scroll","url":"http://localhost:3001/","viewport":{"width":803,"height":636},"payload":{"scrollX":0,"scrollY":988,"documentHeight":1626,"viewportHeight":636}}
[2026-03-23T12:00:15.123Z] {"timestamp":1774267213731,"kind":"scroll","url":"http://localhost:3001/","viewport":{"width":803,"height":636},"payload":{"scrollX":0,"scrollY":955,"documentHeight":1626,"viewportHeight":636}}
[2026-03-23T12:00:15.123Z] {"timestamp":1774267214282,"kind":"scroll","url":"http://localhost:3001/","viewport":{"width":803,"height":636},"payload":{"scrollX":0,"scrollY":893,"documentHeight":1626,"viewportHeight":636}}
[2026-03-23T12:00:15.123Z] {"timestamp":1774267214793,"kind":"scroll","url":"http://localhost:3001/","viewport":{"width":803,"height":636},"payload":{"scrollX":0,"scrollY":794,"documentHeight":1626,"viewportHeight":636}}
[2026-03-23T12:00:17.127Z] {"timestamp":1774267215343,"kind":"scroll","url":"http://localhost:3001/","viewport":{"width":803,"height":636},"payload":{"scrollX":0,"scrollY":672,"documentHeight":1626,"viewportHeight":636}}
[2026-03-23T12:00:17.127Z] {"timestamp":1774267215894,"kind":"scroll","url":"http://localhost:3001/","viewport":{"width":803,"height":636},"payload":{"scrollX":0,"scrollY":579,"documentHeight":1626,"viewportHeight":636}}
[2026-03-23T12:00:17.127Z] {"timestamp":1774267216443,"kind":"scroll","url":"http://localhost:3001/","viewport":{"width":803,"height":636},"payload":{"scrollX":0,"scrollY":453,"documentHeight":1626,"viewportHeight":636}}
[2026-03-23T12:00:17.127Z] {"timestamp":1774267217010,"kind":"scroll","url":"http://localhost:3001/","viewport":{"width":803,"height":636},"payload":{"scrollX":0,"scrollY":307,"documentHeight":1626,"viewportHeight":636}}
[2026-03-23T12:00:19.124Z] {"timestamp":1774267217693,"kind":"scroll","url":"http://localhost:3001/","viewport":{"width":803,"height":636},"payload":{"scrollX":0,"scrollY":193,"documentHeight":1626,"viewportHeight":636}}
[2026-03-23T12:00:19.124Z] {"timestamp":1774267218448,"kind":"scroll","url":"http://localhost:3001/","viewport":{"width":803,"height":636},"payload":{"scrollX":0,"scrollY":75,"documentHeight":1626,"viewportHeight":636}}
[2026-03-23T12:00:35.116Z] {"timestamp":1774267233630,"kind":"scroll","url":"http://localhost:3001/","viewport":{"width":803,"height":636},"payload":{"scrollX":0,"scrollY":8,"documentHeight":1626,"viewportHeight":636}}
[2026-03-23T12:00:35.116Z] {"timestamp":1774267234142,"kind":"scroll","url":"http://localhost:3001/","viewport":{"width":803,"height":636},"payload":{"scrollX":0,"scrollY":172,"documentHeight":1626,"viewportHeight":636}}
[2026-03-23T12:00:35.116Z] {"timestamp":1774267234658,"kind":"scroll","url":"http://localhost:3001/","viewport":{"width":803,"height":636},"payload":{"scrollX":0,"scrollY":331,"documentHeight":1626,"viewportHeight":636}}
[2026-03-23T12:00:41.123Z] {"timestamp":1774267239729,"kind":"scroll","url":"http://localhost:3001/","viewport":{"width":803,"height":636},"payload":{"scrollX":0,"scrollY":349,"documentHeight":1626,"viewportHeight":636}}
[2026-03-23T12:00:41.123Z] {"timestamp":1774267240357,"kind":"scroll","url":"http://localhost:3001/","viewport":{"width":803,"height":636},"payload":{"scrollX":0,"scrollY":439,"documentHeight":1626,"viewportHeight":636}}
[2026-03-23T12:00:43.115Z] {"timestamp":1774267241695,"kind":"scroll","url":"http://localhost:3001/","viewport":{"width":803,"height":636},"payload":{"scrollX":0,"scrollY":532,"documentHeight":1626,"viewportHeight":636}}
[2026-03-23T12:00:43.115Z] {"timestamp":1774267242291,"kind":"scroll","url":"http://localhost:3001/","viewport":{"width":803,"height":636},"payload":{"scrollX":0,"scrollY":795,"documentHeight":1626,"viewportHeight":636}}
[2026-03-23T12:01:15.118Z] {"timestamp":1774267274975,"kind":"scroll","url":"http://localhost:3001/","viewport":{"width":803,"height":636},"payload":{"scrollX":0,"scrollY":888,"documentHeight":1626,"viewportHeight":636}}
[2026-03-23T12:01:17.120Z] {"timestamp":1774267275671,"kind":"scroll","url":"http://localhost:3001/","viewport":{"width":803,"height":636},"payload":{"scrollX":0,"scrollY":822,"documentHeight":1626,"viewportHeight":636}}
[2026-03-23T12:01:17.121Z] {"timestamp":1774267276338,"kind":"scroll","url":"http://localhost:3001/","viewport":{"width":803,"height":636},"payload":{"scrollX":0,"scrollY":715,"documentHeight":1626,"viewportHeight":636}}
[2026-03-23T12:01:17.121Z] {"timestamp":1774267276888,"kind":"scroll","url":"http://localhost:3001/","viewport":{"width":803,"height":636},"payload":{"scrollX":0,"scrollY":635,"documentHeight":1626,"viewportHeight":636}}
[2026-03-23T12:01:19.117Z] {"timestamp":1774267277575,"kind":"scroll","url":"http://localhost:3001/","viewport":{"width":803,"height":636},"payload":{"scrollX":0,"scrollY":558,"documentHeight":1626,"viewportHeight":636}}
[2026-03-23T12:01:19.117Z] {"timestamp":1774267278088,"kind":"scroll","url":"http://localhost:3001/","viewport":{"width":803,"height":636},"payload":{"scrollX":0,"scrollY":644,"documentHeight":1626,"viewportHeight":636}}
[2026-03-23T12:01:19.117Z] {"timestamp":1774267278604,"kind":"scroll","url":"http://localhost:3001/","viewport":{"width":803,"height":636},"payload":{"scrollX":0,"scrollY":826,"documentHeight":1626,"viewportHeight":636}}
[2026-03-23T12:01:21.128Z] {"timestamp":1774267279120,"kind":"scroll","url":"http://localhost:3001/","viewport":{"width":803,"height":636},"payload":{"scrollX":0,"scrollY":946,"documentHeight":1626,"viewportHeight":636}}
[2026-03-23T12:06:39.843Z] {"timestamp":1774267598630,"kind":"scroll","url":"http://localhost:3000/","viewport":{"width":803,"height":636},"payload":{"scrollX":0,"scrollY":12,"documentHeight":1626,"viewportHeight":636}}
[2026-03-23T12:06:41.828Z] {"timestamp":1774267601328,"kind":"scroll","url":"http://localhost:3000/","viewport":{"width":803,"height":636},"payload":{"scrollX":0,"scrollY":70,"documentHeight":1626,"viewportHeight":636}}
[2026-03-23T12:06:43.840Z] {"timestamp":1774267602146,"kind":"scroll","url":"http://localhost:3000/","viewport":{"width":803,"height":636},"payload":{"scrollX":0,"scrollY":162,"documentHeight":1626,"viewportHeight":636}}
[2026-03-23T12:06:43.840Z] {"timestamp":1774267602694,"kind":"scroll","url":"http://localhost:3000/","viewport":{"width":803,"height":636},"payload":{"scrollX":0,"scrollY":227,"documentHeight":1626,"viewportHeight":636}}
[2026-03-23T12:06:47.827Z] {"timestamp":1774267606128,"kind":"scroll","url":"http://localhost:3000/","viewport":{"width":803,"height":636},"payload":{"scrollX":0,"scrollY":354,"documentHeight":1626,"viewportHeight":636}}
[2026-03-23T12:06:47.827Z] {"timestamp":1774267607077,"kind":"scroll","url":"http://localhost:3000/","viewport":{"width":803,"height":636},"payload":{"scrollX":0,"scrollY":411,"documentHeight":1626,"viewportHeight":636}}
[2026-03-23T12:06:47.827Z] {"timestamp":1774267607712,"kind":"scroll","url":"http://localhost:3000/","viewport":{"width":803,"height":636},"payload":{"scrollX":0,"scrollY":442,"documentHeight":1626,"viewportHeight":636}}
[2026-03-23T12:06:49.829Z] {"timestamp":1774267608256,"kind":"scroll","url":"http://localhost:3000/","viewport":{"width":803,"height":636},"payload":{"scrollX":0,"scrollY":547,"documentHeight":1626,"viewportHeight":636}}
[2026-03-23T12:06:49.829Z] {"timestamp":1774267608944,"kind":"scroll","url":"http://localhost:3000/","viewport":{"width":803,"height":636},"payload":{"scrollX":0,"scrollY":657,"documentHeight":1626,"viewportHeight":636}}
[2026-03-23T12:06:51.833Z] {"timestamp":1774267610744,"kind":"scroll","url":"http://localhost:3000/","viewport":{"width":803,"height":636},"payload":{"scrollX":0,"scrollY":715,"documentHeight":1626,"viewportHeight":636}}
[2026-03-23T12:06:51.833Z] {"timestamp":1774267611361,"kind":"scroll","url":"http://localhost:3000/","viewport":{"width":803,"height":636},"payload":{"scrollX":0,"scrollY":762,"documentHeight":1626,"viewportHeight":636}}
[2026-03-23T12:06:53.828Z] {"timestamp":1774267612061,"kind":"scroll","url":"http://localhost:3000/","viewport":{"width":803,"height":636},"payload":{"scrollX":0,"scrollY":887,"documentHeight":1626,"viewportHeight":636}}
[2026-03-23T12:06:53.828Z] {"timestamp":1774267613411,"kind":"scroll","url":"http://localhost:3000/","viewport":{"width":803,"height":636},"payload":{"scrollX":0,"scrollY":946,"documentHeight":1626,"viewportHeight":636}}
[2026-03-23T12:06:55.829Z] {"timestamp":1774267614411,"kind":"scroll","url":"http://localhost:3000/","viewport":{"width":803,"height":636},"payload":{"scrollX":0,"scrollY":884,"documentHeight":1626,"viewportHeight":636}}
[2026-03-23T12:06:55.829Z] {"timestamp":1774267615228,"kind":"scroll","url":"http://localhost:3000/","viewport":{"width":803,"height":636},"payload":{"scrollX":0,"scrollY":846,"documentHeight":1626,"viewportHeight":636}}
[2026-03-23T12:06:55.829Z] {"timestamp":1774267615756,"kind":"scroll","url":"http://localhost:3000/","viewport":{"width":803,"height":636},"payload":{"scrollX":0,"scrollY":740,"documentHeight":1626,"viewportHeight":636}}
[2026-03-23T12:06:57.835Z] {"timestamp":1774267616272,"kind":"scroll","url":"http://localhost:3000/","viewport":{"width":803,"height":636},"payload":{"scrollX":0,"scrollY":495,"documentHeight":1626,"viewportHeight":636}}
[2026-03-23T12:06:57.835Z] {"timestamp":1774267616855,"kind":"scroll","url":"http://localhost:3000/","viewport":{"width":803,"height":636},"payload":{"scrollX":0,"scrollY":270,"documentHeight":1626,"viewportHeight":636}}
[2026-03-23T12:06:57.835Z] {"timestamp":1774267617356,"kind":"scroll","url":"http://localhost:3000/","viewport":{"width":803,"height":636},"payload":{"scrollX":0,"scrollY":34,"documentHeight":1626,"viewportHeight":636}}
[2026-03-23T12:11:11.840Z] {"timestamp":1774267871682,"kind":"scroll","url":"http://localhost:3000/","viewport":{"width":803,"height":636},"payload":{"scrollX":0,"scrollY":1,"documentHeight":1626,"viewportHeight":636}}
[2026-03-23T12:11:15.827Z] {"timestamp":1774267874920,"kind":"scroll","url":"http://localhost:3000/","viewport":{"width":803,"height":636},"payload":{"scrollX":0,"scrollY":3,"documentHeight":1626,"viewportHeight":636}}
[2026-03-23T12:11:15.827Z] {"timestamp":1774267875432,"kind":"scroll","url":"http://localhost:3000/","viewport":{"width":803,"height":636},"payload":{"scrollX":0,"scrollY":125,"documentHeight":1626,"viewportHeight":636}}
[2026-03-23T12:11:17.832Z] {"timestamp":1774267875948,"kind":"scroll","url":"http://localhost:3000/","viewport":{"width":803,"height":636},"payload":{"scrollX":0,"scrollY":363,"documentHeight":1626,"viewportHeight":636}}
[2026-03-23T12:11:19.831Z] {"timestamp":1774267877947,"kind":"click","url":"http://localhost:3000/","viewport":{"width":803,"height":636},"payload":{"target":{"tag":"h3","id":null,"name":null,"type":null,"role":null,"ariaLabel":null,"testId":null,"dataLoc":"client\\src\\pages\\Home.tsx:126","href":null,"text":"Students","selectorHint":"[data-loc=\"client\\src\\pages\\Home.tsx:126\"]"},"x":77,"y":391}}
[2026-03-23T12:11:21.833Z] {"timestamp":1774267880913,"kind":"click","url":"http://localhost:3000/","viewport":{"width":803,"height":636},"payload":{"target":{"tag":"h3","id":null,"name":null,"type":null,"role":null,"ariaLabel":null,"testId":null,"dataLoc":"client\\src\\pages\\Home.tsx:126","href":null,"text":"Students","selectorHint":"[data-loc=\"client\\src\\pages\\Home.tsx:126\"]"},"x":141,"y":380}}
[2026-03-23T12:11:25.826Z] {"timestamp":1774267884267,"kind":"click","url":"http://localhost:3000/","viewport":{"width":803,"height":636},"payload":{"target":{"tag":"h3","id":null,"name":null,"type":null,"role":null,"ariaLabel":null,"testId":null,"dataLoc":"client\\src\\pages\\Home.tsx:126","href":null,"text":"Students","selectorHint":"[data-loc=\"client\\src\\pages\\Home.tsx:126\"]"},"x":209,"y":374}}
[2026-03-23T12:11:25.826Z] {"timestamp":1774267885348,"kind":"click","url":"http://localhost:3000/","viewport":{"width":803,"height":636},"payload":{"target":{"tag":"h3","id":null,"name":null,"type":null,"role":null,"ariaLabel":null,"testId":null,"dataLoc":"client\\src\\pages\\Home.tsx:126","href":null,"text":"Lecturers","selectorHint":"[data-loc=\"client\\src\\pages\\Home.tsx:126\"]"},"x":452,"y":374}}
[2026-03-23T12:11:27.828Z] {"timestamp":1774267886976,"kind":"click","url":"http://localhost:3000/","viewport":{"width":803,"height":636},"payload":{"target":{"tag":"div","id":null,"name":null,"type":null,"role":null,"ariaLabel":null,"testId":null,"dataLoc":"client\\src\\pages\\Home.tsx:122","href":null,"text":"Administrators Manage users & roles Create & schedule courses Assign lecturers G…","selectorHint":"[data-loc=\"client\\src\\pages\\Home.tsx:122\"]"},"x":675,"y":315}}
[2026-03-23T12:11:29.827Z] {"timestamp":1774267888119,"kind":"scroll","url":"http://localhost:3000/","viewport":{"width":803,"height":636},"payload":{"scrollX":0,"scrollY":461,"documentHeight":1626,"viewportHeight":636}}
[2026-03-23T12:11:29.827Z] {"timestamp":1774267888664,"kind":"scroll","url":"http://localhost:3000/","viewport":{"width":803,"height":636},"payload":{"scrollX":0,"scrollY":632,"documentHeight":1626,"viewportHeight":636}}
[2026-03-23T12:11:31.830Z] {"timestamp":1774267890878,"kind":"click","url":"http://localhost:3000/","viewport":{"width":803,"height":636},"payload":{"target":{"tag":"h2","id":null,"name":null,"type":null,"role":null,"ariaLabel":null,"testId":null,"dataLoc":"client\\src\\pages\\Home.tsx:163","href":null,"text":"Ready to Get Started?","selectorHint":"[data-loc=\"client\\src\\pages\\Home.tsx:163\"]"},"x":410,"y":622}}
[2026-03-23T12:11:35.828Z] {"timestamp":1774267893911,"kind":"click","url":"http://localhost:3000/","viewport":{"width":803,"height":636},"payload":{"target":{"tag":"h2","id":null,"name":null,"type":null,"role":null,"ariaLabel":null,"testId":null,"dataLoc":"client\\src\\pages\\Home.tsx:163","href":null,"text":"Ready to Get Started?","selectorHint":"[data-loc=\"client\\src\\pages\\Home.tsx:163\"]"},"x":459,"y":613}}
[2026-03-23T12:11:37.829Z] {"timestamp":1774267896036,"kind":"click","url":"http://localhost:3000/","viewport":{"width":803,"height":636},"payload":{"target":{"tag":"h2","id":null,"name":null,"type":null,"role":null,"ariaLabel":null,"testId":null,"dataLoc":"client\\src\\pages\\Home.tsx:163","href":null,"text":"Ready to Get Started?","selectorHint":"[data-loc=\"client\\src\\pages\\Home.tsx:163\"]"},"x":324,"y":621}}
[2026-03-23T12:11:41.831Z] {"timestamp":1774267900234,"kind":"scroll","url":"http://localhost:3000/","viewport":{"width":803,"height":636},"payload":{"scrollX":0,"scrollY":754,"documentHeight":1626,"viewportHeight":636}}
[2026-03-23T12:11:41.831Z] {"timestamp":1774267900813,"kind":"scroll","url":"http://localhost:3000/","viewport":{"width":803,"height":636},"payload":{"scrollX":0,"scrollY":647,"documentHeight":1626,"viewportHeight":636}}
[2026-03-23T12:11:41.831Z] {"timestamp":1774267901329,"kind":"scroll","url":"http://localhost:3000/","viewport":{"width":803,"height":636},"payload":{"scrollX":0,"scrollY":578,"documentHeight":1626,"viewportHeight":636}}
[2026-03-23T12:11:43.828Z] {"timestamp":1774267901946,"kind":"scroll","url":"http://localhost:3000/","viewport":{"width":803,"height":636},"payload":{"scrollX":0,"scrollY":355,"documentHeight":1626,"viewportHeight":636}}
[2026-03-23T12:11:43.828Z] {"timestamp":1774267902446,"kind":"scroll","url":"http://localhost:3000/","viewport":{"width":803,"height":636},"payload":{"scrollX":0,"scrollY":315,"documentHeight":1626,"viewportHeight":636}}
[2026-03-23T12:11:43.828Z] {"timestamp":1774267902962,"kind":"scroll","url":"http://localhost:3000/","viewport":{"width":803,"height":636},"payload":{"scrollX":0,"scrollY":241,"documentHeight":1626,"viewportHeight":636}}
[2026-03-23T12:11:43.828Z] {"timestamp":1774267903512,"kind":"scroll","url":"http://localhost:3000/","viewport":{"width":803,"height":636},"payload":{"scrollX":0,"scrollY":207,"documentHeight":1626,"viewportHeight":636}}
[2026-03-23T12:11:45.828Z] {"timestamp":1774267904283,"kind":"scroll","url":"http://localhost:3000/","viewport":{"width":803,"height":636},"payload":{"scrollX":0,"scrollY":348,"documentHeight":1626,"viewportHeight":636}}
[2026-03-23T12:11:45.828Z] {"timestamp":1774267904916,"kind":"scroll","url":"http://localhost:3000/","viewport":{"width":803,"height":636},"payload":{"scrollX":0,"scrollY":440,"documentHeight":1626,"viewportHeight":636}}
[2026-03-23T12:11:53.827Z] {"timestamp":1774267912694,"kind":"scroll","url":"http://localhost:3000/","viewport":{"width":803,"height":636},"payload":{"scrollX":0,"scrollY":465,"documentHeight":1626,"viewportHeight":636}}
[2026-03-23T12:11:55.826Z] {"timestamp":1774267914145,"kind":"scroll","url":"http://localhost:3000/","viewport":{"width":803,"height":636},"payload":{"scrollX":0,"scrollY":466,"documentHeight":1626,"viewportHeight":636}}
[2026-03-23T12:11:55.826Z] {"timestamp":1774267914678,"kind":"scroll","url":"http://localhost:3000/","viewport":{"width":803,"height":636},"payload":{"scrollX":0,"scrollY":483,"documentHeight":1626,"viewportHeight":636}}
[2026-03-23T12:11:55.826Z] {"timestamp":1774267915195,"kind":"scroll","url":"http://localhost:3000/","viewport":{"width":803,"height":636},"payload":{"scrollX":0,"scrollY":539,"documentHeight":1626,"viewportHeight":636}}
[2026-03-23T12:11:57.828Z] {"timestamp":1774267916760,"kind":"click","url":"http://localhost:3000/","viewport":{"width":803,"height":636},"payload":{"target":{"tag":"li","id":null,"name":null,"type":null,"role":null,"ariaLabel":null,"testId":null,"dataLoc":"client\\src\\pages\\Home.tsx:129","href":null,"text":"Academic history tracking","selectorHint":"[data-loc=\"client\\src\\pages\\Home.tsx:129\"]"},"x":137,"y":455}}
[2026-03-23T12:11:57.828Z] {"timestamp":1774267916907,"kind":"click","url":"http://localhost:3000/","viewport":{"width":803,"height":636},"payload":{"target":{"tag":"li","id":null,"name":null,"type":null,"role":null,"ariaLabel":null,"testId":null,"dataLoc":"client\\src\\pages\\Home.tsx:129","href":null,"text":"Academic history tracking","selectorHint":"[data-loc=\"client\\src\\pages\\Home.tsx:129\"]"},"x":137,"y":455}}
[2026-03-23T12:11:57.828Z] {"timestamp":1774267917125,"kind":"click","url":"http://localhost:3000/","viewport":{"width":803,"height":636},"payload":{"target":{"tag":"li","id":null,"name":null,"type":null,"role":null,"ariaLabel":null,"testId":null,"dataLoc":"client\\src\\pages\\Home.tsx:129","href":null,"text":"Academic history tracking","selectorHint":"[data-loc=\"client\\src\\pages\\Home.tsx:129\"]"},"x":137,"y":455}}
[2026-03-23T12:11:59.834Z] {"timestamp":1774267919488,"kind":"click","url":"http://localhost:3000/","viewport":{"width":803,"height":636},"payload":{"target":{"tag":"div","id":null,"name":null,"type":null,"role":null,"ariaLabel":null,"testId":null,"dataLoc":"client\\src\\pages\\Home.tsx:122","href":null,"text":"Students Browse & enroll in courses View timetable & schedule Check grades & GPA…","selectorHint":"[data-loc=\"client\\src\\pages\\Home.tsx:122\"]"},"x":165,"y":485}}
[2026-03-23T12:12:01.828Z] {"timestamp":1774267921332,"kind":"scroll","url":"http://localhost:3000/","viewport":{"width":803,"height":636},"payload":{"scrollX":0,"scrollY":537,"documentHeight":1626,"viewportHeight":636}}
[2026-03-23T12:12:03.842Z] {"timestamp":1774267921844,"kind":"scroll","url":"http://localhost:3000/","viewport":{"width":803,"height":636},"payload":{"scrollX":0,"scrollY":481,"documentHeight":1626,"viewportHeight":636}}
[2026-03-23T12:12:03.842Z] {"timestamp":1774267922344,"kind":"scroll","url":"http://localhost:3000/","viewport":{"width":803,"height":636},"payload":{"scrollX":0,"scrollY":169,"documentHeight":1626,"viewportHeight":636}}
[2026-03-23T12:12:15.842Z] {"timestamp":1774267934302,"kind":"click","url":"http://localhost:3000/","viewport":{"width":803,"height":636},"payload":{"target":{"tag":"div","id":null,"name":null,"type":null,"role":null,"ariaLabel":null,"testId":null,"dataLoc":"client\\src\\pages\\Home.tsx:53","href":null,"text":"Academic Management Platform","selectorHint":"[data-loc=\"client\\src\\pages\\Home.tsx:53\"]"},"x":398,"y":167}}
[2026-03-23T12:12:22.511Z] {"timestamp":1774267941765,"kind":"scroll","url":"http://localhost:3000/","viewport":{"width":803,"height":636},"payload":{"scrollX":0,"scrollY":3,"documentHeight":1626,"viewportHeight":636}}
[2026-03-23T12:12:22.511Z] {"timestamp":1774267942330,"kind":"scroll","url":"http://localhost:3000/","viewport":{"width":803,"height":636},"payload":{"scrollX":0,"scrollY":90,"documentHeight":1626,"viewportHeight":636}}
[2026-03-23T12:12:24.510Z] {"timestamp":1774267942876,"kind":"scroll","url":"http://localhost:3000/","viewport":{"width":803,"height":636},"payload":{"scrollX":0,"scrollY":191,"documentHeight":1626,"viewportHeight":636}}
[2026-03-23T12:12:24.510Z] {"timestamp":1774267943392,"kind":"scroll","url":"http://localhost:3000/","viewport":{"width":803,"height":636},"payload":{"scrollX":0,"scrollY":401,"documentHeight":1626,"viewportHeight":636}}
[2026-03-23T12:12:24.510Z] {"timestamp":1774267943892,"kind":"scroll","url":"http://localhost:3000/","viewport":{"width":803,"height":636},"payload":{"scrollX":0,"scrollY":671,"documentHeight":1626,"viewportHeight":636}}
[2026-03-23T12:12:24.510Z] {"timestamp":1774267944392,"kind":"scroll","url":"http://localhost:3000/","viewport":{"width":803,"height":636},"payload":{"scrollX":0,"scrollY":863,"documentHeight":1626,"viewportHeight":636}}
[2026-03-23T12:12:32.039Z] {"timestamp":1774267951196,"kind":"scroll","url":"http://localhost:3000/","viewport":{"width":803,"height":636},"payload":{"scrollX":0,"scrollY":6,"documentHeight":1626,"viewportHeight":636}}
[2026-03-23T12:12:32.039Z] {"timestamp":1774267951708,"kind":"scroll","url":"http://localhost:3000/","viewport":{"width":803,"height":636},"payload":{"scrollX":0,"scrollY":395,"documentHeight":1626,"viewportHeight":636}}
[2026-03-23T12:12:34.037Z] {"timestamp":1774267952224,"kind":"scroll","url":"http://localhost:3000/","viewport":{"width":803,"height":636},"payload":{"scrollX":0,"scrollY":698,"documentHeight":1626,"viewportHeight":636}}
[2026-03-23T12:12:34.037Z] {"timestamp":1774267952725,"kind":"scroll","url":"http://localhost:3000/","viewport":{"width":803,"height":636},"payload":{"scrollX":0,"scrollY":961,"documentHeight":1626,"viewportHeight":636}}
[2026-03-23T12:12:34.037Z] {"timestamp":1774267953579,"kind":"scroll","url":"http://localhost:3000/","viewport":{"width":803,"height":636},"payload":{"scrollX":0,"scrollY":989,"documentHeight":1626,"viewportHeight":636}}
[2026-03-23T12:12:36.044Z] {"timestamp":1774267954090,"kind":"scroll","url":"http://localhost:3000/","viewport":{"width":803,"height":636},"payload":{"scrollX":0,"scrollY":688,"documentHeight":1626,"viewportHeight":636}}
[2026-03-23T12:12:46.036Z] {"timestamp":1774267964271,"kind":"scroll","url":"http://localhost:3000/","viewport":{"width":803,"height":636},"payload":{"scrollX":0,"scrollY":6,"documentHeight":1626,"viewportHeight":636}}
[2026-03-23T12:12:52.035Z] {"timestamp":1774267971152,"kind":"click","url":"http://localhost:3000/","viewport":{"width":803,"height":636},"payload":{"target":{"tag":"section","id":"features","name":null,"type":null,"role":null,"ariaLabel":null,"testId":null,"dataLoc":"client\\src\\pages\\Home.tsx:80","href":null,"text":"Built for Every Role Tailored experiences for students, lecturers, and administr…","selectorHint":"[data-loc=\"client\\src\\pages\\Home.tsx:80\"]"},"x":782,"y":92}}
[2026-03-24T11:55:47.213Z] {"timestamp":1774353346501,"kind":"error","url":"http://localhost:3000/","viewport":{"width":1358,"height":636},"payload":{"message":"Uncaught SyntaxError: Unexpected token '<'","filename":"http://localhost:3000/umami","lineno":1,"colno":1}}
[2026-03-24T11:55:59.253Z] {"timestamp":1774353357613,"kind":"error","url":"http://localhost:3000/","viewport":{"width":1358,"height":636},"payload":{"message":"Uncaught SyntaxError: Unexpected token '<'","filename":"http://localhost:3000/umami","lineno":1,"colno":1}}
[2026-03-24T11:56:05.070Z] {"timestamp":1774353363635,"kind":"error","url":"http://localhost:3000/","viewport":{"width":1358,"height":636},"payload":{"message":"Uncaught SyntaxError: Unexpected token '<'","filename":"http://localhost:3000/umami","lineno":1,"colno":1}}
[2026-03-24T11:56:09.065Z] {"timestamp":1774353368248,"kind":"scroll","url":"http://localhost:3000/","viewport":{"width":1358,"height":636},"payload":{"scrollX":0,"scrollY":14,"documentHeight":1710,"viewportHeight":636}}
[2026-03-24T11:56:09.065Z] {"timestamp":1774353368764,"kind":"scroll","url":"http://localhost:3000/","viewport":{"width":1358,"height":636},"payload":{"scrollX":0,"scrollY":350,"documentHeight":1710,"viewportHeight":636}}
[2026-03-24T11:56:11.070Z] {"timestamp":1774353369264,"kind":"scroll","url":"http://localhost:3000/","viewport":{"width":1358,"height":636},"payload":{"scrollX":0,"scrollY":778,"documentHeight":1710,"viewportHeight":636}}
[2026-03-24T11:56:11.070Z] {"timestamp":1774353369917,"kind":"scroll","url":"http://localhost:3000/","viewport":{"width":1358,"height":636},"payload":{"scrollX":0,"scrollY":830,"documentHeight":1710,"viewportHeight":636}}
[2026-03-24T11:56:11.070Z] {"timestamp":1774353370464,"kind":"scroll","url":"http://localhost:3000/","viewport":{"width":1358,"height":636},"payload":{"scrollX":0,"scrollY":1074,"documentHeight":1710,"viewportHeight":636}}
[2026-03-24T11:56:13.070Z] {"timestamp":1774353371132,"kind":"scroll","url":"http://localhost:3000/","viewport":{"width":1358,"height":636},"payload":{"scrollX":0,"scrollY":1020,"documentHeight":1710,"viewportHeight":636}}
[2026-03-24T11:56:13.070Z] {"timestamp":1774353372149,"kind":"scroll","url":"http://localhost:3000/","viewport":{"width":1358,"height":636},"payload":{"scrollX":0,"scrollY":862,"documentHeight":1710,"viewportHeight":636}}
[2026-03-24T11:56:15.065Z] {"timestamp":1774353373082,"kind":"scroll","url":"http://localhost:3000/","viewport":{"width":1358,"height":636},"payload":{"scrollX":0,"scrollY":918,"documentHeight":1710,"viewportHeight":636}}
[2026-03-24T11:56:15.065Z] {"timestamp":1774353373716,"kind":"scroll","url":"http://localhost:3000/","viewport":{"width":1358,"height":636},"payload":{"scrollX":0,"scrollY":1023,"documentHeight":1710,"viewportHeight":636}}
[2026-03-24T11:56:15.065Z] {"timestamp":1774353374615,"kind":"scroll","url":"http://localhost:3000/","viewport":{"width":1358,"height":636},"payload":{"scrollX":0,"scrollY":1037,"documentHeight":1710,"viewportHeight":636}}
[2026-03-24T11:56:17.062Z] {"timestamp":1774353376932,"kind":"focusin","url":"http://localhost:3000/","viewport":{"width":1358,"height":636},"payload":{"target":{"tag":"a","id":null,"name":null,"type":null,"role":null,"ariaLabel":null,"testId":null,"dataLoc":"client\\src\\pages\\Home.tsx:43","href":"/","text":"Sign In","selectorHint":"[data-loc=\"client\\src\\pages\\Home.tsx:43\"]"}}}
[2026-03-24T11:56:19.363Z] {"timestamp":1774353377587,"kind":"error","url":"http://localhost:3000/","viewport":{"width":1358,"height":636},"payload":{"message":"Uncaught SyntaxError: Unexpected token '<'","filename":"http://localhost:3000/umami","lineno":1,"colno":1}}
[2026-03-24T11:57:03.350Z] {"timestamp":1774353422444,"kind":"scroll","url":"http://localhost:3000/","viewport":{"width":1358,"height":636},"payload":{"scrollX":0,"scrollY":45,"documentHeight":1710,"viewportHeight":636}}
[2026-03-24T11:57:03.350Z] {"timestamp":1774353423010,"kind":"scroll","url":"http://localhost:3000/","viewport":{"width":1358,"height":636},"payload":{"scrollX":0,"scrollY":509,"documentHeight":1710,"viewportHeight":636}}
[2026-03-24T11:57:07.258Z] {"timestamp":1774353425521,"kind":"error","url":"http://localhost:3000/","viewport":{"width":1358,"height":636},"payload":{"message":"Uncaught SyntaxError: Unexpected token '<'","filename":"http://localhost:3000/umami","lineno":1,"colno":1}}
[2026-03-24T11:57:09.257Z] {"timestamp":1774353428693,"kind":"scroll","url":"http://localhost:3000/","viewport":{"width":1358,"height":636},"payload":{"scrollX":0,"scrollY":13,"documentHeight":1710,"viewportHeight":636}}
[2026-03-24T11:57:09.257Z] {"timestamp":1774353429194,"kind":"scroll","url":"http://localhost:3000/","viewport":{"width":1358,"height":636},"payload":{"scrollX":0,"scrollY":222,"documentHeight":1710,"viewportHeight":636}}
[2026-03-24T11:57:11.253Z] {"timestamp":1774353430076,"kind":"scroll","url":"http://localhost:3000/","viewport":{"width":1358,"height":636},"payload":{"scrollX":0,"scrollY":779,"documentHeight":1710,"viewportHeight":636}}
[2026-03-24T11:57:13.255Z] {"timestamp":1774353431310,"kind":"scroll","url":"http://localhost:3000/","viewport":{"width":1358,"height":636},"payload":{"scrollX":0,"scrollY":1051,"documentHeight":1710,"viewportHeight":636}}
[2026-03-24T11:57:13.255Z] {"timestamp":1774353432160,"kind":"scroll","url":"http://localhost:3000/","viewport":{"width":1358,"height":636},"payload":{"scrollX":0,"scrollY":57,"documentHeight":1710,"viewportHeight":636}}
[2026-03-24T11:57:15.258Z] {"timestamp":1774353433878,"kind":"click","url":"http://localhost:3000/","viewport":{"width":1358,"height":636},"payload":{"target":{"tag":"li","id":null,"name":null,"type":null,"role":null,"ariaLabel":null,"testId":null,"dataLoc":"client\\src\\pages\\Home.tsx:129","href":null,"text":"Assign lecturers","selectorHint":"[data-loc=\"client\\src\\pages\\Home.tsx:129\"]"},"x":1035,"y":439}}
[2026-03-24T11:57:15.258Z] {"timestamp":1774353435015,"kind":"click","url":"http://localhost:3000/","viewport":{"width":1358,"height":636},"payload":{"target":{"tag":"h3","id":null,"name":null,"type":null,"role":null,"ariaLabel":null,"testId":null,"dataLoc":"client\\src\\pages\\Home.tsx:126","href":null,"text":"Lecturers","selectorHint":"[data-loc=\"client\\src\\pages\\Home.tsx:126\"]"},"x":717,"y":365}}
[2026-03-24T11:57:17.252Z] {"timestamp":1774353435709,"kind":"scroll","url":"http://localhost:3000/","viewport":{"width":1358,"height":636},"payload":{"scrollX":0,"scrollY":655,"documentHeight":1710,"viewportHeight":636}}
[2026-03-24T12:03:33.220Z] {"timestamp":1774353811569,"kind":"error","url":"http://localhost:3000/","viewport":{"width":1358,"height":636},"payload":{"message":"Uncaught SyntaxError: Unexpected token '<'","filename":"http://localhost:3000/umami","lineno":1,"colno":1}}
[2026-03-24T12:03:37.188Z] {"timestamp":1774353816507,"kind":"scroll","url":"http://localhost:3000/","viewport":{"width":1358,"height":636},"payload":{"scrollX":0,"scrollY":27,"documentHeight":1710,"viewportHeight":636}}
[2026-03-24T12:03:37.188Z] {"timestamp":1774353817008,"kind":"scroll","url":"http://localhost:3000/","viewport":{"width":1358,"height":636},"payload":{"scrollX":0,"scrollY":204,"documentHeight":1710,"viewportHeight":636}}
[2026-03-24T12:03:39.185Z] {"timestamp":1774353817902,"kind":"focusin","url":"http://localhost:3000/","viewport":{"width":1358,"height":636},"payload":{"target":{"tag":"a","id":null,"name":null,"type":null,"role":null,"ariaLabel":null,"testId":null,"dataLoc":"client\\src\\pages\\Home.tsx:73","href":"#features","text":"Learn More","selectorHint":"[data-loc=\"client\\src\\pages\\Home.tsx:73\"]"}}}
[2026-03-24T12:03:39.185Z] {"timestamp":1774353818120,"kind":"click","url":"http://localhost:3000/","viewport":{"width":1358,"height":636},"payload":{"target":{"tag":"a","id":null,"name":null,"type":null,"role":null,"ariaLabel":null,"testId":null,"dataLoc":"client\\src\\pages\\Home.tsx:73","href":"#features","text":"Learn More","selectorHint":"[data-loc=\"client\\src\\pages\\Home.tsx:73\"]"},"x":782,"y":325}}
[2026-03-24T12:03:39.185Z] {"timestamp":1774353818124,"kind":"navigate","url":"http://localhost:3000/#features","viewport":{"width":1358,"height":636},"payload":{"reason":"popstate"}}
[2026-03-24T12:03:39.185Z] {"timestamp":1774353818126,"kind":"focusout","url":"http://localhost:3000/#features","viewport":{"width":1358,"height":636},"payload":{"target":{"tag":"a","id":null,"name":null,"type":null,"role":null,"ariaLabel":null,"testId":null,"dataLoc":"client\\src\\pages\\Home.tsx:73","href":"#features","text":"Learn More","selectorHint":"[data-loc=\"client\\src\\pages\\Home.tsx:73\"]"},"value":null}}
[2026-03-24T12:03:39.185Z] {"timestamp":1774353818131,"kind":"scroll","url":"http://localhost:3000/#features","viewport":{"width":1358,"height":636},"payload":{"scrollX":0,"scrollY":655,"documentHeight":1710,"viewportHeight":636}}
[2026-03-24T12:03:39.185Z] {"timestamp":1774353818133,"kind":"navigate","url":"http://localhost:3000/#features","viewport":{"width":1358,"height":636},"payload":{"reason":"hashchange"}}
[2026-03-24T12:03:41.183Z] {"timestamp":1774353819806,"kind":"scroll","url":"http://localhost:3000/#features","viewport":{"width":1358,"height":636},"payload":{"scrollX":0,"scrollY":534,"documentHeight":1710,"viewportHeight":636}}
[2026-03-24T12:03:41.183Z] {"timestamp":1774353820424,"kind":"scroll","url":"http://localhost:3000/#features","viewport":{"width":1358,"height":636},"payload":{"scrollX":0,"scrollY":868,"documentHeight":1710,"viewportHeight":636}}
[2026-03-24T12:03:45.078Z] {"timestamp":1774353823320,"kind":"error","url":"http://localhost:3000/","viewport":{"width":1358,"height":636},"payload":{"message":"Uncaught SyntaxError: Unexpected token '<'","filename":"http://localhost:3000/umami","lineno":1,"colno":1}}
[2026-03-24T12:03:51.064Z] {"timestamp":1774353829323,"kind":"scroll","url":"http://localhost:3000/","viewport":{"width":1358,"height":636},"payload":{"scrollX":0,"scrollY":48,"documentHeight":1710,"viewportHeight":636}}
[2026-03-24T12:03:51.064Z] {"timestamp":1774353829939,"kind":"scroll","url":"http://localhost:3000/","viewport":{"width":1358,"height":636},"payload":{"scrollX":0,"scrollY":214,"documentHeight":1710,"viewportHeight":636}}
[2026-03-24T12:54:51.424Z] {"timestamp":1774356889439,"kind":"error","url":"http://localhost:3000/","viewport":{"width":1358,"height":636},"payload":{"message":"Uncaught SyntaxError: Unexpected token '<'","filename":"http://localhost:3000/umami","lineno":1,"colno":1}}
[2026-03-25T09:32:35.253Z] {"timestamp":1774431154531,"kind":"error","url":"http://localhost:3000/","viewport":{"width":1358,"height":636},"payload":{"message":"Uncaught SyntaxError: Unexpected token '<'","filename":"http://localhost:3000/umami","lineno":1,"colno":1}}
[2026-03-25T09:33:12.747Z] {"timestamp":1774431190934,"kind":"error","url":"http://localhost:3000/","viewport":{"width":1358,"height":636},"payload":{"message":"Uncaught SyntaxError: Unexpected token '<'","filename":"http://localhost:3000/umami","lineno":1,"colno":1}}
[2026-03-25T09:34:07.832Z] {"timestamp":1774431246339,"kind":"error","url":"http://localhost:3000/","viewport":{"width":1358,"height":636},"payload":{"message":"Uncaught SyntaxError: Unexpected token '<'","filename":"http://localhost:3000/umami","lineno":1,"colno":1}}
[2026-03-25T09:34:23.372Z] {"timestamp":1774431261576,"kind":"error","url":"http://localhost:3000/","viewport":{"width":1358,"height":636},"payload":{"message":"Uncaught SyntaxError: Unexpected token '<'","filename":"http://localhost:3000/umami","lineno":1,"colno":1}}
[2026-03-25T09:34:27.988Z] {"timestamp":1774431266112,"kind":"error","url":"http://localhost:3000/","viewport":{"width":1358,"height":636},"payload":{"message":"Uncaught SyntaxError: Unexpected token '<'","filename":"http://localhost:3000/umami","lineno":1,"colno":1}}
[2026-03-25T09:34:27.988Z] {"timestamp":1774431267414,"kind":"scroll","url":"http://localhost:3000/","viewport":{"width":1358,"height":636},"payload":{"scrollX":0,"scrollY":40,"documentHeight":1710,"viewportHeight":636}}
[2026-03-25T09:34:27.988Z] {"timestamp":1774431267934,"kind":"scroll","url":"http://localhost:3000/","viewport":{"width":1358,"height":636},"payload":{"scrollX":0,"scrollY":102,"documentHeight":1710,"viewportHeight":636}}
[2026-03-25T09:34:29.992Z] {"timestamp":1774431268451,"kind":"scroll","url":"http://localhost:3000/","viewport":{"width":1358,"height":636},"payload":{"scrollX":0,"scrollY":516,"documentHeight":1710,"viewportHeight":636}}
[2026-03-25T09:34:29.992Z] {"timestamp":1774431268965,"kind":"scroll","url":"http://localhost:3000/","viewport":{"width":1358,"height":636},"payload":{"scrollX":0,"scrollY":882,"documentHeight":1710,"viewportHeight":636}}
[2026-03-25T09:34:31.983Z] {"timestamp":1774431270052,"kind":"scroll","url":"http://localhost:3000/","viewport":{"width":1358,"height":636},"payload":{"scrollX":0,"scrollY":854,"documentHeight":1710,"viewportHeight":636}}
[2026-03-25T09:34:31.983Z] {"timestamp":1774431271054,"kind":"click","url":"http://localhost:3000/","viewport":{"width":1358,"height":636},"payload":{"target":{"tag":"div","id":null,"name":null,"type":null,"role":null,"ariaLabel":null,"testId":null,"dataLoc":"client\\src\\pages\\Home.tsx:122","href":null,"text":"Lecturers View assigned courses Access class rosters Upload & manage grades Trac…","selectorHint":"[data-loc=\"client\\src\\pages\\Home.tsx:122\"]"},"x":593,"y":201}}
[2026-03-25T09:34:31.985Z] {"timestamp":1774431271417,"kind":"scroll","url":"http://localhost:3000/","viewport":{"width":1358,"height":636},"payload":{"scrollX":0,"scrollY":734,"documentHeight":1710,"viewportHeight":636}}
[2026-03-25T09:34:36.700Z] {"timestamp":1774431274867,"kind":"error","url":"http://localhost:3000/","viewport":{"width":1358,"height":636},"payload":{"message":"Uncaught SyntaxError: Unexpected token '<'","filename":"http://localhost:3000/umami","lineno":1,"colno":1}}
[2026-03-25T09:34:36.700Z] {"timestamp":1774431275982,"kind":"scroll","url":"http://localhost:3000/","viewport":{"width":1358,"height":636},"payload":{"scrollX":0,"scrollY":72,"documentHeight":1710,"viewportHeight":636}}
[2026-03-25T09:34:36.700Z] {"timestamp":1774431276485,"kind":"scroll","url":"http://localhost:3000/","viewport":{"width":1358,"height":636},"payload":{"scrollX":0,"scrollY":977,"documentHeight":1710,"viewportHeight":636}}
[2026-03-25T09:34:40.695Z] {"timestamp":1774431278982,"kind":"scroll","url":"http://localhost:3000/","viewport":{"width":1358,"height":636},"payload":{"scrollX":0,"scrollY":1024,"documentHeight":1710,"viewportHeight":636}}
[2026-03-25T09:34:40.695Z] {"timestamp":1774431279482,"kind":"scroll","url":"http://localhost:3000/","viewport":{"width":1358,"height":636},"payload":{"scrollX":0,"scrollY":490,"documentHeight":1710,"viewportHeight":636}}
[2026-03-25T09:34:44.739Z] {"timestamp":1774431282896,"kind":"error","url":"http://localhost:3000/","viewport":{"width":1358,"height":636},"payload":{"message":"Uncaught SyntaxError: Unexpected token '<'","filename":"http://localhost:3000/umami","lineno":1,"colno":1}}
[2026-03-25T09:34:54.730Z] {"timestamp":1774431294029,"kind":"scroll","url":"http://localhost:3000/","viewport":{"width":1358,"height":636},"payload":{"scrollX":0,"scrollY":15,"documentHeight":1710,"viewportHeight":636}}
[2026-03-25T09:34:54.730Z] {"timestamp":1774431294533,"kind":"scroll","url":"http://localhost:3000/","viewport":{"width":1358,"height":636},"payload":{"scrollX":0,"scrollY":168,"documentHeight":1710,"viewportHeight":636}}
[2026-03-25T09:34:56.724Z] {"timestamp":1774431295033,"kind":"scroll","url":"http://localhost:3000/","viewport":{"width":1358,"height":636},"payload":{"scrollX":0,"scrollY":251,"documentHeight":1710,"viewportHeight":636}}
[2026-03-25T09:34:56.724Z] {"timestamp":1774431296590,"kind":"focusin","url":"http://localhost:3000/","viewport":{"width":1358,"height":636},"payload":{"target":{"tag":"a","id":null,"name":null,"type":null,"role":null,"ariaLabel":null,"testId":null,"dataLoc":"client\\src\\pages\\Home.tsx:73","href":"#features","text":"Learn More","selectorHint":"[data-loc=\"client\\src\\pages\\Home.tsx:73\"]"}}}
[2026-03-25T09:34:58.724Z] {"timestamp":1774431296804,"kind":"click","url":"http://localhost:3000/","viewport":{"width":1358,"height":636},"payload":{"target":{"tag":"a","id":null,"name":null,"type":null,"role":null,"ariaLabel":null,"testId":null,"dataLoc":"client\\src\\pages\\Home.tsx:73","href":"#features","text":"Learn More","selectorHint":"[data-loc=\"client\\src\\pages\\Home.tsx:73\"]"},"x":747,"y":138}}
[2026-03-25T09:34:58.724Z] {"timestamp":1774431296806,"kind":"navigate","url":"http://localhost:3000/#features","viewport":{"width":1358,"height":636},"payload":{"reason":"popstate"}}
[2026-03-25T09:34:58.724Z] {"timestamp":1774431296808,"kind":"focusout","url":"http://localhost:3000/#features","viewport":{"width":1358,"height":636},"payload":{"target":{"tag":"a","id":null,"name":null,"type":null,"role":null,"ariaLabel":null,"testId":null,"dataLoc":"client\\src\\pages\\Home.tsx:73","href":"#features","text":"Learn More","selectorHint":"[data-loc=\"client\\src\\pages\\Home.tsx:73\"]"},"value":null}}
[2026-03-25T09:34:58.724Z] {"timestamp":1774431296814,"kind":"scroll","url":"http://localhost:3000/#features","viewport":{"width":1358,"height":636},"payload":{"scrollX":0,"scrollY":655,"documentHeight":1710,"viewportHeight":636}}
[2026-03-25T09:34:58.724Z] {"timestamp":1774431296817,"kind":"navigate","url":"http://localhost:3000/#features","viewport":{"width":1358,"height":636},"payload":{"reason":"hashchange"}}
[2026-03-25T09:34:58.724Z] {"timestamp":1774431297880,"kind":"scroll","url":"http://localhost:3000/#features","viewport":{"width":1358,"height":636},"payload":{"scrollX":0,"scrollY":683,"documentHeight":1710,"viewportHeight":636}}
[2026-03-25T09:35:00.726Z] {"timestamp":1774431299280,"kind":"scroll","url":"http://localhost:3000/#features","viewport":{"width":1358,"height":636},"payload":{"scrollX":0,"scrollY":962,"documentHeight":1710,"viewportHeight":636}}
[2026-03-25T09:35:00.726Z] {"timestamp":1774431299996,"kind":"scroll","url":"http://localhost:3000/#features","viewport":{"width":1358,"height":636},"payload":{"scrollX":0,"scrollY":583,"documentHeight":1710,"viewportHeight":636}}
[2026-03-25T09:35:03.808Z] {"timestamp":1774431301997,"kind":"error","url":"http://localhost:3000/","viewport":{"width":1358,"height":636},"payload":{"message":"Uncaught SyntaxError: Unexpected token '<'","filename":"http://localhost:3000/umami","lineno":1,"colno":1}}
[2026-03-25T09:35:05.797Z] {"timestamp":1774431305146,"kind":"scroll","url":"http://localhost:3000/","viewport":{"width":1358,"height":636},"payload":{"scrollX":0,"scrollY":59,"documentHeight":1710,"viewportHeight":636}}
[2026-03-25T09:35:05.797Z] {"timestamp":1774431305680,"kind":"scroll","url":"http://localhost:3000/","viewport":{"width":1358,"height":636},"payload":{"scrollX":0,"scrollY":620,"documentHeight":1710,"viewportHeight":636}}
[2026-03-25T09:35:10.384Z] {"timestamp":1774431308584,"kind":"error","url":"http://localhost:3000/","viewport":{"width":1358,"height":636},"payload":{"message":"Uncaught SyntaxError: Unexpected token '<'","filename":"http://localhost:3000/umami","lineno":1,"colno":1}}
[2026-03-25T09:35:12.383Z] {"timestamp":1774431310379,"kind":"scroll","url":"http://localhost:3000/","viewport":{"width":1358,"height":636},"payload":{"scrollX":0,"scrollY":64,"documentHeight":1710,"viewportHeight":636}}
[2026-03-25T09:35:12.383Z] {"timestamp":1774431310894,"kind":"scroll","url":"http://localhost:3000/","viewport":{"width":1358,"height":636},"payload":{"scrollX":0,"scrollY":553,"documentHeight":1710,"viewportHeight":636}}
[2026-03-25T09:35:12.383Z] {"timestamp":1774431311779,"kind":"scroll","url":"http://localhost:3000/","viewport":{"width":1358,"height":636},"payload":{"scrollX":0,"scrollY":1020,"documentHeight":1710,"viewportHeight":636}}
[2026-03-25T09:35:12.383Z] {"timestamp":1774431312281,"kind":"scroll","url":"http://localhost:3000/","viewport":{"width":1358,"height":636},"payload":{"scrollX":0,"scrollY":377,"documentHeight":1710,"viewportHeight":636}}
[2026-03-25T09:35:14.415Z] {"timestamp":1774431314017,"kind":"focusin","url":"http://localhost:3000/","viewport":{"width":1358,"height":636},"payload":{"target":{"tag":"a","id":null,"name":null,"type":null,"role":null,"ariaLabel":null,"testId":null,"dataLoc":"client\\src\\pages\\Home.tsx:73","href":"#features","text":"Learn More","selectorHint":"[data-loc=\"client\\src\\pages\\Home.tsx:73\"]"}}}
[2026-03-25T09:35:14.415Z] {"timestamp":1774431314235,"kind":"click","url":"http://localhost:3000/","viewport":{"width":1358,"height":636},"payload":{"target":{"tag":"a","id":null,"name":null,"type":null,"role":null,"ariaLabel":null,"testId":null,"dataLoc":"client\\src\\pages\\Home.tsx:73","href":"#features","text":"Learn More","selectorHint":"[data-loc=\"client\\src\\pages\\Home.tsx:73\"]"},"x":730,"y":204}}
[2026-03-25T09:35:14.415Z] {"timestamp":1774431314238,"kind":"navigate","url":"http://localhost:3000/#features","viewport":{"width":1358,"height":636},"payload":{"reason":"popstate"}}
[2026-03-25T09:35:14.415Z] {"timestamp":1774431314239,"kind":"focusout","url":"http://localhost:3000/#features","viewport":{"width":1358,"height":636},"payload":{"target":{"tag":"a","id":null,"name":null,"type":null,"role":null,"ariaLabel":null,"testId":null,"dataLoc":"client\\src\\pages\\Home.tsx:73","href":"#features","text":"Learn More","selectorHint":"[data-loc=\"client\\src\\pages\\Home.tsx:73\"]"},"value":null}}
[2026-03-25T09:35:14.415Z] {"timestamp":1774431314243,"kind":"scroll","url":"http://localhost:3000/#features","viewport":{"width":1358,"height":636},"payload":{"scrollX":0,"scrollY":655,"documentHeight":1710,"viewportHeight":636}}
[2026-03-25T09:35:14.415Z] {"timestamp":1774431314246,"kind":"navigate","url":"http://localhost:3000/#features","viewport":{"width":1358,"height":636},"payload":{"reason":"hashchange"}}
[2026-03-25T09:35:16.378Z] {"timestamp":1774431314461,"kind":"click","url":"http://localhost:3000/#features","viewport":{"width":1358,"height":636},"payload":{"target":{"tag":"div","id":null,"name":null,"type":null,"role":null,"ariaLabel":null,"testId":null,"dataLoc":"client\\src\\pages\\Home.tsx:122","href":null,"text":"Lecturers View assigned courses Access class rosters Upload & manage grades Trac…","selectorHint":"[data-loc=\"client\\src\\pages\\Home.tsx:122\"]"},"x":730,"y":204}}
[2026-03-25T09:35:16.378Z] {"timestamp":1774431315678,"kind":"click","url":"http://localhost:3000/#features","viewport":{"width":1358,"height":636},"payload":{"target":{"tag":"div","id":null,"name":null,"type":null,"role":null,"ariaLabel":null,"testId":null,"dataLoc":"client\\src\\pages\\Home.tsx:122","href":null,"text":"Lecturers View assigned courses Access class rosters Upload & manage grades Trac…","selectorHint":"[data-loc=\"client\\src\\pages\\Home.tsx:122\"]"},"x":635,"y":279}}
[2026-03-25T09:35:16.378Z] {"timestamp":1774431316245,"kind":"scroll","url":"http://localhost:3000/#features","viewport":{"width":1358,"height":636},"payload":{"scrollX":0,"scrollY":708,"documentHeight":1710,"viewportHeight":636}}
[2026-03-25T09:35:18.383Z] {"timestamp":1774431316747,"kind":"scroll","url":"http://localhost:3000/#features","viewport":{"width":1358,"height":636},"payload":{"scrollX":0,"scrollY":1019,"documentHeight":1710,"viewportHeight":636}}
[2026-03-25T09:35:21.428Z] {"timestamp":1774431319576,"kind":"error","url":"http://localhost:3000/","viewport":{"width":1358,"height":636},"payload":{"message":"Uncaught SyntaxError: Unexpected token '<'","filename":"http://localhost:3000/umami","lineno":1,"colno":1}}
[2026-03-25T09:35:21.428Z] {"timestamp":1774431320678,"kind":"scroll","url":"http://localhost:3000/","viewport":{"width":1358,"height":636},"payload":{"scrollX":0,"scrollY":101,"documentHeight":1710,"viewportHeight":636}}
[2026-03-25T09:35:21.428Z] {"timestamp":1774431321194,"kind":"scroll","url":"http://localhost:3000/","viewport":{"width":1358,"height":636},"payload":{"scrollX":0,"scrollY":1016,"documentHeight":1710,"viewportHeight":636}}
[2026-03-25T09:35:23.422Z] {"timestamp":1774431323196,"kind":"click","url":"http://localhost:3000/","viewport":{"width":1358,"height":636},"payload":{"target":{"tag":"span","id":null,"name":null,"type":null,"role":null,"ariaLabel":null,"testId":null,"dataLoc":"client\\src\\pages\\Home.tsx:178","href":null,"text":"UniPortal","selectorHint":"[data-loc=\"client\\src\\pages\\Home.tsx:178\"]"},"x":101,"y":605}}
[2026-03-25T09:35:37.425Z] {"timestamp":1774431337409,"kind":"scroll","url":"http://localhost:3000/","viewport":{"width":1358,"height":636},"payload":{"scrollX":0,"scrollY":1010,"documentHeight":1710,"viewportHeight":636}}
[2026-03-25T09:35:41.899Z] {"timestamp":1774431340116,"kind":"error","url":"http://localhost:3000/","viewport":{"width":1358,"height":636},"payload":{"message":"Uncaught SyntaxError: Unexpected token '<'","filename":"http://localhost:3000/umami","lineno":1,"colno":1}}
[2026-03-25T09:35:43.903Z] {"timestamp":1774431342867,"kind":"click","url":"http://localhost:3000/","viewport":{"width":1358,"height":636},"payload":{"target":{"tag":"div","id":null,"name":null,"type":null,"role":null,"ariaLabel":null,"testId":null,"dataLoc":"client\\src\\pages\\Home.tsx:32","href":null,"text":"UniPortalUniversity Registration System Sign In","selectorHint":"[data-loc=\"client\\src\\pages\\Home.tsx:32\"]"},"x":943,"y":60}}
[2026-03-25T09:35:46.599Z] {"timestamp":1774431344808,"kind":"error","url":"http://localhost:3000/","viewport":{"width":1358,"height":636},"payload":{"message":"Uncaught SyntaxError: Unexpected token '<'","filename":"http://localhost:3000/umami","lineno":1,"colno":1}}
[2026-03-25T09:35:46.599Z] {"timestamp":1774431346026,"kind":"scroll","url":"http://localhost:3000/","viewport":{"width":1358,"height":636},"payload":{"scrollX":0,"scrollY":3,"documentHeight":1710,"viewportHeight":636}}
[2026-03-25T09:35:46.599Z] {"timestamp":1774431346540,"kind":"scroll","url":"http://localhost:3000/","viewport":{"width":1358,"height":636},"payload":{"scrollX":0,"scrollY":908,"documentHeight":1710,"viewportHeight":636}}
[2026-03-25T09:35:48.594Z] {"timestamp":1774431347759,"kind":"scroll","url":"http://localhost:3000/","viewport":{"width":1358,"height":636},"payload":{"scrollX":0,"scrollY":997,"documentHeight":1710,"viewportHeight":636}}
[2026-03-25T09:35:48.594Z] {"timestamp":1774431348275,"kind":"scroll","url":"http://localhost:3000/","viewport":{"width":1358,"height":636},"payload":{"scrollX":0,"scrollY":146,"documentHeight":1710,"viewportHeight":636}}
[2026-03-25T09:39:17.514Z] {"timestamp":1774431556864,"kind":"error","url":"http://localhost:3000/","viewport":{"width":1358,"height":636},"payload":{"message":"Uncaught SyntaxError: Unexpected token '<'","filename":"http://localhost:3000/umami","lineno":1,"colno":1}}
[2026-03-25T09:39:25.954Z] {"timestamp":1774431564091,"kind":"error","url":"http://localhost:3000/","viewport":{"width":1358,"height":636},"payload":{"message":"Uncaught SyntaxError: Unexpected token '<'","filename":"http://localhost:3000/umami","lineno":1,"colno":1}}
[2026-03-25T09:41:23.635Z] {"timestamp":1774431683493,"kind":"error","url":"http://localhost:3000/","viewport":{"width":1358,"height":636},"payload":{"message":"Uncaught SyntaxError: Unexpected token '<'","filename":"http://localhost:3000/umami","lineno":1,"colno":1}}
[2026-03-25T09:41:25.091Z] {"timestamp":1774431683602,"kind":"error","url":"http://localhost:3000/","viewport":{"width":1358,"height":636},"payload":{"message":"Uncaught SyntaxError: Unexpected token '<'","filename":"http://localhost:3000/umami","lineno":1,"colno":1}}
[2026-03-25T09:41:27.105Z] {"timestamp":1774431686764,"kind":"focusin","url":"http://localhost:3000/","viewport":{"width":1358,"height":636},"payload":{"target":{"tag":"a","id":null,"name":null,"type":null,"role":null,"ariaLabel":null,"testId":null,"dataLoc":"client\\src\\pages\\Home.tsx:73","href":"#features","text":"Learn More","selectorHint":"[data-loc=\"client\\src\\pages\\Home.tsx:73\"]"}}}
[2026-03-25T09:41:27.105Z] {"timestamp":1774431686977,"kind":"click","url":"http://localhost:3000/","viewport":{"width":1358,"height":636},"payload":{"target":{"tag":"a","id":null,"name":null,"type":null,"role":null,"ariaLabel":null,"testId":null,"dataLoc":"client\\src\\pages\\Home.tsx:73","href":"#features","text":"Learn More","selectorHint":"[data-loc=\"client\\src\\pages\\Home.tsx:73\"]"},"x":705,"y":536}}
[2026-03-25T09:41:27.105Z] {"timestamp":1774431686981,"kind":"navigate","url":"http://localhost:3000/#features","viewport":{"width":1358,"height":636},"payload":{"reason":"popstate"}}
[2026-03-25T09:41:27.105Z] {"timestamp":1774431686982,"kind":"focusout","url":"http://localhost:3000/#features","viewport":{"width":1358,"height":636},"payload":{"target":{"tag":"a","id":null,"name":null,"type":null,"role":null,"ariaLabel":null,"testId":null,"dataLoc":"client\\src\\pages\\Home.tsx:73","href":"#features","text":"Learn More","selectorHint":"[data-loc=\"client\\src\\pages\\Home.tsx:73\"]"},"value":null}}
[2026-03-25T09:41:27.105Z] {"timestamp":1774431686987,"kind":"scroll","url":"http://localhost:3000/#features","viewport":{"width":1358,"height":636},"payload":{"scrollX":0,"scrollY":655,"documentHeight":1710,"viewportHeight":636}}
[2026-03-25T09:41:27.105Z] {"timestamp":1774431686990,"kind":"navigate","url":"http://localhost:3000/#features","viewport":{"width":1358,"height":636},"payload":{"reason":"hashchange"}}
[2026-03-25T09:41:29.084Z] {"timestamp":1774431687928,"kind":"scroll","url":"http://localhost:3000/#features","viewport":{"width":1358,"height":636},"payload":{"scrollX":0,"scrollY":643,"documentHeight":1710,"viewportHeight":636}}
[2026-03-25T09:41:31.863Z] {"timestamp":1774431690102,"kind":"error","url":"http://localhost:3000/","viewport":{"width":1358,"height":636},"payload":{"message":"Uncaught SyntaxError: Unexpected token '<'","filename":"http://localhost:3000/umami","lineno":1,"colno":1}}
[2026-03-25T09:41:31.864Z] {"timestamp":1774431691758,"kind":"scroll","url":"http://localhost:3000/","viewport":{"width":1358,"height":636},"payload":{"scrollX":0,"scrollY":1,"documentHeight":1710,"viewportHeight":636}}
[2026-03-25T09:41:33.863Z] {"timestamp":1774431692263,"kind":"scroll","url":"http://localhost:3000/","viewport":{"width":1358,"height":636},"payload":{"scrollX":0,"scrollY":522,"documentHeight":1710,"viewportHeight":636}}
[2026-03-25T09:41:37.118Z] {"timestamp":1774431695332,"kind":"error","url":"http://localhost:3000/","viewport":{"width":1358,"height":636},"payload":{"message":"Uncaught SyntaxError: Unexpected token '<'","filename":"http://localhost:3000/umami","lineno":1,"colno":1}}
[2026-03-25T09:41:39.120Z] {"timestamp":1774431698258,"kind":"click","url":"http://localhost:3000/","viewport":{"width":1358,"height":636},"payload":{"target":{"tag":"section","id":null,"name":null,"type":null,"role":null,"ariaLabel":null,"testId":null,"dataLoc":"client\\src\\pages\\Home.tsx:51","href":null,"text":"Academic Management Platform University Registration Made Simple A comprehensive…","selectorHint":"[data-loc=\"client\\src\\pages\\Home.tsx:51\"]"},"x":1232,"y":80}}
[2026-03-25T09:41:42.105Z] {"timestamp":1774431700265,"kind":"error","url":"http://localhost:3000/","viewport":{"width":1358,"height":636},"payload":{"message":"Uncaught SyntaxError: Unexpected token '<'","filename":"http://localhost:3000/umami","lineno":1,"colno":1}}
[2026-03-25T09:41:42.105Z] {"timestamp":1774431701426,"kind":"scroll","url":"http://localhost:3000/","viewport":{"width":1358,"height":636},"payload":{"scrollX":0,"scrollY":82,"documentHeight":1710,"viewportHeight":636}}
[2026-03-25T09:41:42.105Z] {"timestamp":1774431701993,"kind":"scroll","url":"http://localhost:3000/","viewport":{"width":1358,"height":636},"payload":{"scrollX":0,"scrollY":610,"documentHeight":1710,"viewportHeight":636}}
[2026-03-25T09:41:44.070Z] {"timestamp":1774431702509,"kind":"scroll","url":"http://localhost:3000/","viewport":{"width":1358,"height":636},"payload":{"scrollX":0,"scrollY":983,"documentHeight":1710,"viewportHeight":636}}
[2026-03-25T09:41:48.064Z] {"timestamp":1774431706375,"kind":"scroll","url":"http://localhost:3000/","viewport":{"width":1358,"height":636},"payload":{"scrollX":0,"scrollY":971,"documentHeight":1710,"viewportHeight":636}}
[2026-03-25T09:41:48.064Z] {"timestamp":1774431707258,"kind":"scroll","url":"http://localhost:3000/","viewport":{"width":1358,"height":636},"payload":{"scrollX":0,"scrollY":38,"documentHeight":1710,"viewportHeight":636}}
[2026-03-25T09:41:50.925Z] {"timestamp":1774431708126,"kind":"scroll","url":"http://localhost:3000/","viewport":{"width":1358,"height":636},"payload":{"scrollX":0,"scrollY":1009,"documentHeight":1710,"viewportHeight":636}}
[2026-03-25T09:41:50.926Z] {"timestamp":1774431708643,"kind":"scroll","url":"http://localhost:3000/","viewport":{"width":1358,"height":636},"payload":{"scrollX":0,"scrollY":56,"documentHeight":1710,"viewportHeight":636}}
[2026-03-25T09:47:05.129Z] {"timestamp":1774432023973,"kind":"error","url":"http://localhost:3001/","viewport":{"width":1358,"height":636},"payload":{"message":"Uncaught SyntaxError: Unexpected token '<'","filename":"http://localhost:3001/umami","lineno":1,"colno":1}}
[2026-03-25T09:47:05.201Z] {"timestamp":1774432023997,"kind":"error","url":"http://localhost:3001/","viewport":{"width":1358,"height":636},"payload":{"message":"Uncaught SyntaxError: Unexpected token '<'","filename":"http://localhost:3001/umami","lineno":1,"colno":1}}
[2026-03-25T09:47:08.249Z] {"timestamp":1774432026451,"kind":"error","url":"http://localhost:3001/","viewport":{"width":1358,"height":636},"payload":{"message":"Uncaught SyntaxError: Unexpected token '<'","filename":"http://localhost:3001/umami","lineno":1,"colno":1}}
[2026-03-25T09:47:10.809Z] {"timestamp":1774432028948,"kind":"error","url":"http://localhost:3001/","viewport":{"width":1358,"height":636},"payload":{"message":"Uncaught SyntaxError: Unexpected token '<'","filename":"http://localhost:3001/umami","lineno":1,"colno":1}}
[2026-03-25T09:47:28.814Z] {"timestamp":1774432047386,"kind":"click","url":"http://localhost:3001/","viewport":{"width":803,"height":636},"payload":{"target":{"tag":"h1","id":null,"name":null,"type":null,"role":null,"ariaLabel":null,"testId":null,"dataLoc":"client\\src\\pages\\Home.tsx:57","href":null,"text":"University Registration Made Simple","selectorHint":"[data-loc=\"client\\src\\pages\\Home.tsx:57\"]"},"x":724,"y":206}}
[2026-03-25T09:47:30.795Z] {"timestamp":1774432050358,"kind":"scroll","url":"http://localhost:3001/","viewport":{"width":1358,"height":636},"payload":{"scrollX":0,"scrollY":58,"documentHeight":1710,"viewportHeight":636}}
[2026-03-25T09:47:32.798Z] {"timestamp":1774432050858,"kind":"scroll","url":"http://localhost:3001/","viewport":{"width":1358,"height":636},"payload":{"scrollX":0,"scrollY":573,"documentHeight":1710,"viewportHeight":636}}
[2026-03-25T09:47:32.798Z] {"timestamp":1774432051359,"kind":"scroll","url":"http://localhost:3001/","viewport":{"width":1358,"height":636},"payload":{"scrollX":0,"scrollY":812,"documentHeight":1710,"viewportHeight":636}}
[2026-03-25T09:47:32.798Z] {"timestamp":1774432052009,"kind":"scroll","url":"http://localhost:3001/","viewport":{"width":1358,"height":636},"payload":{"scrollX":0,"scrollY":909,"documentHeight":1710,"viewportHeight":636}}
[2026-03-25T09:47:34.794Z] {"timestamp":1774432053517,"kind":"click","url":"http://localhost:3001/","viewport":{"width":1358,"height":636},"payload":{"target":{"tag":"p","id":null,"name":null,"type":null,"role":null,"ariaLabel":null,"testId":null,"dataLoc":"client\\src\\pages\\Home.tsx:152","href":null,"text":"GPA","selectorHint":"[data-loc=\"client\\src\\pages\\Home.tsx:152\"]"},"x":818,"y":195}}
[2026-03-25T09:47:37.498Z] {"timestamp":1774432055686,"kind":"error","url":"http://localhost:3001/","viewport":{"width":1358,"height":636},"payload":{"message":"Uncaught SyntaxError: Unexpected token '<'","filename":"http://localhost:3001/umami","lineno":1,"colno":1}}
[2026-03-25T09:47:39.499Z] {"timestamp":1774432058463,"kind":"click","url":"http://localhost:3001/","viewport":{"width":1358,"height":636},"payload":{"target":{"tag":"div","id":null,"name":null,"type":null,"role":null,"ariaLabel":null,"testId":null,"dataLoc":"client\\src\\pages\\Home.tsx:53","href":null,"text":"Academic Management Platform","selectorHint":"[data-loc=\"client\\src\\pages\\Home.tsx:53\"]"},"x":712,"y":196}}
[2026-03-25T09:47:41.493Z] {"timestamp":1774432060267,"kind":"click","url":"http://localhost:3001/","viewport":{"width":1358,"height":636},"payload":{"target":{"tag":"path","id":null,"name":null,"type":null,"role":null,"ariaLabel":null,"testId":null,"dataLoc":null,"href":null,"text":"","selectorHint":"path"},"x":86,"y":34}}
[2026-03-25T09:47:41.493Z] {"timestamp":1774432061206,"kind":"click","url":"http://localhost:3001/","viewport":{"width":1358,"height":636},"payload":{"target":{"tag":"html","id":null,"name":null,"type":null,"role":null,"ariaLabel":null,"testId":null,"dataLoc":null,"href":null,"text":"UniPortalUniversity Registration System Sign In Academic Management Platform Uni…","selectorHint":"html"},"x":927,"y":-78}}
[2026-03-25T09:47:46.962Z] {"timestamp":1774432065132,"kind":"error","url":"http://localhost:3001/","viewport":{"width":1358,"height":636},"payload":{"message":"Uncaught SyntaxError: Unexpected token '<'","filename":"http://localhost:3001/umami","lineno":1,"colno":1}}
[2026-03-25T09:55:56.643Z] {"timestamp":1774432556521,"kind":"error","url":"http://localhost:3000/","viewport":{"width":1358,"height":636},"payload":{"message":"Uncaught SyntaxError: Unexpected token '<'","filename":"http://localhost:3000/umami","lineno":1,"colno":1}}
[2026-03-25T09:56:05.137Z] {"timestamp":1774432563357,"kind":"error","url":"http://localhost:3000/","viewport":{"width":1358,"height":636},"payload":{"message":"Uncaught SyntaxError: Unexpected token '<'","filename":"http://localhost:3000/umami","lineno":1,"colno":1}}
[2026-03-25T09:56:05.138Z] {"timestamp":1774432564146,"kind":"scroll","url":"http://localhost:3000/","viewport":{"width":1358,"height":636},"payload":{"scrollX":0,"scrollY":26,"documentHeight":1710,"viewportHeight":636}}
[2026-03-25T09:56:05.138Z] {"timestamp":1774432564661,"kind":"scroll","url":"http://localhost:3000/","viewport":{"width":1358,"height":636},"payload":{"scrollX":0,"scrollY":848,"documentHeight":1710,"viewportHeight":636}}
[2026-03-25T09:56:07.131Z] {"timestamp":1774432565294,"kind":"scroll","url":"http://localhost:3000/","viewport":{"width":1358,"height":636},"payload":{"scrollX":0,"scrollY":987,"documentHeight":1710,"viewportHeight":636}}
[2026-03-25T09:56:07.131Z] {"timestamp":1774432565795,"kind":"scroll","url":"http://localhost:3000/","viewport":{"width":1358,"height":636},"payload":{"scrollX":0,"scrollY":126,"documentHeight":1710,"viewportHeight":636}}
[2026-03-25T09:56:07.131Z] {"timestamp":1774432566678,"kind":"scroll","url":"http://localhost:3000/","viewport":{"width":1358,"height":636},"payload":{"scrollX":0,"scrollY":16,"documentHeight":1710,"viewportHeight":636}}
[2026-03-25T09:56:09.133Z] {"timestamp":1774432567179,"kind":"scroll","url":"http://localhost:3000/","viewport":{"width":1358,"height":636},"payload":{"scrollX":0,"scrollY":528,"documentHeight":1710,"viewportHeight":636}}
[2026-03-25T09:56:09.134Z] {"timestamp":1774432567844,"kind":"scroll","url":"http://localhost:3000/","viewport":{"width":1358,"height":636},"payload":{"scrollX":0,"scrollY":997,"documentHeight":1710,"viewportHeight":636}}
[2026-03-25T09:59:26.957Z] {"timestamp":1774432765316,"kind":"error","url":"http://localhost:3000/","viewport":{"width":1358,"height":636},"payload":{"message":"Uncaught SyntaxError: Unexpected token '<'","filename":"http://localhost:3000/umami","lineno":1,"colno":1}}
[2026-03-25T09:59:26.957Z] {"timestamp":1774432766932,"kind":"focusin","url":"http://localhost:3000/","viewport":{"width":1358,"height":636},"payload":{"target":{"tag":"a","id":null,"name":null,"type":null,"role":null,"ariaLabel":null,"testId":null,"dataLoc":"client\\src\\pages\\Home.tsx:43","href":"/","text":"Sign In","selectorHint":"[data-loc=\"client\\src\\pages\\Home.tsx:43\"]"}}}
[2026-03-25T09:59:29.393Z] {"timestamp":1774432767552,"kind":"error","url":"http://localhost:3000/","viewport":{"width":1358,"height":636},"payload":{"message":"Uncaught SyntaxError: Unexpected token '<'","filename":"http://localhost:3000/umami","lineno":1,"colno":1}}
[2026-03-25T09:59:54.782Z] {"timestamp":1774432793903,"kind":"error","url":"http://localhost:3000/","viewport":{"width":1358,"height":636},"payload":{"message":"Uncaught SyntaxError: Unexpected token '<'","filename":"http://localhost:3000/umami","lineno":1,"colno":1}}
[2026-03-25T09:59:58.524Z] {"timestamp":1774432796673,"kind":"error","url":"http://localhost:3000/","viewport":{"width":1358,"height":636},"payload":{"message":"Uncaught SyntaxError: Unexpected token '<'","filename":"http://localhost:3000/umami","lineno":1,"colno":1}}
[2026-03-25T10:00:02.836Z] {"timestamp":1774432800959,"kind":"error","url":"http://localhost:3000/","viewport":{"width":1358,"height":636},"payload":{"message":"Uncaught SyntaxError: Unexpected token '<'","filename":"http://localhost:3000/umami","lineno":1,"colno":1}}
[2026-03-25T10:00:04.819Z] {"timestamp":1774432803557,"kind":"scroll","url":"http://localhost:3000/","viewport":{"width":1358,"height":636},"payload":{"scrollX":0,"scrollY":51,"documentHeight":1710,"viewportHeight":636}}
[2026-03-25T10:00:04.819Z] {"timestamp":1774432804058,"kind":"scroll","url":"http://localhost:3000/","viewport":{"width":1358,"height":636},"payload":{"scrollX":0,"scrollY":474,"documentHeight":1710,"viewportHeight":636}}
[2026-03-25T10:00:04.819Z] {"timestamp":1774432804572,"kind":"scroll","url":"http://localhost:3000/","viewport":{"width":1358,"height":636},"payload":{"scrollX":0,"scrollY":795,"documentHeight":1710,"viewportHeight":636}}
[2026-03-25T10:00:08.659Z] {"timestamp":1774432806816,"kind":"error","url":"http://localhost:3000/","viewport":{"width":1358,"height":636},"payload":{"message":"Uncaught SyntaxError: Unexpected token '<'","filename":"http://localhost:3000/umami","lineno":1,"colno":1}}
[2026-03-25T10:00:08.659Z] {"timestamp":1774432807620,"kind":"click","url":"http://localhost:3000/","viewport":{"width":1358,"height":636},"payload":{"target":{"tag":"div","id":null,"name":null,"type":null,"role":null,"ariaLabel":null,"testId":null,"dataLoc":"client\\src\\pages\\Home.tsx:52","href":null,"text":"Academic Management Platform University Registration Made Simple A comprehensive…","selectorHint":"[data-loc=\"client\\src\\pages\\Home.tsx:52\"]"},"x":664,"y":476}}
[2026-03-25T10:00:10.649Z] {"timestamp":1774432808721,"kind":"scroll","url":"http://localhost:3000/","viewport":{"width":1358,"height":636},"payload":{"scrollX":0,"scrollY":1,"documentHeight":1710,"viewportHeight":636}}
[2026-03-25T10:00:13.233Z] {"timestamp":1774432811380,"kind":"error","url":"http://localhost:3000/","viewport":{"width":1358,"height":636},"payload":{"message":"Uncaught SyntaxError: Unexpected token '<'","filename":"http://localhost:3000/umami","lineno":1,"colno":1}}
[2026-03-25T10:00:13.233Z] {"timestamp":1774432812638,"kind":"scroll","url":"http://localhost:3000/","viewport":{"width":1358,"height":636},"payload":{"scrollX":0,"scrollY":177,"documentHeight":1710,"viewportHeight":636}}
[2026-03-25T10:00:13.233Z] {"timestamp":1774432813140,"kind":"scroll","url":"http://localhost:3000/","viewport":{"width":1358,"height":636},"payload":{"scrollX":0,"scrollY":843,"documentHeight":1710,"viewportHeight":636}}
[2026-03-25T10:00:17.289Z] {"timestamp":1774432815478,"kind":"error","url":"http://localhost:3000/","viewport":{"width":1358,"height":636},"payload":{"message":"Uncaught SyntaxError: Unexpected token '<'","filename":"http://localhost:3000/umami","lineno":1,"colno":1}}
[2026-03-25T10:02:25.279Z] {"timestamp":1774432945243,"kind":"scroll","url":"http://localhost:3000/","viewport":{"width":1358,"height":636},"payload":{"scrollX":0,"scrollY":63,"documentHeight":1710,"viewportHeight":636}}
[2026-03-25T10:02:27.281Z] {"timestamp":1774432945809,"kind":"scroll","url":"http://localhost:3000/","viewport":{"width":1358,"height":636},"payload":{"scrollX":0,"scrollY":763,"documentHeight":1710,"viewportHeight":636}}
[2026-03-25T10:02:27.281Z] {"timestamp":1774432946359,"kind":"scroll","url":"http://localhost:3000/","viewport":{"width":1358,"height":636},"payload":{"scrollX":0,"scrollY":1025,"documentHeight":1710,"viewportHeight":636}}
[2026-03-25T10:02:27.281Z] {"timestamp":1774432946860,"kind":"scroll","url":"http://localhost:3000/","viewport":{"width":1358,"height":636},"payload":{"scrollX":0,"scrollY":491,"documentHeight":1710,"viewportHeight":636}}
[2026-03-25T10:03:51.285Z] {"timestamp":1774433030234,"kind":"scroll","url":"http://localhost:3000/","viewport":{"width":1358,"height":636},"payload":{"scrollX":0,"scrollY":6,"documentHeight":1710,"viewportHeight":636}}
[2026-03-25T10:03:51.285Z] {"timestamp":1774433030738,"kind":"scroll","url":"http://localhost:3000/","viewport":{"width":1358,"height":636},"payload":{"scrollX":0,"scrollY":78,"documentHeight":1710,"viewportHeight":636}}
[2026-03-25T10:03:51.285Z] {"timestamp":1774433031253,"kind":"scroll","url":"http://localhost:3000/","viewport":{"width":1358,"height":636},"payload":{"scrollX":0,"scrollY":87,"documentHeight":1710,"viewportHeight":636}}
[2026-03-25T10:03:53.282Z] {"timestamp":1774433031820,"kind":"scroll","url":"http://localhost:3000/","viewport":{"width":1358,"height":636},"payload":{"scrollX":0,"scrollY":79,"documentHeight":1710,"viewportHeight":636}}
[2026-03-28T12:21:33.098Z] {"timestamp":1774700491991,"kind":"error","url":"http://localhost:3000/","viewport":{"width":1366,"height":639},"payload":{"message":"Uncaught SyntaxError: Unexpected token '<'","filename":"http://localhost:3000/umami","lineno":1,"colno":1}}
[2026-03-28T12:22:27.747Z] {"timestamp":1774700546516,"kind":"scroll","url":"http://localhost:3000/","viewport":{"width":1366,"height":639},"payload":{"scrollX":0,"scrollY":5,"documentHeight":1710,"viewportHeight":639}}
[2026-03-28T12:22:27.747Z] {"timestamp":1774700547017,"kind":"scroll","url":"http://localhost:3000/","viewport":{"width":1366,"height":639},"payload":{"scrollX":0,"scrollY":57,"documentHeight":1710,"viewportHeight":639}}
[2026-03-28T12:22:27.747Z] {"timestamp":1774700547698,"kind":"scroll","url":"http://localhost:3000/","viewport":{"width":1366,"height":639},"payload":{"scrollX":0,"scrollY":213,"documentHeight":1710,"viewportHeight":639}}
[2026-03-28T12:22:29.718Z] {"timestamp":1774700548298,"kind":"scroll","url":"http://localhost:3000/","viewport":{"width":1366,"height":639},"payload":{"scrollX":0,"scrollY":389,"documentHeight":1710,"viewportHeight":639}}
[2026-03-28T12:22:29.718Z] {"timestamp":1774700548932,"kind":"scroll","url":"http://localhost:3000/","viewport":{"width":1366,"height":639},"payload":{"scrollX":0,"scrollY":624,"documentHeight":1710,"viewportHeight":639}}
[2026-03-28T12:22:29.718Z] {"timestamp":1774700549682,"kind":"scroll","url":"http://localhost:3000/","viewport":{"width":1366,"height":639},"payload":{"scrollX":0,"scrollY":757,"documentHeight":1710,"viewportHeight":639}}
[2026-03-28T12:22:31.726Z] {"timestamp":1774700550246,"kind":"scroll","url":"http://localhost:3000/","viewport":{"width":1366,"height":639},"payload":{"scrollX":0,"scrollY":897,"documentHeight":1710,"viewportHeight":639}}
[2026-03-28T12:22:31.726Z] {"timestamp":1774700550765,"kind":"scroll","url":"http://localhost:3000/","viewport":{"width":1366,"height":639},"payload":{"scrollX":0,"scrollY":391,"documentHeight":1710,"viewportHeight":639}}
[2026-03-28T12:22:31.726Z] {"timestamp":1774700551330,"kind":"scroll","url":"http://localhost:3000/","viewport":{"width":1366,"height":639},"payload":{"scrollX":0,"scrollY":194,"documentHeight":1710,"viewportHeight":639}}
[2026-03-28T12:22:39.720Z] {"timestamp":1774700559630,"kind":"scroll","url":"http://localhost:3000/","viewport":{"width":1366,"height":639},"payload":{"scrollX":0,"scrollY":23,"documentHeight":1710,"viewportHeight":639}}
[2026-03-28T12:22:41.715Z] {"timestamp":1774700560263,"kind":"scroll","url":"http://localhost:3000/","viewport":{"width":1366,"height":639},"payload":{"scrollX":0,"scrollY":120,"documentHeight":1710,"viewportHeight":639}}
[2026-03-28T12:22:41.715Z] {"timestamp":1774700560763,"kind":"scroll","url":"http://localhost:3000/","viewport":{"width":1366,"height":639},"payload":{"scrollX":0,"scrollY":296,"documentHeight":1710,"viewportHeight":639}}
[2026-03-28T12:22:41.715Z] {"timestamp":1774700561264,"kind":"scroll","url":"http://localhost:3000/","viewport":{"width":1366,"height":639},"payload":{"scrollX":0,"scrollY":730,"documentHeight":1710,"viewportHeight":639}}
[2026-03-28T12:22:43.724Z] {"timestamp":1774700562013,"kind":"scroll","url":"http://localhost:3000/","viewport":{"width":1366,"height":639},"payload":{"scrollX":0,"scrollY":952,"documentHeight":1710,"viewportHeight":639}}
[2026-03-28T12:24:45.729Z] {"timestamp":1774700684685,"kind":"scroll","url":"http://localhost:3000/","viewport":{"width":1366,"height":639},"payload":{"scrollX":0,"scrollY":1051,"documentHeight":1710,"viewportHeight":639}}
[2026-03-28T12:24:45.729Z] {"timestamp":1774700685470,"kind":"scroll","url":"http://localhost:3000/","viewport":{"width":1366,"height":639},"payload":{"scrollX":0,"scrollY":854,"documentHeight":1710,"viewportHeight":639}}
[2026-03-28T12:24:47.716Z] {"timestamp":1774700686003,"kind":"scroll","url":"http://localhost:3000/","viewport":{"width":1366,"height":639},"payload":{"scrollX":0,"scrollY":410,"documentHeight":1710,"viewportHeight":639}}
[2026-03-28T12:24:51.716Z] {"timestamp":1774700689901,"kind":"scroll","url":"http://localhost:3000/","viewport":{"width":1366,"height":639},"payload":{"scrollX":0,"scrollY":8,"documentHeight":1710,"viewportHeight":639}}
[2026-03-28T12:24:51.716Z] {"timestamp":1774700690401,"kind":"scroll","url":"http://localhost:3000/","viewport":{"width":1366,"height":639},"payload":{"scrollX":0,"scrollY":77,"documentHeight":1710,"viewportHeight":639}}
[2026-03-28T12:24:51.716Z] {"timestamp":1774700690916,"kind":"scroll","url":"http://localhost:3000/","viewport":{"width":1366,"height":639},"payload":{"scrollX":0,"scrollY":332,"documentHeight":1710,"viewportHeight":639}}
[2026-03-28T12:25:01.726Z] {"timestamp":1774700699817,"kind":"scroll","url":"http://localhost:3000/","viewport":{"width":1366,"height":639},"payload":{"scrollX":0,"scrollY":712,"documentHeight":1710,"viewportHeight":639}}
[2026-03-28T12:25:01.726Z] {"timestamp":1774700700318,"kind":"scroll","url":"http://localhost:3000/","viewport":{"width":1366,"height":639},"payload":{"scrollX":0,"scrollY":996,"documentHeight":1710,"viewportHeight":639}}
[2026-03-28T12:25:01.726Z] {"timestamp":1774700700867,"kind":"scroll","url":"http://localhost:3000/","viewport":{"width":1366,"height":639},"payload":{"scrollX":0,"scrollY":1071,"documentHeight":1710,"viewportHeight":639}}
[2026-03-28T12:25:01.726Z] {"timestamp":1774700701369,"kind":"scroll","url":"http://localhost:3000/","viewport":{"width":1366,"height":639},"payload":{"scrollX":0,"scrollY":644,"documentHeight":1710,"viewportHeight":639}}
[2026-03-28T12:25:05.610Z] {"timestamp":1774700703947,"kind":"error","url":"http://localhost:3000/","viewport":{"width":1366,"height":639},"payload":{"message":"Uncaught SyntaxError: Unexpected token '<'","filename":"http://localhost:3000/umami","lineno":1,"colno":1}}
[2026-03-28T12:25:05.610Z] {"timestamp":1774700705550,"kind":"scroll","url":"http://localhost:3000/","viewport":{"width":1366,"height":639},"payload":{"scrollX":0,"scrollY":62,"documentHeight":1710,"viewportHeight":639}}
[2026-03-28T12:25:07.606Z] {"timestamp":1774700706483,"kind":"scroll","url":"http://localhost:3000/","viewport":{"width":1366,"height":639},"payload":{"scrollX":0,"scrollY":981,"documentHeight":1710,"viewportHeight":639}}
[2026-03-28T12:25:07.606Z] {"timestamp":1774700707491,"kind":"focusin","url":"http://localhost:3000/","viewport":{"width":1366,"height":639},"payload":{"target":{"tag":"a","id":null,"name":null,"type":null,"role":null,"ariaLabel":null,"testId":null,"dataLoc":"client\\src\\pages\\Home.tsx:166","href":"/","text":"Sign In to UniPortal","selectorHint":"[data-loc=\"client\\src\\pages\\Home.tsx:166\"]"}}}
[2026-03-28T12:25:10.012Z] {"timestamp":1774700708301,"kind":"error","url":"http://localhost:3000/","viewport":{"width":1366,"height":639},"payload":{"message":"Uncaught SyntaxError: Unexpected token '<'","filename":"http://localhost:3000/umami","lineno":1,"colno":1}}
[2026-03-28T12:27:09.011Z] {"timestamp":1774700828964,"kind":"error","url":"http://localhost:3000/","viewport":{"width":1366,"height":639},"payload":{"message":"Uncaught SyntaxError: Unexpected token '<'","filename":"http://localhost:3000/umami","lineno":1,"colno":1}}
[2026-03-28T12:27:10.884Z] {"timestamp":1774700830472,"kind":"scroll","url":"http://localhost:3000/","viewport":{"width":1366,"height":639},"payload":{"scrollX":0,"scrollY":16,"documentHeight":1710,"viewportHeight":639}}
[2026-03-28T12:27:12.895Z] {"timestamp":1774700830988,"kind":"scroll","url":"http://localhost:3000/","viewport":{"width":1366,"height":639},"payload":{"scrollX":0,"scrollY":223,"documentHeight":1710,"viewportHeight":639}}
[2026-03-28T12:27:12.896Z] {"timestamp":1774700831489,"kind":"scroll","url":"http://localhost:3000/","viewport":{"width":1366,"height":639},"payload":{"scrollX":0,"scrollY":300,"documentHeight":1710,"viewportHeight":639}}
[2026-03-28T12:27:12.896Z] {"timestamp":1774700832669,"kind":"focusin","url":"http://localhost:3000/","viewport":{"width":1366,"height":639},"payload":{"target":{"tag":"a","id":null,"name":null,"type":null,"role":null,"ariaLabel":null,"testId":null,"dataLoc":"client\\src\\pages\\Home.tsx:68","href":"/","text":"Get Started","selectorHint":"[data-loc=\"client\\src\\pages\\Home.tsx:68\"]"}}}
[2026-03-28T12:27:15.211Z] {"timestamp":1774700833454,"kind":"error","url":"http://localhost:3000/","viewport":{"width":1366,"height":639},"payload":{"message":"Uncaught SyntaxError: Unexpected token '<'","filename":"http://localhost:3000/umami","lineno":1,"colno":1}}
[2026-03-28T12:27:17.202Z] {"timestamp":1774700835238,"kind":"scroll","url":"http://localhost:3000/","viewport":{"width":1366,"height":639},"payload":{"scrollX":0,"scrollY":19,"documentHeight":1710,"viewportHeight":639}}
[2026-03-28T12:27:17.202Z] {"timestamp":1774700836405,"kind":"scroll","url":"http://localhost:3000/","viewport":{"width":1366,"height":639},"payload":{"scrollX":0,"scrollY":169,"documentHeight":1710,"viewportHeight":639}}
[2026-03-28T12:27:17.202Z] {"timestamp":1774700836972,"kind":"scroll","url":"http://localhost:3000/","viewport":{"width":1366,"height":639},"payload":{"scrollX":0,"scrollY":452,"documentHeight":1710,"viewportHeight":639}}
[2026-03-28T12:27:21.165Z] {"timestamp":1774700839395,"kind":"error","url":"http://localhost:3000/","viewport":{"width":1366,"height":639},"payload":{"message":"Uncaught SyntaxError: Unexpected token '<'","filename":"http://localhost:3000/umami","lineno":1,"colno":1}}
[2026-03-28T12:27:21.165Z] {"timestamp":1774700840654,"kind":"scroll","url":"http://localhost:3000/","viewport":{"width":1366,"height":639},"payload":{"scrollX":0,"scrollY":79,"documentHeight":1710,"viewportHeight":639}}
[2026-03-28T12:27:24.210Z] {"timestamp":1774700842413,"kind":"error","url":"http://localhost:3000/","viewport":{"width":1366,"height":639},"payload":{"message":"Uncaught SyntaxError: Unexpected token '<'","filename":"http://localhost:3000/umami","lineno":1,"colno":1}}
[2026-03-28T12:51:12.479Z] {"timestamp":1774702270961,"kind":"error","url":"http://localhost:3000/","viewport":{"width":1366,"height":639},"payload":{"message":"Uncaught SyntaxError: Unexpected token '<'","filename":"http://localhost:3000/umami","lineno":1,"colno":1}}
[2026-03-28T12:51:12.479Z] {"timestamp":1774702272125,"kind":"navigate","url":"http://localhost:3000/student/dashboard","viewport":{"width":1366,"height":639},"payload":{"reason":"pushState"}}
[2026-03-28T12:51:34.375Z] {"timestamp":1774702293848,"kind":"focusin","url":"http://localhost:3000/student/dashboard","viewport":{"width":1366,"height":639},"payload":{"target":{"tag":"a","id":null,"name":null,"type":null,"role":null,"ariaLabel":null,"testId":null,"dataLoc":"client\\src\\components\\university\\UniversityLayout.tsx:153","href":"/student/catalog","text":"Course Catalog","selectorHint":"[data-loc=\"client\\src\\components\\university\\UniversityLayout.tsx:153\"]"}}}
[2026-03-28T12:51:34.375Z] {"timestamp":1774702294056,"kind":"click","url":"http://localhost:3000/student/dashboard","viewport":{"width":1366,"height":639},"payload":{"target":{"tag":"a","id":null,"name":null,"type":null,"role":null,"ariaLabel":null,"testId":null,"dataLoc":"client\\src\\components\\university\\UniversityLayout.tsx:153","href":"/student/catalog","text":"Course Catalog","selectorHint":"[data-loc=\"client\\src\\components\\university\\UniversityLayout.tsx:153\"]"},"x":112,"y":208}}
[2026-03-28T12:51:34.375Z] {"timestamp":1774702294058,"kind":"navigate","url":"http://localhost:3000/student/catalog","viewport":{"width":1366,"height":639},"payload":{"reason":"pushState"}}
[2026-03-28T12:51:34.375Z] {"timestamp":1774702294106,"kind":"focusout","url":"http://localhost:3000/student/catalog","viewport":{"width":1366,"height":639},"payload":{"target":{"tag":"a","id":null,"name":null,"type":null,"role":null,"ariaLabel":null,"testId":null,"dataLoc":"client\\src\\components\\university\\UniversityLayout.tsx:153","href":"/student/catalog","text":"Course Catalog","selectorHint":"[data-loc=\"client\\src\\components\\university\\UniversityLayout.tsx:153\"]"},"value":null}}
[2026-03-28T12:51:36.372Z] {"timestamp":1774702295471,"kind":"scroll","url":"http://localhost:3000/student/catalog","viewport":{"width":1366,"height":639},"payload":{"scrollX":0,"scrollY":26,"documentHeight":1200,"viewportHeight":639}}
[2026-03-28T12:51:36.372Z] {"timestamp":1774702295970,"kind":"scroll","url":"http://localhost:3000/student/catalog","viewport":{"width":1366,"height":639},"payload":{"scrollX":0,"scrollY":492,"documentHeight":1200,"viewportHeight":639}}
[2026-03-28T12:51:40.459Z] {"timestamp":1774702298708,"kind":"error","url":"http://localhost:3000/student/catalog","viewport":{"width":1366,"height":639},"payload":{"message":"Uncaught SyntaxError: Unexpected token '<'","filename":"http://localhost:3000/umami","lineno":1,"colno":1}}
[2026-03-28T12:51:42.450Z] {"timestamp":1774702301684,"kind":"navigate","url":"http://localhost:3000/student/dashboard","viewport":{"width":1366,"height":639},"payload":{"reason":"popstate"}}
[2026-03-28T12:51:44.454Z] {"timestamp":1774702303608,"kind":"navigate","url":"http://localhost:3000/","viewport":{"width":1366,"height":639},"payload":{"reason":"popstate"}}
[2026-03-28T12:53:40.263Z] {"timestamp":1774702420125,"kind":"error","url":"http://localhost:3000/","viewport":{"width":1358,"height":636},"payload":{"message":"Uncaught SyntaxError: Unexpected token '<'","filename":"http://localhost:3000/umami","lineno":1,"colno":1}}
[2026-03-28T12:53:42.160Z] {"timestamp":1774702420415,"kind":"navigate","url":"http://localhost:3000/student/dashboard","viewport":{"width":1358,"height":636},"payload":{"reason":"pushState"}}
[2026-03-28T12:53:50.159Z] {"timestamp":1774702430029,"kind":"focusin","url":"http://localhost:3000/student/dashboard","viewport":{"width":1358,"height":636},"payload":{"target":{"tag":"a","id":null,"name":null,"type":null,"role":null,"ariaLabel":null,"testId":null,"dataLoc":"client\\src\\components\\university\\UniversityLayout.tsx:153","href":"/student/catalog","text":"Course Catalog","selectorHint":"[data-loc=\"client\\src\\components\\university\\UniversityLayout.tsx:153\"]"}}}
[2026-03-28T12:53:52.160Z] {"timestamp":1774702430240,"kind":"click","url":"http://localhost:3000/student/dashboard","viewport":{"width":1358,"height":636},"payload":{"target":{"tag":"a","id":null,"name":null,"type":null,"role":null,"ariaLabel":null,"testId":null,"dataLoc":"client\\src\\components\\university\\UniversityLayout.tsx:153","href":"/student/catalog","text":"Course Catalog","selectorHint":"[data-loc=\"client\\src\\components\\university\\UniversityLayout.tsx:153\"]"},"x":67,"y":200}}
[2026-03-28T12:53:52.160Z] {"timestamp":1774702430242,"kind":"navigate","url":"http://localhost:3000/student/catalog","viewport":{"width":1358,"height":636},"payload":{"reason":"pushState"}}
[2026-03-28T12:53:52.160Z] {"timestamp":1774702430287,"kind":"focusout","url":"http://localhost:3000/student/catalog","viewport":{"width":1358,"height":636},"payload":{"target":{"tag":"a","id":null,"name":null,"type":null,"role":null,"ariaLabel":null,"testId":null,"dataLoc":"client\\src\\components\\university\\UniversityLayout.tsx:153","href":"/student/catalog","text":"Course Catalog","selectorHint":"[data-loc=\"client\\src\\components\\university\\UniversityLayout.tsx:153\"]"},"value":null}}
[2026-03-28T12:53:54.151Z] {"timestamp":1774702433101,"kind":"navigate","url":"http://localhost:3000/student/dashboard","viewport":{"width":1358,"height":636},"payload":{"reason":"popstate"}}
[2026-03-28T12:55:11.912Z] {"timestamp":1774702511415,"kind":"error","url":"http://localhost:3000/","viewport":{"width":1366,"height":639},"payload":{"message":"Uncaught SyntaxError: Unexpected token '<'","filename":"http://localhost:3000/umami","lineno":1,"colno":1}}
[2026-03-28T12:55:11.912Z] {"timestamp":1774702511708,"kind":"navigate","url":"http://localhost:3000/student/dashboard","viewport":{"width":1366,"height":639},"payload":{"reason":"pushState"}}
[2026-03-28T12:55:18.931Z] {"timestamp":1774702517196,"kind":"error","url":"http://localhost:3000/","viewport":{"width":1366,"height":639},"payload":{"message":"Uncaught SyntaxError: Unexpected token '<'","filename":"http://localhost:3000/umami","lineno":1,"colno":1}}
[2026-03-28T12:55:18.931Z] {"timestamp":1774702517446,"kind":"navigate","url":"http://localhost:3000/student/dashboard","viewport":{"width":1366,"height":639},"payload":{"reason":"pushState"}}
[2026-03-28T12:55:18.931Z] {"timestamp":1774702518768,"kind":"focusin","url":"http://localhost:3000/student/dashboard","viewport":{"width":1366,"height":639},"payload":{"target":{"tag":"button","id":null,"name":null,"type":null,"role":null,"ariaLabel":null,"testId":null,"dataLoc":"client\\src\\components\\university\\UniversityLayout.tsx:174","href":null,"text":"Sign Out","selectorHint":"[data-loc=\"client\\src\\components\\university\\UniversityLayout.tsx:174\"]"}}}
[2026-03-28T12:55:21.394Z] {"timestamp":1774702519722,"kind":"error","url":"http://localhost:3000/","viewport":{"width":1366,"height":639},"payload":{"message":"Uncaught SyntaxError: Unexpected token '<'","filename":"http://localhost:3000/umami","lineno":1,"colno":1}}
[2026-03-28T12:55:21.394Z] {"timestamp":1774702519824,"kind":"navigate","url":"http://localhost:3000/student/dashboard","viewport":{"width":1366,"height":639},"payload":{"reason":"pushState"}}
[2026-03-28T12:55:23.430Z] {"timestamp":1774702523106,"kind":"focusin","url":"http://localhost:3000/student/dashboard","viewport":{"width":1366,"height":639},"payload":{"target":{"tag":"button","id":null,"name":null,"type":null,"role":null,"ariaLabel":null,"testId":null,"dataLoc":"client\\src\\components\\university\\UniversityLayout.tsx:174","href":null,"text":"Sign Out","selectorHint":"[data-loc=\"client\\src\\components\\university\\UniversityLayout.tsx:174\"]"}}}
[2026-03-28T12:55:23.430Z] {"timestamp":1774702523332,"kind":"click","url":"http://localhost:3000/student/dashboard","viewport":{"width":1366,"height":639},"payload":{"target":{"tag":"button","id":null,"name":null,"type":null,"role":null,"ariaLabel":null,"testId":null,"dataLoc":"client\\src\\components\\university\\UniversityLayout.tsx:174","href":null,"text":"Sign Out","selectorHint":"[data-loc=\"client\\src\\components\\university\\UniversityLayout.tsx:174\"]"},"x":58,"y":605}}
[2026-03-28T12:55:23.430Z] {"timestamp":1774702523350,"kind":"focusout","url":"http://localhost:3000/student/dashboard","viewport":{"width":1366,"height":639},"payload":{"target":{"tag":"button","id":null,"name":null,"type":null,"role":null,"ariaLabel":null,"testId":null,"dataLoc":"client\\src\\components\\university\\UniversityLayout.tsx:174","href":null,"text":"Sign Out","selectorHint":"[data-loc=\"client\\src\\components\\university\\UniversityLayout.tsx:174\"]"},"value":null}}
[2026-03-28T12:55:25.636Z] {"timestamp":1774702523883,"kind":"error","url":"http://localhost:3000/","viewport":{"width":1366,"height":639},"payload":{"message":"Uncaught SyntaxError: Unexpected token '<'","filename":"http://localhost:3000/umami","lineno":1,"colno":1}}
[2026-03-28T12:55:25.636Z] {"timestamp":1774702523961,"kind":"navigate","url":"http://localhost:3000/student/dashboard","viewport":{"width":1366,"height":639},"payload":{"reason":"pushState"}}
[2026-03-28T12:55:25.636Z] {"timestamp":1774702525568,"kind":"focusin","url":"http://localhost:3000/student/dashboard","viewport":{"width":1366,"height":639},"payload":{"target":{"tag":"button","id":null,"name":null,"type":null,"role":null,"ariaLabel":null,"testId":null,"dataLoc":"client\\src\\components\\university\\UniversityLayout.tsx:174","href":null,"text":"Sign Out","selectorHint":"[data-loc=\"client\\src\\components\\university\\UniversityLayout.tsx:174\"]"}}}
[2026-03-28T12:55:28.041Z] {"timestamp":1774702526280,"kind":"error","url":"http://localhost:3000/","viewport":{"width":1366,"height":639},"payload":{"message":"Uncaught SyntaxError: Unexpected token '<'","filename":"http://localhost:3000/umami","lineno":1,"colno":1}}
[2026-03-28T12:55:28.041Z] {"timestamp":1774702526361,"kind":"navigate","url":"http://localhost:3000/student/dashboard","viewport":{"width":1366,"height":639},"payload":{"reason":"pushState"}}
[2026-03-28T12:55:30.036Z] {"timestamp":1774702528716,"kind":"focusin","url":"http://localhost:3000/student/dashboard","viewport":{"width":1366,"height":639},"payload":{"target":{"tag":"a","id":null,"name":null,"type":null,"role":null,"ariaLabel":null,"testId":null,"dataLoc":"client\\src\\components\\university\\UniversityLayout.tsx:153","href":"/student/catalog","text":"Course Catalog","selectorHint":"[data-loc=\"client\\src\\components\\university\\UniversityLayout.tsx:153\"]"}}}
[2026-03-28T12:55:30.036Z] {"timestamp":1774702528942,"kind":"click","url":"http://localhost:3000/student/dashboard","viewport":{"width":1366,"height":639},"payload":{"target":{"tag":"a","id":null,"name":null,"type":null,"role":null,"ariaLabel":null,"testId":null,"dataLoc":"client\\src\\components\\university\\UniversityLayout.tsx:153","href":"/student/catalog","text":"Course Catalog","selectorHint":"[data-loc=\"client\\src\\components\\university\\UniversityLayout.tsx:153\"]"},"x":94,"y":211}}
[2026-03-28T12:55:30.036Z] {"timestamp":1774702528943,"kind":"navigate","url":"http://localhost:3000/student/catalog","viewport":{"width":1366,"height":639},"payload":{"reason":"pushState"}}
[2026-03-28T12:55:30.036Z] {"timestamp":1774702528982,"kind":"focusout","url":"http://localhost:3000/student/catalog","viewport":{"width":1366,"height":639},"payload":{"target":{"tag":"a","id":null,"name":null,"type":null,"role":null,"ariaLabel":null,"testId":null,"dataLoc":"client\\src\\components\\university\\UniversityLayout.tsx:153","href":"/student/catalog","text":"Course Catalog","selectorHint":"[data-loc=\"client\\src\\components\\university\\UniversityLayout.tsx:153\"]"},"value":null}}
[2026-03-28T12:57:16.043Z] {"timestamp":1774702635421,"kind":"click","url":"http://localhost:3000/student/catalog","viewport":{"width":1366,"height":639},"payload":{"target":{"tag":"div","id":null,"name":null,"type":null,"role":null,"ariaLabel":null,"testId":null,"dataLoc":"client\\src\\components\\ErrorBoundary.tsx:36","href":null,"text":"Error: A <Select.Item /> must have a value prop that is not an empty string. Thi…","selectorHint":"[data-loc=\"client\\src\\components\\ErrorBoundary.tsx:36\"]"},"x":381,"y":196}}
[2026-03-28T12:57:18.032Z] {"timestamp":1774702636806,"kind":"scroll","url":"http://localhost:3000/student/catalog","viewport":{"width":1366,"height":639},"payload":{"scrollX":0,"scrollY":3,"documentHeight":1200,"viewportHeight":639}}
[2026-03-28T12:57:20.039Z] {"timestamp":1774702638242,"kind":"click","url":"http://localhost:3000/student/catalog","viewport":{"width":1366,"height":639},"payload":{"target":{"tag":"div","id":null,"name":null,"type":null,"role":null,"ariaLabel":null,"testId":null,"dataLoc":"client\\src\\components\\ErrorBoundary.tsx:36","href":null,"text":"Error: A <Select.Item /> must have a value prop that is not an empty string. Thi…","selectorHint":"[data-loc=\"client\\src\\components\\ErrorBoundary.tsx:36\"]"},"x":568,"y":483}}
[2026-03-28T13:03:02.138Z] {"timestamp":1774702980546,"kind":"error","url":"http://localhost:3000/student/catalog","viewport":{"width":1366,"height":639},"payload":{"message":"Uncaught SyntaxError: Unexpected token '<'","filename":"http://localhost:3000/umami","lineno":1,"colno":1}}
[2026-03-28T13:03:07.624Z] {"timestamp":1774702985851,"kind":"error","url":"http://localhost:3000/","viewport":{"width":1366,"height":639},"payload":{"message":"Uncaught SyntaxError: Unexpected token '<'","filename":"http://localhost:3000/umami","lineno":1,"colno":1}}
[2026-03-28T13:03:07.625Z] {"timestamp":1774702985966,"kind":"navigate","url":"http://localhost:3000/student/dashboard","viewport":{"width":1366,"height":639},"payload":{"reason":"pushState"}}
[2026-03-28T13:03:09.625Z] {"timestamp":1774702988617,"kind":"focusin","url":"http://localhost:3000/student/dashboard","viewport":{"width":1366,"height":639},"payload":{"target":{"tag":"div","id":"radix-_r_3_","name":null,"type":null,"role":"menu","ariaLabel":null,"testId":null,"dataLoc":"client\\src\\components\\university\\UniversityLayout.tsx:284","href":null,"text":"Local Dev User dev@example.com Sign Out","selectorHint":"[data-loc=\"client\\src\\components\\university\\UniversityLayout.tsx:284\"]"}}}
[2026-03-28T13:03:09.625Z] {"timestamp":1774702988683,"kind":"click","url":"http://localhost:3000/student/dashboard","viewport":{"width":1366,"height":639},"payload":{"target":{"tag":"html","id":null,"name":null,"type":null,"role":null,"ariaLabel":null,"testId":null,"dataLoc":null,"href":null,"text":"UniPortal University System L Local Dev User Student Dashboard Course Catalog My…","selectorHint":"html"},"x":1238,"y":23}}
[2026-03-28T13:03:11.631Z] {"timestamp":1774702989737,"kind":"focusout","url":"http://localhost:3000/student/dashboard","viewport":{"width":1366,"height":639},"payload":{"target":{"tag":"div","id":"radix-_r_3_","name":null,"type":null,"role":"menu","ariaLabel":null,"testId":null,"dataLoc":"client\\src\\components\\university\\UniversityLayout.tsx:284","href":null,"text":"Local Dev User dev@example.com Sign Out","selectorHint":"[data-loc=\"client\\src\\components\\university\\UniversityLayout.tsx:284\"]"},"value":null}}
[2026-03-28T13:03:11.631Z] {"timestamp":1774702989741,"kind":"focusin","url":"http://localhost:3000/student/dashboard","viewport":{"width":1366,"height":639},"payload":{"target":{"tag":"div","id":null,"name":null,"type":null,"role":"menuitem","ariaLabel":null,"testId":null,"dataLoc":"client\\src\\components\\university\\UniversityLayout.tsx:292","href":null,"text":"Sign Out","selectorHint":"[data-loc=\"client\\src\\components\\university\\UniversityLayout.tsx:292\"]"}}}
[2026-03-28T13:03:11.631Z] {"timestamp":1774702989924,"kind":"focusout","url":"http://localhost:3000/student/dashboard","viewport":{"width":1366,"height":639},"payload":{"target":{"tag":"div","id":null,"name":null,"type":null,"role":"menuitem","ariaLabel":null,"testId":null,"dataLoc":"client\\src\\components\\university\\UniversityLayout.tsx:292","href":null,"text":"Sign Out","selectorHint":"[data-loc=\"client\\src\\components\\university\\UniversityLayout.tsx:292\"]"},"value":null}}
[2026-03-28T13:03:11.631Z] {"timestamp":1774702989926,"kind":"focusin","url":"http://localhost:3000/student/dashboard","viewport":{"width":1366,"height":639},"payload":{"target":{"tag":"div","id":"radix-_r_3_","name":null,"type":null,"role":"menu","ariaLabel":null,"testId":null,"dataLoc":"client\\src\\components\\university\\UniversityLayout.tsx:284","href":null,"text":"Local Dev User dev@example.com Sign Out","selectorHint":"[data-loc=\"client\\src\\components\\university\\UniversityLayout.tsx:284\"]"}}}
[2026-03-28T13:03:11.631Z] {"timestamp":1774702990514,"kind":"focusout","url":"http://localhost:3000/student/dashboard","viewport":{"width":1366,"height":639},"payload":{"target":{"tag":"div","id":"radix-_r_3_","name":null,"type":null,"role":"menu","ariaLabel":null,"testId":null,"dataLoc":"client\\src\\components\\university\\UniversityLayout.tsx:284","href":null,"text":"Local Dev User dev@example.com Sign Out","selectorHint":"[data-loc=\"client\\src\\components\\university\\UniversityLayout.tsx:284\"]"},"value":null}}
[2026-03-28T13:03:11.631Z] {"timestamp":1774702990674,"kind":"click","url":"http://localhost:3000/student/dashboard","viewport":{"width":1366,"height":639},"payload":{"target":{"tag":"html","id":null,"name":null,"type":null,"role":null,"ariaLabel":null,"testId":null,"dataLoc":null,"href":null,"text":"UniPortal University System L Local Dev User Student Dashboard Course Catalog My…","selectorHint":"html"},"x":850,"y":51}}
[2026-03-28T13:03:11.631Z] {"timestamp":1774702990728,"kind":"focusin","url":"http://localhost:3000/student/dashboard","viewport":{"width":1366,"height":639},"payload":{"target":{"tag":"button","id":"radix-_r_2_","name":null,"type":null,"role":null,"ariaLabel":null,"testId":null,"dataLoc":"client\\src\\components\\university\\UniversityLayout.tsx:277","href":null,"text":"L Local Dev User","selectorHint":"[data-loc=\"client\\src\\components\\university\\UniversityLayout.tsx:277\"]"}}}
[2026-03-28T13:03:16.090Z] {"timestamp":1774702995294,"kind":"focusout","url":"http://localhost:3000/student/dashboard","viewport":{"width":1366,"height":639},"payload":{"target":{"tag":"button","id":"radix-_r_2_","name":null,"type":null,"role":null,"ariaLabel":null,"testId":null,"dataLoc":"client\\src\\components\\university\\UniversityLayout.tsx:277","href":null,"text":"L Local Dev User","selectorHint":"[data-loc=\"client\\src\\components\\university\\UniversityLayout.tsx:277\"]"},"value":null}}
[2026-03-28T13:03:29.642Z] {"timestamp":1774703009569,"kind":"focusin","url":"http://localhost:3000/student/dashboard","viewport":{"width":1366,"height":639},"payload":{"target":{"tag":"button","id":"radix-_r_2_","name":null,"type":null,"role":null,"ariaLabel":null,"testId":null,"dataLoc":"client\\src\\components\\university\\UniversityLayout.tsx:277","href":null,"text":"L Local Dev User","selectorHint":"[data-loc=\"client\\src\\components\\university\\UniversityLayout.tsx:277\"]"}}}
[2026-03-28T13:03:33.354Z] {"timestamp":1774703011597,"kind":"error","url":"http://localhost:3000/","viewport":{"width":1366,"height":639},"payload":{"message":"Uncaught SyntaxError: Unexpected token '<'","filename":"http://localhost:3000/umami","lineno":1,"colno":1}}
[2026-03-28T13:03:33.354Z] {"timestamp":1774703011686,"kind":"navigate","url":"http://localhost:3000/student/dashboard","viewport":{"width":1366,"height":639},"payload":{"reason":"pushState"}}
[2026-03-28T13:03:37.282Z] {"timestamp":1774703015529,"kind":"error","url":"http://localhost:3000/","viewport":{"width":1366,"height":639},"payload":{"message":"Uncaught SyntaxError: Unexpected token '<'","filename":"http://localhost:3000/umami","lineno":1,"colno":1}}
[2026-03-28T13:03:37.283Z] {"timestamp":1774703015621,"kind":"navigate","url":"http://localhost:3000/student/dashboard","viewport":{"width":1366,"height":639},"payload":{"reason":"pushState"}}
[2026-03-28T13:04:59.272Z] {"timestamp":1774703097796,"kind":"focusin","url":"http://localhost:3000/student/dashboard","viewport":{"width":1366,"height":639},"payload":{"target":{"tag":"a","id":null,"name":null,"type":null,"role":null,"ariaLabel":null,"testId":null,"dataLoc":"client\\src\\components\\university\\UniversityLayout.tsx:153","href":"/student/catalog","text":"Course Catalog","selectorHint":"[data-loc=\"client\\src\\components\\university\\UniversityLayout.tsx:153\"]"}}}
[2026-03-28T13:04:59.272Z] {"timestamp":1774703098007,"kind":"click","url":"http://localhost:3000/student/dashboard","viewport":{"width":1366,"height":639},"payload":{"target":{"tag":"a","id":null,"name":null,"type":null,"role":null,"ariaLabel":null,"testId":null,"dataLoc":"client\\src\\components\\university\\UniversityLayout.tsx:153","href":"/student/catalog","text":"Course Catalog","selectorHint":"[data-loc=\"client\\src\\components\\university\\UniversityLayout.tsx:153\"]"},"x":72,"y":208}}
[2026-03-28T13:04:59.272Z] {"timestamp":1774703098017,"kind":"navigate","url":"http://localhost:3000/student/catalog","viewport":{"width":1366,"height":639},"payload":{"reason":"pushState"}}
[2026-03-28T13:04:59.272Z] {"timestamp":1774703098114,"kind":"focusout","url":"http://localhost:3000/student/catalog","viewport":{"width":1366,"height":639},"payload":{"target":{"tag":"a","id":null,"name":null,"type":null,"role":null,"ariaLabel":null,"testId":null,"dataLoc":"client\\src\\components\\university\\UniversityLayout.tsx:153","href":"/student/catalog","text":"Course Catalog","selectorHint":"[data-loc=\"client\\src\\components\\university\\UniversityLayout.tsx:153\"]"},"value":null}}
[2026-03-28T13:05:01.265Z] {"timestamp":1774703099823,"kind":"focusin","url":"http://localhost:3000/student/catalog","viewport":{"width":1366,"height":639},"payload":{"target":{"tag":"a","id":null,"name":null,"type":null,"role":null,"ariaLabel":null,"testId":null,"dataLoc":"client\\src\\components\\university\\UniversityLayout.tsx:153","href":"/student/courses","text":"My Courses","selectorHint":"[data-loc=\"client\\src\\components\\university\\UniversityLayout.tsx:153\"]"}}}
[2026-03-28T13:05:01.265Z] {"timestamp":1774703100052,"kind":"click","url":"http://localhost:3000/student/catalog","viewport":{"width":1366,"height":639},"payload":{"target":{"tag":"a","id":null,"name":null,"type":null,"role":null,"ariaLabel":null,"testId":null,"dataLoc":"client\\src\\components\\university\\UniversityLayout.tsx:153","href":"/student/courses","text":"My Courses","selectorHint":"[data-loc=\"client\\src\\components\\university\\UniversityLayout.tsx:153\"]"},"x":88,"y":247}}
[2026-03-28T13:05:01.265Z] {"timestamp":1774703100053,"kind":"navigate","url":"http://localhost:3000/student/courses","viewport":{"width":1366,"height":639},"payload":{"reason":"pushState"}}
[2026-03-28T13:05:01.265Z] {"timestamp":1774703100143,"kind":"focusout","url":"http://localhost:3000/student/courses","viewport":{"width":1366,"height":639},"payload":{"target":{"tag":"a","id":null,"name":null,"type":null,"role":null,"ariaLabel":null,"testId":null,"dataLoc":"client\\src\\components\\university\\UniversityLayout.tsx:153","href":"/student/courses","text":"My Courses","selectorHint":"[data-loc=\"client\\src\\components\\university\\UniversityLayout.tsx:153\"]"},"value":null}}
[2026-03-28T13:05:03.259Z] {"timestamp":1774703101741,"kind":"focusin","url":"http://localhost:3000/student/courses","viewport":{"width":1366,"height":639},"payload":{"target":{"tag":"a","id":null,"name":null,"type":null,"role":null,"ariaLabel":null,"testId":null,"dataLoc":"client\\src\\components\\university\\UniversityLayout.tsx:153","href":"/student/catalog","text":"Course Catalog","selectorHint":"[data-loc=\"client\\src\\components\\university\\UniversityLayout.tsx:153\"]"}}}
[2026-03-28T13:05:03.259Z] {"timestamp":1774703101966,"kind":"click","url":"http://localhost:3000/student/courses","viewport":{"width":1366,"height":639},"payload":{"target":{"tag":"a","id":null,"name":null,"type":null,"role":null,"ariaLabel":null,"testId":null,"dataLoc":"client\\src\\components\\university\\UniversityLayout.tsx:153","href":"/student/catalog","text":"Course Catalog","selectorHint":"[data-loc=\"client\\src\\components\\university\\UniversityLayout.tsx:153\"]"},"x":86,"y":199}}
[2026-03-28T13:05:03.259Z] {"timestamp":1774703101968,"kind":"navigate","url":"http://localhost:3000/student/catalog","viewport":{"width":1366,"height":639},"payload":{"reason":"pushState"}}
[2026-03-28T13:05:03.259Z] {"timestamp":1774703102050,"kind":"focusout","url":"http://localhost:3000/student/catalog","viewport":{"width":1366,"height":639},"payload":{"target":{"tag":"a","id":null,"name":null,"type":null,"role":null,"ariaLabel":null,"testId":null,"dataLoc":"client\\src\\components\\university\\UniversityLayout.tsx:153","href":"/student/catalog","text":"Course Catalog","selectorHint":"[data-loc=\"client\\src\\components\\university\\UniversityLayout.tsx:153\"]"},"value":null}}
[2026-03-28T13:05:03.259Z] {"timestamp":1774703103117,"kind":"focusin","url":"http://localhost:3000/student/catalog","viewport":{"width":1366,"height":639},"payload":{"target":{"tag":"input","id":null,"name":null,"type":"text","role":null,"ariaLabel":null,"testId":null,"dataLoc":"client\\src\\pages\\student\\Catalog.tsx:91","href":null,"text":"","selectorHint":"[data-loc=\"client\\src\\pages\\student\\Catalog.tsx:91\"]"}}}
[2026-03-28T13:05:05.258Z] {"timestamp":1774703103338,"kind":"click","url":"http://localhost:3000/student/catalog","viewport":{"width":1366,"height":639},"payload":{"target":{"tag":"input","id":null,"name":null,"type":"text","role":null,"ariaLabel":null,"testId":null,"dataLoc":"client\\src\\pages\\student\\Catalog.tsx:91","href":null,"text":"","selectorHint":"[data-loc=\"client\\src\\pages\\student\\Catalog.tsx:91\"]"},"x":630,"y":175}}
[2026-03-28T13:05:05.258Z] {"timestamp":1774703105107,"kind":"focusout","url":"http://localhost:3000/student/catalog","viewport":{"width":1366,"height":639},"payload":{"target":{"tag":"input","id":null,"name":null,"type":"text","role":null,"ariaLabel":null,"testId":null,"dataLoc":"client\\src\\pages\\student\\Catalog.tsx:91","href":null,"text":"","selectorHint":"[data-loc=\"client\\src\\pages\\student\\Catalog.tsx:91\"]"},"value":""}}
[2026-03-28T13:05:07.267Z] {"timestamp":1774703105328,"kind":"click","url":"http://localhost:3000/student/catalog","viewport":{"width":1366,"height":639},"payload":{"target":{"tag":"div","id":null,"name":null,"type":null,"role":null,"ariaLabel":null,"testId":null,"dataLoc":"client\\src\\components\\university\\UniversityLayout.tsx:303","href":null,"text":"Course Catalog No active semester All Departments All Levels No active semester.…","selectorHint":"[data-loc=\"client\\src\\components\\university\\UniversityLayout.tsx:303\"]"},"x":1092,"y":201}}
[2026-03-28T13:05:07.267Z] {"timestamp":1774703105871,"kind":"focusin","url":"http://localhost:3000/student/catalog","viewport":{"width":1366,"height":639},"payload":{"target":{"tag":"div","id":null,"name":null,"type":null,"role":"option","ariaLabel":null,"testId":null,"dataLoc":"client\\src\\pages\\student\\Catalog.tsx:103","href":null,"text":"All Departments","selectorHint":"[data-loc=\"client\\src\\pages\\student\\Catalog.tsx:103\"]"}}}
[2026-03-28T13:05:07.267Z] {"timestamp":1774703105943,"kind":"click","url":"http://localhost:3000/student/catalog","viewport":{"width":1366,"height":639},"payload":{"target":{"tag":"html","id":null,"name":null,"type":null,"role":null,"ariaLabel":null,"testId":null,"dataLoc":null,"href":null,"text":"UniPortal University System L Local Dev User Student Dashboard Course Catalog My…","selectorHint":"html"},"x":1102,"y":191}}
[2026-03-28T13:05:07.267Z] {"timestamp":1774703107177,"kind":"focusout","url":"http://localhost:3000/student/catalog","viewport":{"width":1366,"height":639},"payload":{"target":{"tag":"div","id":null,"name":null,"type":null,"role":"option","ariaLabel":null,"testId":null,"dataLoc":"client\\src\\pages\\student\\Catalog.tsx:103","href":null,"text":"All Departments","selectorHint":"[data-loc=\"client\\src\\pages\\student\\Catalog.tsx:103\"]"},"value":null}}
[2026-03-28T13:05:07.267Z] {"timestamp":1774703107222,"kind":"focusin","url":"http://localhost:3000/student/catalog","viewport":{"width":1366,"height":639},"payload":{"target":{"tag":"button","id":null,"name":null,"type":null,"role":"combobox","ariaLabel":null,"testId":null,"dataLoc":"client\\src\\pages\\student\\Catalog.tsx:99","href":null,"text":"All Departments","selectorHint":"[data-loc=\"client\\src\\pages\\student\\Catalog.tsx:99\"]"}}}
[2026-03-28T13:05:09.263Z] {"timestamp":1774703108087,"kind":"focusout","url":"http://localhost:3000/student/catalog","viewport":{"width":1366,"height":639},"payload":{"target":{"tag":"button","id":null,"name":null,"type":null,"role":"combobox","ariaLabel":null,"testId":null,"dataLoc":"client\\src\\pages\\student\\Catalog.tsx:99","href":null,"text":"All Departments","selectorHint":"[data-loc=\"client\\src\\pages\\student\\Catalog.tsx:99\"]"},"value":null}}
[2026-03-28T13:05:09.263Z] {"timestamp":1774703108089,"kind":"focusin","url":"http://localhost:3000/student/catalog","viewport":{"width":1366,"height":639},"payload":{"target":{"tag":"div","id":null,"name":null,"type":null,"role":"option","ariaLabel":null,"testId":null,"dataLoc":"client\\src\\pages\\student\\Catalog.tsx:116","href":null,"text":"All Levels","selectorHint":"[data-loc=\"client\\src\\pages\\student\\Catalog.tsx:116\"]"}}}
[2026-03-28T13:05:09.263Z] {"timestamp":1774703108114,"kind":"click","url":"http://localhost:3000/student/catalog","viewport":{"width":1366,"height":639},"payload":{"target":{"tag":"html","id":null,"name":null,"type":null,"role":null,"ariaLabel":null,"testId":null,"dataLoc":null,"href":null,"text":"UniPortal University System L Local Dev User Student Dashboard Course Catalog My…","selectorHint":"html"},"x":1262,"y":166}}
[2026-03-28T13:05:09.263Z] {"timestamp":1774703108868,"kind":"focusout","url":"http://localhost:3000/student/catalog","viewport":{"width":1366,"height":639},"payload":{"target":{"tag":"div","id":null,"name":null,"type":null,"role":"option","ariaLabel":null,"testId":null,"dataLoc":"client\\src\\pages\\student\\Catalog.tsx:116","href":null,"text":"All Levels","selectorHint":"[data-loc=\"client\\src\\pages\\student\\Catalog.tsx:116\"]"},"value":null}}
[2026-03-28T13:05:09.263Z] {"timestamp":1774703108872,"kind":"focusin","url":"http://localhost:3000/student/catalog","viewport":{"width":1366,"height":639},"payload":{"target":{"tag":"div","id":"radix-_r_s_","name":null,"type":null,"role":"listbox","ariaLabel":null,"testId":null,"dataLoc":"client\\src\\pages\\student\\Catalog.tsx:115","href":null,"text":"All Levels 100-level 200-level 300-level 400-level 500-level 600-level","selectorHint":"[data-loc=\"client\\src\\pages\\student\\Catalog.tsx:115\"]"}}}
[2026-03-28T13:05:09.263Z] {"timestamp":1774703108886,"kind":"focusout","url":"http://localhost:3000/student/catalog","viewport":{"width":1366,"height":639},"payload":{"target":{"tag":"div","id":"radix-_r_s_","name":null,"type":null,"role":"listbox","ariaLabel":null,"testId":null,"dataLoc":"client\\src\\pages\\student\\Catalog.tsx:115","href":null,"text":"All Levels 100-level 200-level 300-level 400-level 500-level 600-level","selectorHint":"[data-loc=\"client\\src\\pages\\student\\Catalog.tsx:115\"]"},"value":null}}
[2026-03-28T13:05:09.263Z] {"timestamp":1774703108887,"kind":"focusin","url":"http://localhost:3000/student/catalog","viewport":{"width":1366,"height":639},"payload":{"target":{"tag":"div","id":null,"name":null,"type":null,"role":"option","ariaLabel":null,"testId":null,"dataLoc":"client\\src\\pages\\student\\Catalog.tsx:118","href":null,"text":"100-level","selectorHint":"[data-loc=\"client\\src\\pages\\student\\Catalog.tsx:118\"]"}}}
[2026-03-28T13:05:09.263Z] {"timestamp":1774703108950,"kind":"focusout","url":"http://localhost:3000/student/catalog","viewport":{"width":1366,"height":639},"payload":{"target":{"tag":"div","id":null,"name":null,"type":null,"role":"option","ariaLabel":null,"testId":null,"dataLoc":"client\\src\\pages\\student\\Catalog.tsx:118","href":null,"text":"100-level","selectorHint":"[data-loc=\"client\\src\\pages\\student\\Catalog.tsx:118\"]"},"value":null}}
[2026-03-28T13:05:09.263Z] {"timestamp":1774703108952,"kind":"focusin","url":"http://localhost:3000/student/catalog","viewport":{"width":1366,"height":639},"payload":{"target":{"tag":"div","id":"radix-_r_s_","name":null,"type":null,"role":"listbox","ariaLabel":null,"testId":null,"dataLoc":"client\\src\\pages\\student\\Catalog.tsx:115","href":null,"text":"All Levels 100-level 200-level 300-level 400-level 500-level 600-level","selectorHint":"[data-loc=\"client\\src\\pages\\student\\Catalog.tsx:115\"]"}}}
[2026-03-28T13:05:09.263Z] {"timestamp":1774703108957,"kind":"focusout","url":"http://localhost:3000/student/catalog","viewport":{"width":1366,"height":639},"payload":{"target":{"tag":"div","id":"radix-_r_s_","name":null,"type":null,"role":"listbox","ariaLabel":null,"testId":null,"dataLoc":"client\\src\\pages\\student\\Catalog.tsx:115","href":null,"text":"All Levels 100-level 200-level 300-level 400-level 500-level 600-level","selectorHint":"[data-loc=\"client\\src\\pages\\student\\Catalog.tsx:115\"]"},"value":null}}
[2026-03-28T13:05:09.263Z] {"timestamp":1774703108958,"kind":"focusin","url":"http://localhost:3000/student/catalog","viewport":{"width":1366,"height":639},"payload":{"target":{"tag":"div","id":null,"name":null,"type":null,"role":"option","ariaLabel":null,"testId":null,"dataLoc":"client\\src\\pages\\student\\Catalog.tsx:118","href":null,"text":"200-level","selectorHint":"[data-loc=\"client\\src\\pages\\student\\Catalog.tsx:118\"]"}}}
[2026-03-28T13:05:09.263Z] {"timestamp":1774703109096,"kind":"focusout","url":"http://localhost:3000/student/catalog","viewport":{"width":1366,"height":639},"payload":{"target":{"tag":"div","id":null,"name":null,"type":null,"role":"option","ariaLabel":null,"testId":null,"dataLoc":"client\\src\\pages\\student\\Catalog.tsx:118","href":null,"text":"200-level","selectorHint":"[data-loc=\"client\\src\\pages\\student\\Catalog.tsx:118\"]"},"value":null}}
[2026-03-28T13:05:09.263Z] {"timestamp":1774703109097,"kind":"focusin","url":"http://localhost:3000/student/catalog","viewport":{"width":1366,"height":639},"payload":{"target":{"tag":"div","id":"radix-_r_s_","name":null,"type":null,"role":"listbox","ariaLabel":null,"testId":null,"dataLoc":"client\\src\\pages\\student\\Catalog.tsx:115","href":null,"text":"All Levels 100-level 200-level 300-level 400-level 500-level 600-level","selectorHint":"[data-loc=\"client\\src\\pages\\student\\Catalog.tsx:115\"]"}}}
[2026-03-28T13:05:11.259Z] {"timestamp":1774703109484,"kind":"focusout","url":"http://localhost:3000/student/catalog","viewport":{"width":1366,"height":639},"payload":{"target":{"tag":"div","id":"radix-_r_s_","name":null,"type":null,"role":"listbox","ariaLabel":null,"testId":null,"dataLoc":"client\\src\\pages\\student\\Catalog.tsx:115","href":null,"text":"All Levels 100-level 200-level 300-level 400-level 500-level 600-level","selectorHint":"[data-loc=\"client\\src\\pages\\student\\Catalog.tsx:115\"]"},"value":null}}
[2026-03-28T13:05:11.259Z] {"timestamp":1774703109546,"kind":"focusin","url":"http://localhost:3000/student/catalog","viewport":{"width":1366,"height":639},"payload":{"target":{"tag":"button","id":null,"name":null,"type":null,"role":"combobox","ariaLabel":null,"testId":null,"dataLoc":"client\\src\\pages\\student\\Catalog.tsx:112","href":null,"text":"All Levels","selectorHint":"[data-loc=\"client\\src\\pages\\student\\Catalog.tsx:112\"]"}}}
[2026-03-28T13:05:11.259Z] {"timestamp":1774703109671,"kind":"click","url":"http://localhost:3000/student/catalog","viewport":{"width":1366,"height":639},"payload":{"target":{"tag":"html","id":null,"name":null,"type":null,"role":null,"ariaLabel":null,"testId":null,"dataLoc":null,"href":null,"text":"UniPortal University System L Local Dev User Student Dashboard Course Catalog My…","selectorHint":"html"},"x":967,"y":276}}
[2026-03-28T13:05:11.259Z] {"timestamp":1774703110977,"kind":"focusout","url":"http://localhost:3000/student/catalog","viewport":{"width":1366,"height":639},"payload":{"target":{"tag":"button","id":null,"name":null,"type":null,"role":"combobox","ariaLabel":null,"testId":null,"dataLoc":"client\\src\\pages\\student\\Catalog.tsx:112","href":null,"text":"All Levels","selectorHint":"[data-loc=\"client\\src\\pages\\student\\Catalog.tsx:112\"]"},"value":null}}
[2026-03-28T13:05:11.259Z] {"timestamp":1774703110979,"kind":"focusin","url":"http://localhost:3000/student/catalog","viewport":{"width":1366,"height":639},"payload":{"target":{"tag":"input","id":null,"name":null,"type":"text","role":null,"ariaLabel":null,"testId":null,"dataLoc":"client\\src\\pages\\student\\Catalog.tsx:91","href":null,"text":"","selectorHint":"[data-loc=\"client\\src\\pages\\student\\Catalog.tsx:91\"]"}}}
[2026-03-28T13:05:11.259Z] {"timestamp":1774703111195,"kind":"click","url":"http://localhost:3000/student/catalog","viewport":{"width":1366,"height":639},"payload":{"target":{"tag":"input","id":null,"name":null,"type":"text","role":null,"ariaLabel":null,"testId":null,"dataLoc":"client\\src\\pages\\student\\Catalog.tsx:91","href":null,"text":"","selectorHint":"[data-loc=\"client\\src\\pages\\student\\Catalog.tsx:91\"]"},"x":728,"y":164}}
[2026-03-28T13:05:13.263Z] {"timestamp":1774703112403,"kind":"focusout","url":"http://localhost:3000/student/catalog","viewport":{"width":1366,"height":639},"payload":{"target":{"tag":"input","id":null,"name":null,"type":"text","role":null,"ariaLabel":null,"testId":null,"dataLoc":"client\\src\\pages\\student\\Catalog.tsx:91","href":null,"text":"","selectorHint":"[data-loc=\"client\\src\\pages\\student\\Catalog.tsx:91\"]"},"value":""}}
[2026-03-28T13:05:13.263Z] {"timestamp":1774703112405,"kind":"focusin","url":"http://localhost:3000/student/catalog","viewport":{"width":1366,"height":639},"payload":{"target":{"tag":"div","id":null,"name":null,"type":null,"role":"option","ariaLabel":null,"testId":null,"dataLoc":"client\\src\\pages\\student\\Catalog.tsx:103","href":null,"text":"All Departments","selectorHint":"[data-loc=\"client\\src\\pages\\student\\Catalog.tsx:103\"]"}}}
[2026-03-28T13:05:13.264Z] {"timestamp":1774703112508,"kind":"click","url":"http://localhost:3000/student/catalog","viewport":{"width":1366,"height":639},"payload":{"target":{"tag":"html","id":null,"name":null,"type":null,"role":null,"ariaLabel":null,"testId":null,"dataLoc":null,"href":null,"text":"UniPortal University System L Local Dev User Student Dashboard Course Catalog My…","selectorHint":"html"},"x":1077,"y":187}}
[2026-03-28T13:05:15.270Z] {"timestamp":1774703113540,"kind":"focusout","url":"http://localhost:3000/student/catalog","viewport":{"width":1366,"height":639},"payload":{"target":{"tag":"div","id":null,"name":null,"type":null,"role":"option","ariaLabel":null,"testId":null,"dataLoc":"client\\src\\pages\\student\\Catalog.tsx:103","href":null,"text":"All Departments","selectorHint":"[data-loc=\"client\\src\\pages\\student\\Catalog.tsx:103\"]"},"value":null}}
[2026-03-28T13:05:15.270Z] {"timestamp":1774703113585,"kind":"focusin","url":"http://localhost:3000/student/catalog","viewport":{"width":1366,"height":639},"payload":{"target":{"tag":"button","id":null,"name":null,"type":null,"role":"combobox","ariaLabel":null,"testId":null,"dataLoc":"client\\src\\pages\\student\\Catalog.tsx:99","href":null,"text":"All Departments","selectorHint":"[data-loc=\"client\\src\\pages\\student\\Catalog.tsx:99\"]"}}}
[2026-03-28T13:05:15.270Z] {"timestamp":1774703113735,"kind":"click","url":"http://localhost:3000/student/catalog","viewport":{"width":1366,"height":639},"payload":{"target":{"tag":"html","id":null,"name":null,"type":null,"role":null,"ariaLabel":null,"testId":null,"dataLoc":null,"href":null,"text":"UniPortal University System L Local Dev User Student Dashboard Course Catalog My…","selectorHint":"html"},"x":700,"y":161}}
[2026-03-28T13:05:15.270Z] {"timestamp":1774703114348,"kind":"focusout","url":"http://localhost:3000/student/catalog","viewport":{"width":1366,"height":639},"payload":{"target":{"tag":"button","id":null,"name":null,"type":null,"role":"combobox","ariaLabel":null,"testId":null,"dataLoc":"client\\src\\pages\\student\\Catalog.tsx:99","href":null,"text":"All Departments","selectorHint":"[data-loc=\"client\\src\\pages\\student\\Catalog.tsx:99\"]"},"value":null}}
[2026-03-28T13:05:15.270Z] {"timestamp":1774703114352,"kind":"focusin","url":"http://localhost:3000/student/catalog","viewport":{"width":1366,"height":639},"payload":{"target":{"tag":"input","id":null,"name":null,"type":"text","role":null,"ariaLabel":null,"testId":null,"dataLoc":"client\\src\\pages\\student\\Catalog.tsx:91","href":null,"text":"","selectorHint":"[data-loc=\"client\\src\\pages\\student\\Catalog.tsx:91\"]"}}}
[2026-03-28T13:05:15.270Z] {"timestamp":1774703114575,"kind":"click","url":"http://localhost:3000/student/catalog","viewport":{"width":1366,"height":639},"payload":{"target":{"tag":"input","id":null,"name":null,"type":"text","role":null,"ariaLabel":null,"testId":null,"dataLoc":"client\\src\\pages\\student\\Catalog.tsx:91","href":null,"text":"","selectorHint":"[data-loc=\"client\\src\\pages\\student\\Catalog.tsx:91\"]"},"x":668,"y":185}}
[2026-03-28T13:05:17.264Z] {"timestamp":1774703115530,"kind":"focusout","url":"http://localhost:3000/student/catalog","viewport":{"width":1366,"height":639},"payload":{"target":{"tag":"input","id":null,"name":null,"type":"text","role":null,"ariaLabel":null,"testId":null,"dataLoc":"client\\src\\pages\\student\\Catalog.tsx:91","href":null,"text":"","selectorHint":"[data-loc=\"client\\src\\pages\\student\\Catalog.tsx:91\"]"},"value":""}}
[2026-03-28T13:05:17.264Z] {"timestamp":1774703115532,"kind":"focusin","url":"http://localhost:3000/student/catalog","viewport":{"width":1366,"height":639},"payload":{"target":{"tag":"div","id":null,"name":null,"type":null,"role":"option","ariaLabel":null,"testId":null,"dataLoc":"client\\src\\pages\\student\\Catalog.tsx:103","href":null,"text":"All Departments","selectorHint":"[data-loc=\"client\\src\\pages\\student\\Catalog.tsx:103\"]"}}}
[2026-03-28T13:05:17.264Z] {"timestamp":1774703115634,"kind":"click","url":"http://localhost:3000/student/catalog","viewport":{"width":1366,"height":639},"payload":{"target":{"tag":"html","id":null,"name":null,"type":null,"role":null,"ariaLabel":null,"testId":null,"dataLoc":null,"href":null,"text":"UniPortal University System L Local Dev User Student Dashboard Course Catalog My…","selectorHint":"html"},"x":1087,"y":190}}
[2026-03-28T13:05:17.264Z] {"timestamp":1774703116374,"kind":"focusout","url":"http://localhost:3000/student/catalog","viewport":{"width":1366,"height":639},"payload":{"target":{"tag":"div","id":null,"name":null,"type":null,"role":"option","ariaLabel":null,"testId":null,"dataLoc":"client\\src\\pages\\student\\Catalog.tsx:103","href":null,"text":"All Departments","selectorHint":"[data-loc=\"client\\src\\pages\\student\\Catalog.tsx:103\"]"},"value":null}}
[2026-03-28T13:05:17.264Z] {"timestamp":1774703116420,"kind":"focusin","url":"http://localhost:3000/student/catalog","viewport":{"width":1366,"height":639},"payload":{"target":{"tag":"button","id":null,"name":null,"type":null,"role":"combobox","ariaLabel":null,"testId":null,"dataLoc":"client\\src\\pages\\student\\Catalog.tsx:99","href":null,"text":"All Departments","selectorHint":"[data-loc=\"client\\src\\pages\\student\\Catalog.tsx:99\"]"}}}
[2026-03-28T13:05:17.265Z] {"timestamp":1774703116586,"kind":"click","url":"http://localhost:3000/student/catalog","viewport":{"width":1366,"height":639},"payload":{"target":{"tag":"html","id":null,"name":null,"type":null,"role":null,"ariaLabel":null,"testId":null,"dataLoc":null,"href":null,"text":"UniPortal University System L Local Dev User Student Dashboard Course Catalog My…","selectorHint":"html"},"x":1274,"y":184}}
[2026-03-28T13:05:19.273Z] {"timestamp":1774703117550,"kind":"focusout","url":"http://localhost:3000/student/catalog","viewport":{"width":1366,"height":639},"payload":{"target":{"tag":"button","id":null,"name":null,"type":null,"role":"combobox","ariaLabel":null,"testId":null,"dataLoc":"client\\src\\pages\\student\\Catalog.tsx:99","href":null,"text":"All Departments","selectorHint":"[data-loc=\"client\\src\\pages\\student\\Catalog.tsx:99\"]"},"value":null}}
[2026-03-28T13:05:19.273Z] {"timestamp":1774703117553,"kind":"focusin","url":"http://localhost:3000/student/catalog","viewport":{"width":1366,"height":639},"payload":{"target":{"tag":"div","id":null,"name":null,"type":null,"role":"option","ariaLabel":null,"testId":null,"dataLoc":"client\\src\\pages\\student\\Catalog.tsx:116","href":null,"text":"All Levels","selectorHint":"[data-loc=\"client\\src\\pages\\student\\Catalog.tsx:116\"]"}}}
[2026-03-28T13:05:19.273Z] {"timestamp":1774703117610,"kind":"click","url":"http://localhost:3000/student/catalog","viewport":{"width":1366,"height":639},"payload":{"target":{"tag":"html","id":null,"name":null,"type":null,"role":null,"ariaLabel":null,"testId":null,"dataLoc":null,"href":null,"text":"UniPortal University System L Local Dev User Student Dashboard Course Catalog My…","selectorHint":"html"},"x":1304,"y":180}}
[2026-03-28T13:05:19.273Z] {"timestamp":1774703118326,"kind":"focusout","url":"http://localhost:3000/student/catalog","viewport":{"width":1366,"height":639},"payload":{"target":{"tag":"div","id":null,"name":null,"type":null,"role":"option","ariaLabel":null,"testId":null,"dataLoc":"client\\src\\pages\\student\\Catalog.tsx:116","href":null,"text":"All Levels","selectorHint":"[data-loc=\"client\\src\\pages\\student\\Catalog.tsx:116\"]"},"value":null}}
[2026-03-28T13:05:19.273Z] {"timestamp":1774703118328,"kind":"focusin","url":"http://localhost:3000/student/catalog","viewport":{"width":1366,"height":639},"payload":{"target":{"tag":"div","id":"radix-_r_s_","name":null,"type":null,"role":"listbox","ariaLabel":null,"testId":null,"dataLoc":"client\\src\\pages\\student\\Catalog.tsx:115","href":null,"text":"All Levels 100-level 200-level 300-level 400-level 500-level 600-level","selectorHint":"[data-loc=\"client\\src\\pages\\student\\Catalog.tsx:115\"]"}}}
[2026-03-28T13:05:19.273Z] {"timestamp":1774703118337,"kind":"focusout","url":"http://localhost:3000/student/catalog","viewport":{"width":1366,"height":639},"payload":{"target":{"tag":"div","id":"radix-_r_s_","name":null,"type":null,"role":"listbox","ariaLabel":null,"testId":null,"dataLoc":"client\\src\\pages\\student\\Catalog.tsx:115","href":null,"text":"All Levels 100-level 200-level 300-level 400-level 500-level 600-level","selectorHint":"[data-loc=\"client\\src\\pages\\student\\Catalog.tsx:115\"]"},"value":null}}
[2026-03-28T13:05:19.273Z] {"timestamp":1774703118338,"kind":"focusin","url":"http://localhost:3000/student/catalog","viewport":{"width":1366,"height":639},"payload":{"target":{"tag":"div","id":null,"name":null,"type":null,"role":"option","ariaLabel":null,"testId":null,"dataLoc":"client\\src\\pages\\student\\Catalog.tsx:118","href":null,"text":"100-level","selectorHint":"[data-loc=\"client\\src\\pages\\student\\Catalog.tsx:118\"]"}}}
[2026-03-28T13:05:19.273Z] {"timestamp":1774703118408,"kind":"focusout","url":"http://localhost:3000/student/catalog","viewport":{"width":1366,"height":639},"payload":{"target":{"tag":"div","id":null,"name":null,"type":null,"role":"option","ariaLabel":null,"testId":null,"dataLoc":"client\\src\\pages\\student\\Catalog.tsx:118","href":null,"text":"100-level","selectorHint":"[data-loc=\"client\\src\\pages\\student\\Catalog.tsx:118\"]"},"value":null}}
[2026-03-28T13:05:19.273Z] {"timestamp":1774703118409,"kind":"focusin","url":"http://localhost:3000/student/catalog","viewport":{"width":1366,"height":639},"payload":{"target":{"tag":"div","id":"radix-_r_s_","name":null,"type":null,"role":"listbox","ariaLabel":null,"testId":null,"dataLoc":"client\\src\\pages\\student\\Catalog.tsx:115","href":null,"text":"All Levels 100-level 200-level 300-level 400-level 500-level 600-level","selectorHint":"[data-loc=\"client\\src\\pages\\student\\Catalog.tsx:115\"]"}}}
[2026-03-28T13:05:19.273Z] {"timestamp":1774703118417,"kind":"focusout","url":"http://localhost:3000/student/catalog","viewport":{"width":1366,"height":639},"payload":{"target":{"tag":"div","id":"radix-_r_s_","name":null,"type":null,"role":"listbox","ariaLabel":null,"testId":null,"dataLoc":"client\\src\\pages\\student\\Catalog.tsx:115","href":null,"text":"All Levels 100-level 200-level 300-level 400-level 500-level 600-level","selectorHint":"[data-loc=\"client\\src\\pages\\student\\Catalog.tsx:115\"]"},"value":null}}
[2026-03-28T13:05:19.273Z] {"timestamp":1774703118418,"kind":"focusin","url":"http://localhost:3000/student/catalog","viewport":{"width":1366,"height":639},"payload":{"target":{"tag":"div","id":null,"name":null,"type":null,"role":"option","ariaLabel":null,"testId":null,"dataLoc":"client\\src\\pages\\student\\Catalog.tsx:118","href":null,"text":"200-level","selectorHint":"[data-loc=\"client\\src\\pages\\student\\Catalog.tsx:118\"]"}}}
[2026-03-28T13:05:19.273Z] {"timestamp":1774703118491,"kind":"focusout","url":"http://localhost:3000/student/catalog","viewport":{"width":1366,"height":639},"payload":{"target":{"tag":"div","id":null,"name":null,"type":null,"role":"option","ariaLabel":null,"testId":null,"dataLoc":"client\\src\\pages\\student\\Catalog.tsx:118","href":null,"text":"200-level","selectorHint":"[data-loc=\"client\\src\\pages\\student\\Catalog.tsx:118\"]"},"value":null}}
[2026-03-28T13:05:19.273Z] {"timestamp":1774703118492,"kind":"focusin","url":"http://localhost:3000/student/catalog","viewport":{"width":1366,"height":639},"payload":{"target":{"tag":"div","id":"radix-_r_s_","name":null,"type":null,"role":"listbox","ariaLabel":null,"testId":null,"dataLoc":"client\\src\\pages\\student\\Catalog.tsx:115","href":null,"text":"All Levels 100-level 200-level 300-level 400-level 500-level 600-level","selectorHint":"[data-loc=\"client\\src\\pages\\student\\Catalog.tsx:115\"]"}}}
[2026-03-28T13:05:19.273Z] {"timestamp":1774703118498,"kind":"focusout","url":"http://localhost:3000/student/catalog","viewport":{"width":1366,"height":639},"payload":{"target":{"tag":"div","id":"radix-_r_s_","name":null,"type":null,"role":"listbox","ariaLabel":null,"testId":null,"dataLoc":"client\\src\\pages\\student\\Catalog.tsx:115","href":null,"text":"All Levels 100-level 200-level 300-level 400-level 500-level 600-level","selectorHint":"[data-loc=\"client\\src\\pages\\student\\Catalog.tsx:115\"]"},"value":null}}
[2026-03-28T13:05:19.273Z] {"timestamp":1774703118499,"kind":"focusin","url":"http://localhost:3000/student/catalog","viewport":{"width":1366,"height":639},"payload":{"target":{"tag":"div","id":null,"name":null,"type":null,"role":"option","ariaLabel":null,"testId":null,"dataLoc":"client\\src\\pages\\student\\Catalog.tsx:118","href":null,"text":"300-level","selectorHint":"[data-loc=\"client\\src\\pages\\student\\Catalog.tsx:118\"]"}}}
[2026-03-28T13:05:19.273Z] {"timestamp":1774703118575,"kind":"focusout","url":"http://localhost:3000/student/catalog","viewport":{"width":1366,"height":639},"payload":{"target":{"tag":"div","id":null,"name":null,"type":null,"role":"option","ariaLabel":null,"testId":null,"dataLoc":"client\\src\\pages\\student\\Catalog.tsx:118","href":null,"text":"300-level","selectorHint":"[data-loc=\"client\\src\\pages\\student\\Catalog.tsx:118\"]"},"value":null}}
[2026-03-28T13:05:19.273Z] {"timestamp":1774703118577,"kind":"focusin","url":"http://localhost:3000/student/catalog","viewport":{"width":1366,"height":639},"payload":{"target":{"tag":"div","id":"radix-_r_s_","name":null,"type":null,"role":"listbox","ariaLabel":null,"testId":null,"dataLoc":"client\\src\\pages\\student\\Catalog.tsx:115","href":null,"text":"All Levels 100-level 200-level 300-level 400-level 500-level 600-level","selectorHint":"[data-loc=\"client\\src\\pages\\student\\Catalog.tsx:115\"]"}}}
[2026-03-28T13:05:19.273Z] {"timestamp":1774703118584,"kind":"focusout","url":"http://localhost:3000/student/catalog","viewport":{"width":1366,"height":639},"payload":{"target":{"tag":"div","id":"radix-_r_s_","name":null,"type":null,"role":"listbox","ariaLabel":null,"testId":null,"dataLoc":"client\\src\\pages\\student\\Catalog.tsx:115","href":null,"text":"All Levels 100-level 200-level 300-level 400-level 500-level 600-level","selectorHint":"[data-loc=\"client\\src\\pages\\student\\Catalog.tsx:115\"]"},"value":null}}
[2026-03-28T13:05:19.273Z] {"timestamp":1774703118585,"kind":"focusin","url":"http://localhost:3000/student/catalog","viewport":{"width":1366,"height":639},"payload":{"target":{"tag":"div","id":null,"name":null,"type":null,"role":"option","ariaLabel":null,"testId":null,"dataLoc":"client\\src\\pages\\student\\Catalog.tsx:118","href":null,"text":"400-level","selectorHint":"[data-loc=\"client\\src\\pages\\student\\Catalog.tsx:118\"]"}}}
[2026-03-28T13:05:19.273Z] {"timestamp":1774703118638,"kind":"focusout","url":"http://localhost:3000/student/catalog","viewport":{"width":1366,"height":639},"payload":{"target":{"tag":"div","id":null,"name":null,"type":null,"role":"option","ariaLabel":null,"testId":null,"dataLoc":"client\\src\\pages\\student\\Catalog.tsx:118","href":null,"text":"400-level","selectorHint":"[data-loc=\"client\\src\\pages\\student\\Catalog.tsx:118\"]"},"value":null}}
[2026-03-28T13:05:19.273Z] {"timestamp":1774703118639,"kind":"focusin","url":"http://localhost:3000/student/catalog","viewport":{"width":1366,"height":639},"payload":{"target":{"tag":"div","id":"radix-_r_s_","name":null,"type":null,"role":"listbox","ariaLabel":null,"testId":null,"dataLoc":"client\\src\\pages\\student\\Catalog.tsx:115","href":null,"text":"All Levels 100-level 200-level 300-level 400-level 500-level 600-level","selectorHint":"[data-loc=\"client\\src\\pages\\student\\Catalog.tsx:115\"]"}}}
[2026-03-28T13:05:19.273Z] {"timestamp":1774703118648,"kind":"focusout","url":"http://localhost:3000/student/catalog","viewport":{"width":1366,"height":639},"payload":{"target":{"tag":"div","id":"radix-_r_s_","name":null,"type":null,"role":"listbox","ariaLabel":null,"testId":null,"dataLoc":"client\\src\\pages\\student\\Catalog.tsx:115","href":null,"text":"All Levels 100-level 200-level 300-level 400-level 500-level 600-level","selectorHint":"[data-loc=\"client\\src\\pages\\student\\Catalog.tsx:115\"]"},"value":null}}
[2026-03-28T13:05:19.273Z] {"timestamp":1774703118649,"kind":"focusin","url":"http://localhost:3000/student/catalog","viewport":{"width":1366,"height":639},"payload":{"target":{"tag":"div","id":null,"name":null,"type":null,"role":"option","ariaLabel":null,"testId":null,"dataLoc":"client\\src\\pages\\student\\Catalog.tsx:118","href":null,"text":"500-level","selectorHint":"[data-loc=\"client\\src\\pages\\student\\Catalog.tsx:118\"]"}}}
[2026-03-28T13:05:19.273Z] {"timestamp":1774703118720,"kind":"focusout","url":"http://localhost:3000/student/catalog","viewport":{"width":1366,"height":639},"payload":{"target":{"tag":"div","id":null,"name":null,"type":null,"role":"option","ariaLabel":null,"testId":null,"dataLoc":"client\\src\\pages\\student\\Catalog.tsx:118","href":null,"text":"500-level","selectorHint":"[data-loc=\"client\\src\\pages\\student\\Catalog.tsx:118\"]"},"value":null}}
[2026-03-28T13:05:19.273Z] {"timestamp":1774703118722,"kind":"focusin","url":"http://localhost:3000/student/catalog","viewport":{"width":1366,"height":639},"payload":{"target":{"tag":"div","id":"radix-_r_s_","name":null,"type":null,"role":"listbox","ariaLabel":null,"testId":null,"dataLoc":"client\\src\\pages\\student\\Catalog.tsx:115","href":null,"text":"All Levels 100-level 200-level 300-level 400-level 500-level 600-level","selectorHint":"[data-loc=\"client\\src\\pages\\student\\Catalog.tsx:115\"]"}}}
[2026-03-28T13:05:21.258Z] {"timestamp":1774703120365,"kind":"focusout","url":"http://localhost:3000/student/catalog","viewport":{"width":1366,"height":639},"payload":{"target":{"tag":"div","id":"radix-_r_s_","name":null,"type":null,"role":"listbox","ariaLabel":null,"testId":null,"dataLoc":"client\\src\\pages\\student\\Catalog.tsx:115","href":null,"text":"All Levels 100-level 200-level 300-level 400-level 500-level 600-level","selectorHint":"[data-loc=\"client\\src\\pages\\student\\Catalog.tsx:115\"]"},"value":null}}
[2026-03-28T13:05:21.258Z] {"timestamp":1774703120428,"kind":"focusin","url":"http://localhost:3000/student/catalog","viewport":{"width":1366,"height":639},"payload":{"target":{"tag":"button","id":null,"name":null,"type":null,"role":"combobox","ariaLabel":null,"testId":null,"dataLoc":"client\\src\\pages\\student\\Catalog.tsx:112","href":null,"text":"All Levels","selectorHint":"[data-loc=\"client\\src\\pages\\student\\Catalog.tsx:112\"]"}}}
[2026-03-28T13:05:21.258Z] {"timestamp":1774703120557,"kind":"click","url":"http://localhost:3000/student/catalog","viewport":{"width":1366,"height":639},"payload":{"target":{"tag":"html","id":null,"name":null,"type":null,"role":null,"ariaLabel":null,"testId":null,"dataLoc":null,"href":null,"text":"UniPortal University System L Local Dev User Student Dashboard Course Catalog My…","selectorHint":"html"},"x":40,"y":257}}
[2026-03-28T13:05:23.271Z] {"timestamp":1774703121454,"kind":"focusout","url":"http://localhost:3000/student/catalog","viewport":{"width":1366,"height":639},"payload":{"target":{"tag":"button","id":null,"name":null,"type":null,"role":"combobox","ariaLabel":null,"testId":null,"dataLoc":"client\\src\\pages\\student\\Catalog.tsx:112","href":null,"text":"All Levels","selectorHint":"[data-loc=\"client\\src\\pages\\student\\Catalog.tsx:112\"]"},"value":null}}
[2026-03-28T13:05:23.271Z] {"timestamp":1774703121455,"kind":"focusin","url":"http://localhost:3000/student/catalog","viewport":{"width":1366,"height":639},"payload":{"target":{"tag":"a","id":null,"name":null,"type":null,"role":null,"ariaLabel":null,"testId":null,"dataLoc":"client\\src\\components\\university\\UniversityLayout.tsx:153","href":"/student/courses","text":"My Courses","selectorHint":"[data-loc=\"client\\src\\components\\university\\UniversityLayout.tsx:153\"]"}}}
[2026-03-28T13:05:23.271Z] {"timestamp":1774703121675,"kind":"click","url":"http://localhost:3000/student/catalog","viewport":{"width":1366,"height":639},"payload":{"target":{"tag":"a","id":null,"name":null,"type":null,"role":null,"ariaLabel":null,"testId":null,"dataLoc":"client\\src\\components\\university\\UniversityLayout.tsx:153","href":"/student/courses","text":"My Courses","selectorHint":"[data-loc=\"client\\src\\components\\university\\UniversityLayout.tsx:153\"]"},"x":40,"y":257}}
[2026-03-28T13:05:23.271Z] {"timestamp":1774703121677,"kind":"navigate","url":"http://localhost:3000/student/courses","viewport":{"width":1366,"height":639},"payload":{"reason":"pushState"}}
[2026-03-28T13:05:23.271Z] {"timestamp":1774703121741,"kind":"focusout","url":"http://localhost:3000/student/courses","viewport":{"width":1366,"height":639},"payload":{"target":{"tag":"a","id":null,"name":null,"type":null,"role":null,"ariaLabel":null,"testId":null,"dataLoc":"client\\src\\components\\university\\UniversityLayout.tsx:153","href":"/student/courses","text":"My Courses","selectorHint":"[data-loc=\"client\\src\\components\\university\\UniversityLayout.tsx:153\"]"},"value":null}}
[2026-03-28T13:05:23.271Z] {"timestamp":1774703123180,"kind":"focusin","url":"http://localhost:3000/student/courses","viewport":{"width":1366,"height":639},"payload":{"target":{"tag":"a","id":null,"name":null,"type":null,"role":null,"ariaLabel":null,"testId":null,"dataLoc":"client\\src\\pages\\student\\Courses.tsx:84","href":"/student/catalog","text":"Browse Course Catalog","selectorHint":"[data-loc=\"client\\src\\pages\\student\\Courses.tsx:84\"]"}}}
[2026-03-28T13:05:25.267Z] {"timestamp":1774703123400,"kind":"click","url":"http://localhost:3000/student/courses","viewport":{"width":1366,"height":639},"payload":{"target":{"tag":"a","id":null,"name":null,"type":null,"role":null,"ariaLabel":null,"testId":null,"dataLoc":"client\\src\\pages\\student\\Courses.tsx:84","href":"/student/catalog","text":"Browse Course Catalog","selectorHint":"[data-loc=\"client\\src\\pages\\student\\Courses.tsx:84\"]"},"x":792,"y":354}}
[2026-03-28T13:05:25.267Z] {"timestamp":1774703123403,"kind":"navigate","url":"http://localhost:3000/student/catalog","viewport":{"width":1366,"height":639},"payload":{"reason":"pushState"}}
[2026-03-28T13:05:25.267Z] {"timestamp":1774703123490,"kind":"focusout","url":"http://localhost:3000/student/catalog","viewport":{"width":1366,"height":639},"payload":{"target":{"tag":"a","id":null,"name":null,"type":null,"role":null,"ariaLabel":null,"testId":null,"dataLoc":"client\\src\\pages\\student\\Courses.tsx:84","href":"/student/catalog","text":"Browse Course Catalog","selectorHint":"[data-loc=\"client\\src\\pages\\student\\Courses.tsx:84\"]"},"value":null}}
[2026-03-28T13:05:25.267Z] {"timestamp":1774703125163,"kind":"focusin","url":"http://localhost:3000/student/catalog","viewport":{"width":1366,"height":639},"payload":{"target":{"tag":"a","id":null,"name":null,"type":null,"role":null,"ariaLabel":null,"testId":null,"dataLoc":"client\\src\\components\\university\\UniversityLayout.tsx:153","href":"/student/timetable","text":"Timetable","selectorHint":"[data-loc=\"client\\src\\components\\university\\UniversityLayout.tsx:153\"]"}}}
[2026-03-28T13:05:27.267Z] {"timestamp":1774703125381,"kind":"click","url":"http://localhost:3000/student/catalog","viewport":{"width":1366,"height":639},"payload":{"target":{"tag":"a","id":null,"name":null,"type":null,"role":null,"ariaLabel":null,"testId":null,"dataLoc":"client\\src\\components\\university\\UniversityLayout.tsx:153","href":"/student/timetable","text":"Timetable","selectorHint":"[data-loc=\"client\\src\\components\\university\\UniversityLayout.tsx:153\"]"},"x":59,"y":294}}
[2026-03-28T13:05:27.267Z] {"timestamp":1774703125382,"kind":"navigate","url":"http://localhost:3000/student/timetable","viewport":{"width":1366,"height":639},"payload":{"reason":"pushState"}}
[2026-03-28T13:05:27.267Z] {"timestamp":1774703125430,"kind":"focusout","url":"http://localhost:3000/student/timetable","viewport":{"width":1366,"height":639},"payload":{"target":{"tag":"a","id":null,"name":null,"type":null,"role":null,"ariaLabel":null,"testId":null,"dataLoc":"client\\src\\components\\university\\UniversityLayout.tsx:153","href":"/student/timetable","text":"Timetable","selectorHint":"[data-loc=\"client\\src\\components\\university\\UniversityLayout.tsx:153\"]"},"value":null}}
[2026-03-28T13:05:27.267Z] {"timestamp":1774703127154,"kind":"focusin","url":"http://localhost:3000/student/timetable","viewport":{"width":1366,"height":639},"payload":{"target":{"tag":"a","id":null,"name":null,"type":null,"role":null,"ariaLabel":null,"testId":null,"dataLoc":"client\\src\\components\\university\\UniversityLayout.tsx:153","href":"/student/grades","text":"Grades & GPA","selectorHint":"[data-loc=\"client\\src\\components\\university\\UniversityLayout.tsx:153\"]"}}}
[2026-03-28T13:05:29.269Z] {"timestamp":1774703127376,"kind":"click","url":"http://localhost:3000/student/timetable","viewport":{"width":1366,"height":639},"payload":{"target":{"tag":"a","id":null,"name":null,"type":null,"role":null,"ariaLabel":null,"testId":null,"dataLoc":"client\\src\\components\\university\\UniversityLayout.tsx:153","href":"/student/grades","text":"Grades & GPA","selectorHint":"[data-loc=\"client\\src\\components\\university\\UniversityLayout.tsx:153\"]"},"x":107,"y":335}}
[2026-03-28T13:05:29.270Z] {"timestamp":1774703127377,"kind":"navigate","url":"http://localhost:3000/student/grades","viewport":{"width":1366,"height":639},"payload":{"reason":"pushState"}}
[2026-03-28T13:05:29.270Z] {"timestamp":1774703127442,"kind":"focusout","url":"http://localhost:3000/student/grades","viewport":{"width":1366,"height":639},"payload":{"target":{"tag":"a","id":null,"name":null,"type":null,"role":null,"ariaLabel":null,"testId":null,"dataLoc":"client\\src\\components\\university\\UniversityLayout.tsx:153","href":"/student/grades","text":"Grades & GPA","selectorHint":"[data-loc=\"client\\src\\components\\university\\UniversityLayout.tsx:153\"]"},"value":null}}
[2026-03-28T13:05:31.268Z] {"timestamp":1774703130141,"kind":"focusin","url":"http://localhost:3000/student/grades","viewport":{"width":1366,"height":639},"payload":{"target":{"tag":"a","id":null,"name":null,"type":null,"role":null,"ariaLabel":null,"testId":null,"dataLoc":"client\\src\\components\\university\\UniversityLayout.tsx:153","href":"/student/profile","text":"Profile","selectorHint":"[data-loc=\"client\\src\\components\\university\\UniversityLayout.tsx:153\"]"}}}
[2026-03-28T13:05:31.268Z] {"timestamp":1774703130358,"kind":"click","url":"http://localhost:3000/student/grades","viewport":{"width":1366,"height":639},"payload":{"target":{"tag":"a","id":null,"name":null,"type":null,"role":null,"ariaLabel":null,"testId":null,"dataLoc":"client\\src\\components\\university\\UniversityLayout.tsx:153","href":"/student/profile","text":"Profile","selectorHint":"[data-loc=\"client\\src\\components\\university\\UniversityLayout.tsx:153\"]"},"x":92,"y":373}}
[2026-03-28T13:05:31.268Z] {"timestamp":1774703130360,"kind":"navigate","url":"http://localhost:3000/student/profile","viewport":{"width":1366,"height":639},"payload":{"reason":"pushState"}}
[2026-03-28T13:05:31.268Z] {"timestamp":1774703130454,"kind":"focusout","url":"http://localhost:3000/student/profile","viewport":{"width":1366,"height":639},"payload":{"target":{"tag":"a","id":null,"name":null,"type":null,"role":null,"ariaLabel":null,"testId":null,"dataLoc":"client\\src\\components\\university\\UniversityLayout.tsx:153","href":"/student/profile","text":"Profile","selectorHint":"[data-loc=\"client\\src\\components\\university\\UniversityLayout.tsx:153\"]"},"value":null}}
[2026-03-28T13:07:06.100Z] {"timestamp":1774703225096,"kind":"error","url":"http://localhost:3000/student/profile","viewport":{"width":1366,"height":639},"payload":{"message":"Uncaught SyntaxError: Unexpected token '<'","filename":"http://localhost:3000/umami","lineno":1,"colno":1}}
[2026-03-28T13:15:57.097Z] {"timestamp":1774703756234,"kind":"error","url":"http://localhost:3000/student/profile","viewport":{"width":1366,"height":639},"payload":{"message":"Uncaught SyntaxError: Unexpected token '<'","filename":"http://localhost:3000/umami","lineno":1,"colno":1}}
[2026-03-28T13:24:56.302Z] {"timestamp":1774704296200,"kind":"error","url":"http://localhost:3000/student/profile","viewport":{"width":1366,"height":639},"payload":{"message":"Uncaught SyntaxError: Unexpected token '<'","filename":"http://localhost:3000/umami","lineno":1,"colno":1}}
[2026-03-28T13:25:00.101Z] {"timestamp":1774704297452,"kind":"error","url":"http://localhost:3000/","viewport":{"width":1366,"height":639},"payload":{"message":"Uncaught SyntaxError: Unexpected token '<'","filename":"http://localhost:3000/umami","lineno":1,"colno":1}}
[2026-03-28T13:25:53.148Z] {"timestamp":1774704351352,"kind":"scroll","url":"http://localhost:3000/","viewport":{"width":1366,"height":639},"payload":{"scrollX":0,"scrollY":55,"documentHeight":1710,"viewportHeight":639}}
[2026-03-28T13:25:53.148Z] {"timestamp":1774704351869,"kind":"scroll","url":"http://localhost:3000/","viewport":{"width":1366,"height":639},"payload":{"scrollX":0,"scrollY":611,"documentHeight":1710,"viewportHeight":639}}
[2026-03-28T13:25:53.148Z] {"timestamp":1774704352393,"kind":"scroll","url":"http://localhost:3000/","viewport":{"width":1366,"height":639},"payload":{"scrollX":0,"scrollY":657,"documentHeight":1710,"viewportHeight":639}}
[2026-03-28T13:26:09.149Z] {"timestamp":1774704368889,"kind":"scroll","url":"http://localhost:3000/","viewport":{"width":1366,"height":639},"payload":{"scrollX":0,"scrollY":535,"documentHeight":1710,"viewportHeight":639}}
[2026-03-28T13:26:11.158Z] {"timestamp":1774704369473,"kind":"scroll","url":"http://localhost:3000/","viewport":{"width":1366,"height":639},"payload":{"scrollX":0,"scrollY":123,"documentHeight":1710,"viewportHeight":639}}
[2026-03-28T13:26:11.158Z] {"timestamp":1774704369998,"kind":"scroll","url":"http://localhost:3000/","viewport":{"width":1366,"height":639},"payload":{"scrollX":0,"scrollY":760,"documentHeight":1710,"viewportHeight":639}}
[2026-03-28T13:26:11.158Z] {"timestamp":1774704370516,"kind":"scroll","url":"http://localhost:3000/","viewport":{"width":1366,"height":639},"payload":{"scrollX":0,"scrollY":1071,"documentHeight":1710,"viewportHeight":639}}
[2026-03-28T13:26:21.154Z] {"timestamp":1774704380721,"kind":"scroll","url":"http://localhost:3000/","viewport":{"width":1366,"height":639},"payload":{"scrollX":0,"scrollY":1006,"documentHeight":1710,"viewportHeight":639}}
[2026-03-28T13:26:23.142Z] {"timestamp":1774704381224,"kind":"scroll","url":"http://localhost:3000/","viewport":{"width":1366,"height":639},"payload":{"scrollX":0,"scrollY":380,"documentHeight":1710,"viewportHeight":639}}
[2026-03-28T13:26:23.142Z] {"timestamp":1774704381888,"kind":"scroll","url":"http://localhost:3000/","viewport":{"width":1366,"height":639},"payload":{"scrollX":0,"scrollY":55,"documentHeight":1710,"viewportHeight":639}}
[2026-03-28T13:26:23.142Z] {"timestamp":1774704382389,"kind":"scroll","url":"http://localhost:3000/","viewport":{"width":1366,"height":639},"payload":{"scrollX":0,"scrollY":35,"documentHeight":1710,"viewportHeight":639}}
[2026-03-28T13:26:23.142Z] {"timestamp":1774704382929,"kind":"scroll","url":"http://localhost:3000/","viewport":{"width":1366,"height":639},"payload":{"scrollX":0,"scrollY":263,"documentHeight":1710,"viewportHeight":639}}
[2026-03-28T13:26:25.140Z] {"timestamp":1774704383451,"kind":"scroll","url":"http://localhost:3000/","viewport":{"width":1366,"height":639},"payload":{"scrollX":0,"scrollY":649,"documentHeight":1710,"viewportHeight":639}}
[2026-03-28T13:26:25.140Z] {"timestamp":1774704384470,"kind":"scroll","url":"http://localhost:3000/","viewport":{"width":1366,"height":639},"payload":{"scrollX":0,"scrollY":34,"documentHeight":1710,"viewportHeight":639}}
[2026-03-28T13:26:25.140Z] {"timestamp":1774704384974,"kind":"scroll","url":"http://localhost:3000/","viewport":{"width":1366,"height":639},"payload":{"scrollX":0,"scrollY":143,"documentHeight":1710,"viewportHeight":639}}
[2026-03-28T13:26:27.149Z] {"timestamp":1774704385765,"kind":"scroll","url":"http://localhost:3000/","viewport":{"width":1366,"height":639},"payload":{"scrollX":0,"scrollY":152,"documentHeight":1710,"viewportHeight":639}}
[2026-03-28T13:26:27.149Z] {"timestamp":1774704386470,"kind":"scroll","url":"http://localhost:3000/","viewport":{"width":1366,"height":639},"payload":{"scrollX":0,"scrollY":267,"documentHeight":1710,"viewportHeight":639}}
[2026-03-28T13:26:29.145Z] {"timestamp":1774704387178,"kind":"scroll","url":"http://localhost:3000/","viewport":{"width":1366,"height":639},"payload":{"scrollX":0,"scrollY":350,"documentHeight":1710,"viewportHeight":639}}
[2026-03-28T13:26:29.145Z] {"timestamp":1774704387805,"kind":"scroll","url":"http://localhost:3000/","viewport":{"width":1366,"height":639},"payload":{"scrollX":0,"scrollY":556,"documentHeight":1710,"viewportHeight":639}}
[2026-03-28T13:26:29.145Z] {"timestamp":1774704388805,"kind":"scroll","url":"http://localhost:3000/","viewport":{"width":1366,"height":639},"payload":{"scrollX":0,"scrollY":810,"documentHeight":1710,"viewportHeight":639}}
[2026-03-28T13:26:31.179Z] {"timestamp":1774704389324,"kind":"scroll","url":"http://localhost:3000/","viewport":{"width":1366,"height":639},"payload":{"scrollX":0,"scrollY":0,"documentHeight":1710,"viewportHeight":639}}
[2026-03-28T13:26:31.179Z] {"timestamp":1774704390844,"kind":"focusin","url":"http://localhost:3000/","viewport":{"width":1366,"height":639},"payload":{"target":{"tag":"a","id":null,"name":null,"type":null,"role":null,"ariaLabel":null,"testId":null,"dataLoc":"client\\src\\pages\\Home.tsx:53","href":"/login","text":"Sign In","selectorHint":"[data-loc=\"client\\src\\pages\\Home.tsx:53\"]"}}}
[2026-03-28T13:26:31.179Z] {"timestamp":1774704391057,"kind":"click","url":"http://localhost:3000/","viewport":{"width":1366,"height":639},"payload":{"target":{"tag":"a","id":null,"name":null,"type":null,"role":null,"ariaLabel":null,"testId":null,"dataLoc":"client\\src\\pages\\Home.tsx:53","href":"/login","text":"Sign In","selectorHint":"[data-loc=\"client\\src\\pages\\Home.tsx:53\"]"},"x":1239,"y":14}}
[2026-03-28T13:26:33.434Z] {"timestamp":1774704391667,"kind":"error","url":"http://localhost:3000/login","viewport":{"width":1366,"height":639},"payload":{"message":"Uncaught SyntaxError: Unexpected token '<'","filename":"http://localhost:3000/umami","lineno":1,"colno":1}}
[2026-03-28T13:26:37.419Z] {"timestamp":1774704396912,"kind":"focusin","url":"http://localhost:3000/login","viewport":{"width":1366,"height":639},"payload":{"target":{"tag":"input","id":"email","name":null,"type":"email","role":null,"ariaLabel":null,"testId":null,"dataLoc":"client\\src\\pages\\Login.tsx:126","href":null,"text":"","selectorHint":"[data-loc=\"client\\src\\pages\\Login.tsx:126\"]"}}}
[2026-03-28T13:26:37.419Z] {"timestamp":1774704397140,"kind":"click","url":"http://localhost:3000/login","viewport":{"width":1366,"height":639},"payload":{"target":{"tag":"input","id":"email","name":null,"type":"email","role":null,"ariaLabel":null,"testId":null,"dataLoc":"client\\src\\pages\\Login.tsx:126","href":null,"text":"","selectorHint":"[data-loc=\"client\\src\\pages\\Login.tsx:126\"]"},"x":676,"y":291}}
[2026-03-28T13:26:39.426Z] {"timestamp":1774704398109,"kind":"focusout","url":"http://localhost:3000/login","viewport":{"width":1366,"height":639},"payload":{"target":{"tag":"input","id":"email","name":null,"type":"email","role":null,"ariaLabel":null,"testId":null,"dataLoc":"client\\src\\pages\\Login.tsx:126","href":null,"text":"","selectorHint":"[data-loc=\"client\\src\\pages\\Login.tsx:126\"]"},"value":""}}
[2026-03-28T13:26:39.426Z] {"timestamp":1774704398315,"kind":"click","url":"http://localhost:3000/login","viewport":{"width":1366,"height":639},"payload":{"target":{"tag":"div","id":null,"name":null,"type":null,"role":null,"ariaLabel":null,"testId":null,"dataLoc":"client\\src\\pages\\Login.tsx:64","href":null,"text":"UniPortal University Registration System Welcome Back Sign in to access your por…","selectorHint":"[data-loc=\"client\\src\\pages\\Login.tsx:64\"]"},"x":418,"y":293}}
[2026-03-28T13:26:41.422Z] {"timestamp":1774704400293,"kind":"focusin","url":"http://localhost:3000/login","viewport":{"width":1366,"height":639},"payload":{"target":{"tag":"button","id":null,"name":null,"type":null,"role":null,"ariaLabel":null,"testId":null,"dataLoc":"client\\src\\pages\\Login.tsx:171","href":null,"text":"Register","selectorHint":"[data-loc=\"client\\src\\pages\\Login.tsx:171\"]"}}}
[2026-03-28T13:26:41.423Z] {"timestamp":1774704400517,"kind":"click","url":"http://localhost:3000/login","viewport":{"width":1366,"height":639},"payload":{"target":{"tag":"button","id":null,"name":null,"type":null,"role":null,"ariaLabel":null,"testId":null,"dataLoc":"client\\src\\pages\\Login.tsx:171","href":null,"text":"Register","selectorHint":"[data-loc=\"client\\src\\pages\\Login.tsx:171\"]"},"x":744,"y":476}}
[2026-03-28T13:26:53.429Z] {"timestamp":1774704412795,"kind":"focusout","url":"http://localhost:3000/login","viewport":{"width":1366,"height":639},"payload":{"target":{"tag":"button","id":null,"name":null,"type":null,"role":null,"ariaLabel":null,"testId":null,"dataLoc":"client\\src\\pages\\Login.tsx:160","href":null,"text":"Sign in","selectorHint":"[data-loc=\"client\\src\\pages\\Login.tsx:160\"]"},"value":null}}
[2026-03-28T13:26:53.429Z] {"timestamp":1774704412796,"kind":"focusin","url":"http://localhost:3000/login","viewport":{"width":1366,"height":639},"payload":{"target":{"tag":"button","id":null,"name":null,"type":null,"role":null,"ariaLabel":null,"testId":null,"dataLoc":"client\\src\\pages\\Login.tsx:109","href":null,"text":"Lecturer","selectorHint":"[data-loc=\"client\\src\\pages\\Login.tsx:109\"]"}}}
[2026-03-28T13:26:53.429Z] {"timestamp":1774704413013,"kind":"click","url":"http://localhost:3000/login","viewport":{"width":1366,"height":639},"payload":{"target":{"tag":"button","id":null,"name":null,"type":null,"role":null,"ariaLabel":null,"testId":null,"dataLoc":"client\\src\\pages\\Login.tsx:109","href":null,"text":"Lecturer","selectorHint":"[data-loc=\"client\\src\\pages\\Login.tsx:109\"]"},"x":680,"y":312}}
[2026-03-28T13:26:55.414Z] {"timestamp":1774704414181,"kind":"focusout","url":"http://localhost:3000/login","viewport":{"width":1366,"height":639},"payload":{"target":{"tag":"button","id":null,"name":null,"type":null,"role":null,"ariaLabel":null,"testId":null,"dataLoc":"client\\src\\pages\\Login.tsx:109","href":null,"text":"Lecturer","selectorHint":"[data-loc=\"client\\src\\pages\\Login.tsx:109\"]"},"value":null}}
[2026-03-28T13:26:55.414Z] {"timestamp":1774704414183,"kind":"focusin","url":"http://localhost:3000/login","viewport":{"width":1366,"height":639},"payload":{"target":{"tag":"button","id":null,"name":null,"type":null,"role":null,"ariaLabel":null,"testId":null,"dataLoc":"client\\src\\pages\\Login.tsx:109","href":null,"text":"Admin","selectorHint":"[data-loc=\"client\\src\\pages\\Login.tsx:109\"]"}}}
[2026-03-28T13:26:55.414Z] {"timestamp":1774704414404,"kind":"click","url":"http://localhost:3000/login","viewport":{"width":1366,"height":639},"payload":{"target":{"tag":"button","id":null,"name":null,"type":null,"role":null,"ariaLabel":null,"testId":null,"dataLoc":"client\\src\\pages\\Login.tsx:109","href":null,"text":"Admin","selectorHint":"[data-loc=\"client\\src\\pages\\Login.tsx:109\"]"},"x":769,"y":310}}
[2026-03-28T13:26:55.414Z] {"timestamp":1774704415386,"kind":"focusout","url":"http://localhost:3000/login","viewport":{"width":1366,"height":639},"payload":{"target":{"tag":"button","id":null,"name":null,"type":null,"role":null,"ariaLabel":null,"testId":null,"dataLoc":"client\\src\\pages\\Login.tsx:109","href":null,"text":"Admin","selectorHint":"[data-loc=\"client\\src\\pages\\Login.tsx:109\"]"},"value":null}}
[2026-03-28T13:26:55.414Z] {"timestamp":1774704415387,"kind":"focusin","url":"http://localhost:3000/login","viewport":{"width":1366,"height":639},"payload":{"target":{"tag":"button","id":null,"name":null,"type":null,"role":null,"ariaLabel":null,"testId":null,"dataLoc":"client\\src\\pages\\Login.tsx:109","href":null,"text":"Student","selectorHint":"[data-loc=\"client\\src\\pages\\Login.tsx:109\"]"}}}
[2026-03-28T13:26:57.428Z] {"timestamp":1774704415605,"kind":"click","url":"http://localhost:3000/login","viewport":{"width":1366,"height":639},"payload":{"target":{"tag":"button","id":null,"name":null,"type":null,"role":null,"ariaLabel":null,"testId":null,"dataLoc":"client\\src\\pages\\Login.tsx:109","href":null,"text":"Student","selectorHint":"[data-loc=\"client\\src\\pages\\Login.tsx:109\"]"},"x":548,"y":300}}
[2026-03-28T13:27:00.093Z] {"timestamp":1774704418806,"kind":"focusout","url":"http://localhost:3000/login","viewport":{"width":1366,"height":639},"payload":{"target":{"tag":"button","id":null,"name":null,"type":null,"role":null,"ariaLabel":null,"testId":null,"dataLoc":"client\\src\\pages\\Login.tsx:109","href":null,"text":"Student","selectorHint":"[data-loc=\"client\\src\\pages\\Login.tsx:109\"]"},"value":null}}
[2026-03-28T13:32:19.003Z] {"timestamp":1774704738331,"kind":"error","url":"http://localhost:3000/","viewport":{"width":1366,"height":639},"payload":{"message":"Uncaught SyntaxError: Unexpected token '<'","filename":"http://localhost:3000/umami","lineno":1,"colno":1}}
[2026-03-28T13:32:20.988Z] {"timestamp":1774704740367,"kind":"scroll","url":"http://localhost:3000/","viewport":{"width":1366,"height":639},"payload":{"scrollX":0,"scrollY":25,"documentHeight":1710,"viewportHeight":639}}
[2026-03-28T13:32:24.664Z] {"timestamp":1774704742912,"kind":"error","url":"http://localhost:3000/login","viewport":{"width":1366,"height":639},"payload":{"message":"Uncaught SyntaxError: Unexpected token '<'","filename":"http://localhost:3000/umami","lineno":1,"colno":1}}
[2026-03-28T13:32:26.647Z] {"timestamp":1774704745455,"kind":"focusin","url":"http://localhost:3000/login","viewport":{"width":1366,"height":639},"payload":{"target":{"tag":"button","id":null,"name":null,"type":null,"role":null,"ariaLabel":null,"testId":null,"dataLoc":"client\\src\\pages\\Login.tsx:171","href":null,"text":"Register","selectorHint":"[data-loc=\"client\\src\\pages\\Login.tsx:171\"]"}}}
[2026-03-28T13:32:26.647Z] {"timestamp":1774704745676,"kind":"click","url":"http://localhost:3000/login","viewport":{"width":1366,"height":639},"payload":{"target":{"tag":"button","id":null,"name":null,"type":null,"role":null,"ariaLabel":null,"testId":null,"dataLoc":"client\\src\\pages\\Login.tsx:171","href":null,"text":"Register","selectorHint":"[data-loc=\"client\\src\\pages\\Login.tsx:171\"]"},"x":764,"y":473}}
[2026-03-28T13:32:28.643Z] {"timestamp":1774704746955,"kind":"focusout","url":"http://localhost:3000/login","viewport":{"width":1366,"height":639},"payload":{"target":{"tag":"button","id":null,"name":null,"type":null,"role":null,"ariaLabel":null,"testId":null,"dataLoc":"client\\src\\pages\\Login.tsx:160","href":null,"text":"Sign in","selectorHint":"[data-loc=\"client\\src\\pages\\Login.tsx:160\"]"},"value":null}}
[2026-03-28T13:32:28.643Z] {"timestamp":1774704746956,"kind":"focusin","url":"http://localhost:3000/login","viewport":{"width":1366,"height":639},"payload":{"target":{"tag":"button","id":null,"name":null,"type":null,"role":null,"ariaLabel":null,"testId":null,"dataLoc":"client\\src\\pages\\Login.tsx:109","href":null,"text":"Admin","selectorHint":"[data-loc=\"client\\src\\pages\\Login.tsx:109\"]"}}}
[2026-03-28T13:32:28.643Z] {"timestamp":1774704747176,"kind":"click","url":"http://localhost:3000/login","viewport":{"width":1366,"height":639},"payload":{"target":{"tag":"button","id":null,"name":null,"type":null,"role":null,"ariaLabel":null,"testId":null,"dataLoc":"client\\src\\pages\\Login.tsx:109","href":null,"text":"Admin","selectorHint":"[data-loc=\"client\\src\\pages\\Login.tsx:109\"]"},"x":798,"y":308}}
[2026-03-28T13:32:28.643Z] {"timestamp":1774704748078,"kind":"focusout","url":"http://localhost:3000/login","viewport":{"width":1366,"height":639},"payload":{"target":{"tag":"button","id":null,"name":null,"type":null,"role":null,"ariaLabel":null,"testId":null,"dataLoc":"client\\src\\pages\\Login.tsx:109","href":null,"text":"Admin","selectorHint":"[data-loc=\"client\\src\\pages\\Login.tsx:109\"]"},"value":null}}
[2026-03-28T13:32:28.643Z] {"timestamp":1774704748081,"kind":"focusin","url":"http://localhost:3000/login","viewport":{"width":1366,"height":639},"payload":{"target":{"tag":"input","id":"name","name":null,"type":"text","role":null,"ariaLabel":null,"testId":null,"dataLoc":"client\\src\\pages\\Login.tsx:97","href":null,"text":"","selectorHint":"[data-loc=\"client\\src\\pages\\Login.tsx:97\"]"}}}
[2026-03-28T13:32:28.643Z] {"timestamp":1774704748291,"kind":"click","url":"http://localhost:3000/login","viewport":{"width":1366,"height":639},"payload":{"target":{"tag":"input","id":"name","name":null,"type":"text","role":null,"ariaLabel":null,"testId":null,"dataLoc":"client\\src\\pages\\Login.tsx:97","href":null,"text":"","selectorHint":"[data-loc=\"client\\src\\pages\\Login.tsx:97\"]"},"x":624,"y":241}}
[2026-03-28T13:32:34.649Z] {"timestamp":1774704754347,"kind":"click","url":"http://localhost:3000/login","viewport":{"width":1366,"height":639},"payload":{"target":{"tag":"input","id":"name","name":null,"type":"text","role":null,"ariaLabel":null,"testId":null,"dataLoc":"client\\src\\pages\\Login.tsx:97","href":null,"text":"","selectorHint":"[data-loc=\"client\\src\\pages\\Login.tsx:97\"]"},"x":537,"y":241}}
[2026-03-28T13:32:36.650Z] {"timestamp":1774704756296,"kind":"click","url":"http://localhost:3000/login","viewport":{"width":1366,"height":639},"payload":{"target":{"tag":"input","id":"name","name":null,"type":"text","role":null,"ariaLabel":null,"testId":null,"dataLoc":"client\\src\\pages\\Login.tsx:97","href":null,"text":"","selectorHint":"[data-loc=\"client\\src\\pages\\Login.tsx:97\"]"},"x":563,"y":241}}
[2026-03-28T13:32:44.654Z] {"timestamp":1774704762944,"kind":"change","url":"http://localhost:3000/login","viewport":{"width":1366,"height":639},"payload":{"target":{"tag":"input","id":"name","name":null,"type":"text","role":null,"ariaLabel":null,"testId":null,"dataLoc":"client\\src\\pages\\Login.tsx:97","href":null,"text":"","selectorHint":"[data-loc=\"client\\src\\pages\\Login.tsx:97\"]"},"value":"Abu Professor"}}
[2026-03-28T13:32:44.654Z] {"timestamp":1774704762944,"kind":"focusout","url":"http://localhost:3000/login","viewport":{"width":1366,"height":639},"payload":{"target":{"tag":"input","id":"name","name":null,"type":"text","role":null,"ariaLabel":null,"testId":null,"dataLoc":"client\\src\\pages\\Login.tsx:97","href":null,"text":"","selectorHint":"[data-loc=\"client\\src\\pages\\Login.tsx:97\"]"},"value":"Abu Professor"}}
[2026-03-28T13:32:44.654Z] {"timestamp":1774704762949,"kind":"focusin","url":"http://localhost:3000/login","viewport":{"width":1366,"height":639},"payload":{"target":{"tag":"input","id":"email","name":null,"type":"email","role":null,"ariaLabel":null,"testId":null,"dataLoc":"client\\src\\pages\\Login.tsx:126","href":null,"text":"","selectorHint":"[data-loc=\"client\\src\\pages\\Login.tsx:126\"]"}}}
[2026-03-28T13:32:44.654Z] {"timestamp":1774704763157,"kind":"click","url":"http://localhost:3000/login","viewport":{"width":1366,"height":639},"payload":{"target":{"tag":"input","id":"email","name":null,"type":"email","role":null,"ariaLabel":null,"testId":null,"dataLoc":"client\\src\\pages\\Login.tsx:126","href":null,"text":"","selectorHint":"[data-loc=\"client\\src\\pages\\Login.tsx:126\"]"},"x":548,"y":390}}
[2026-03-28T13:32:46.659Z] {"timestamp":1774704765244,"kind":"change","url":"http://localhost:3000/login","viewport":{"width":1366,"height":639},"payload":{"target":{"tag":"input","id":"email","name":null,"type":"email","role":null,"ariaLabel":null,"testId":null,"dataLoc":"client\\src\\pages\\Login.tsx:126","href":null,"text":"","selectorHint":"[data-loc=\"client\\src\\pages\\Login.tsx:126\"]"},"value":"admin@university.edu"}}
[2026-03-28T13:32:46.660Z] {"timestamp":1774704766101,"kind":"focusout","url":"http://localhost:3000/login","viewport":{"width":1366,"height":639},"payload":{"target":{"tag":"input","id":"email","name":null,"type":"email","role":null,"ariaLabel":null,"testId":null,"dataLoc":"client\\src\\pages\\Login.tsx:126","href":null,"text":"","selectorHint":"[data-loc=\"client\\src\\pages\\Login.tsx:126\"]"},"value":"admin@university.edu"}}
[2026-03-28T13:32:46.660Z] {"timestamp":1774704766103,"kind":"focusin","url":"http://localhost:3000/login","viewport":{"width":1366,"height":639},"payload":{"target":{"tag":"input","id":"password","name":null,"type":"password","role":null,"ariaLabel":null,"testId":null,"dataLoc":"client\\src\\pages\\Login.tsx:137","href":null,"text":"","selectorHint":"[data-loc=\"client\\src\\pages\\Login.tsx:137\"]"}}}
[2026-03-28T13:32:46.660Z] {"timestamp":1774704766324,"kind":"click","url":"http://localhost:3000/login","viewport":{"width":1366,"height":639},"payload":{"target":{"tag":"input","id":"password","name":null,"type":"password","role":null,"ariaLabel":null,"testId":null,"dataLoc":"client\\src\\pages\\Login.tsx:137","href":null,"text":"","selectorHint":"[data-loc=\"client\\src\\pages\\Login.tsx:137\"]"},"x":553,"y":458}}
[2026-03-28T13:32:50.650Z] {"timestamp":1774704769823,"kind":"change","url":"http://localhost:3000/login","viewport":{"width":1366,"height":639},"payload":{"target":{"tag":"input","id":"password","name":null,"type":"password","role":null,"ariaLabel":null,"testId":null,"dataLoc":"client\\src\\pages\\Login.tsx:137","href":null,"text":"","selectorHint":"[data-loc=\"client\\src\\pages\\Login.tsx:137\"]"},"value":{"masked":true,"length":8}}}
[2026-03-28T13:32:50.650Z] {"timestamp":1774704769824,"kind":"focusout","url":"http://localhost:3000/login","viewport":{"width":1366,"height":639},"payload":{"target":{"tag":"input","id":"password","name":null,"type":"password","role":null,"ariaLabel":null,"testId":null,"dataLoc":"client\\src\\pages\\Login.tsx:137","href":null,"text":"","selectorHint":"[data-loc=\"client\\src\\pages\\Login.tsx:137\"]"},"value":{"masked":true,"length":8}}}
[2026-03-28T13:32:50.650Z] {"timestamp":1774704769825,"kind":"focusin","url":"http://localhost:3000/login","viewport":{"width":1366,"height":639},"payload":{"target":{"tag":"button","id":null,"name":null,"type":null,"role":null,"ariaLabel":null,"testId":null,"dataLoc":"client\\src\\pages\\Login.tsx:146","href":null,"text":"Create Account","selectorHint":"[data-loc=\"client\\src\\pages\\Login.tsx:146\"]"}}}
[2026-03-28T13:32:50.651Z] {"timestamp":1774704770044,"kind":"click","url":"http://localhost:3000/login","viewport":{"width":1366,"height":639},"payload":{"target":{"tag":"button","id":null,"name":null,"type":null,"role":null,"ariaLabel":null,"testId":null,"dataLoc":"client\\src\\pages\\Login.tsx:146","href":null,"text":"Create Account","selectorHint":"[data-loc=\"client\\src\\pages\\Login.tsx:146\"]"},"x":616,"y":506}}
[2026-03-28T13:32:50.651Z] {"timestamp":1774704770049,"kind":"submit","url":"http://localhost:3000/login","viewport":{"width":1366,"height":639},"payload":{"target":{"tag":"form","id":null,"name":null,"type":null,"role":null,"ariaLabel":null,"testId":null,"dataLoc":"client\\src\\pages\\Login.tsx:92","href":null,"text":"Full Name Role Student Lecturer Admin Email Password Create Account","selectorHint":"[data-loc=\"client\\src\\pages\\Login.tsx:92\"]"}}}
[2026-03-28T13:32:50.651Z] {"timestamp":1774704770081,"kind":"focusout","url":"http://localhost:3000/login","viewport":{"width":1366,"height":639},"payload":{"target":{"tag":"button","id":null,"name":null,"type":null,"role":null,"ariaLabel":null,"testId":null,"dataLoc":"client\\src\\pages\\Login.tsx:146","href":null,"text":"Create Account","selectorHint":"[data-loc=\"client\\src\\pages\\Login.tsx:146\"]"},"value":null}}
[2026-03-28T13:32:50.651Z] {"timestamp":1774704770244,"kind":"network_error","url":"http://localhost:3000/login","viewport":{"width":1366,"height":639},"payload":{"kind":"fetch","method":"POST","url":"/api/trpc/auth.register?batch=1","status":500,"statusText":"Internal Server Error"}}
[2026-03-28T13:32:54.643Z] {"timestamp":1774704773543,"kind":"focusin","url":"http://localhost:3000/login","viewport":{"width":1366,"height":639},"payload":{"target":{"tag":"button","id":null,"name":null,"type":null,"role":null,"ariaLabel":null,"testId":null,"dataLoc":"client\\src\\pages\\Login.tsx:160","href":null,"text":"Sign in","selectorHint":"[data-loc=\"client\\src\\pages\\Login.tsx:160\"]"}}}
[2026-03-28T13:32:54.643Z] {"timestamp":1774704773762,"kind":"click","url":"http://localhost:3000/login","viewport":{"width":1366,"height":639},"payload":{"target":{"tag":"button","id":null,"name":null,"type":null,"role":null,"ariaLabel":null,"testId":null,"dataLoc":"client\\src\\pages\\Login.tsx:160","href":null,"text":"Sign in","selectorHint":"[data-loc=\"client\\src\\pages\\Login.tsx:160\"]"},"x":743,"y":552}}
[2026-03-28T13:32:56.663Z] {"timestamp":1774704775639,"kind":"focusout","url":"http://localhost:3000/login","viewport":{"width":1366,"height":639},"payload":{"target":{"tag":"button","id":null,"name":null,"type":null,"role":null,"ariaLabel":null,"testId":null,"dataLoc":"client\\src\\pages\\Login.tsx:171","href":null,"text":"Register","selectorHint":"[data-loc=\"client\\src\\pages\\Login.tsx:171\"]"},"value":null}}
[2026-03-28T13:32:56.663Z] {"timestamp":1774704775640,"kind":"focusin","url":"http://localhost:3000/login","viewport":{"width":1366,"height":639},"payload":{"target":{"tag":"button","id":null,"name":null,"type":null,"role":null,"ariaLabel":null,"testId":null,"dataLoc":"client\\src\\pages\\Login.tsx:146","href":null,"text":"Sign In","selectorHint":"[data-loc=\"client\\src\\pages\\Login.tsx:146\"]"}}}
[2026-03-28T13:32:56.663Z] {"timestamp":1774704775862,"kind":"click","url":"http://localhost:3000/login","viewport":{"width":1366,"height":639},"payload":{"target":{"tag":"button","id":null,"name":null,"type":null,"role":null,"ariaLabel":null,"testId":null,"dataLoc":"client\\src\\pages\\Login.tsx:146","href":null,"text":"Sign In","selectorHint":"[data-loc=\"client\\src\\pages\\Login.tsx:146\"]"},"x":709,"y":427}}
[2026-03-28T13:32:56.663Z] {"timestamp":1774704775864,"kind":"submit","url":"http://localhost:3000/login","viewport":{"width":1366,"height":639},"payload":{"target":{"tag":"form","id":null,"name":null,"type":null,"role":null,"ariaLabel":null,"testId":null,"dataLoc":"client\\src\\pages\\Login.tsx:92","href":null,"text":"Email Password Sign In","selectorHint":"[data-loc=\"client\\src\\pages\\Login.tsx:92\"]"}}}
[2026-03-28T13:32:56.663Z] {"timestamp":1774704775896,"kind":"focusout","url":"http://localhost:3000/login","viewport":{"width":1366,"height":639},"payload":{"target":{"tag":"button","id":null,"name":null,"type":null,"role":null,"ariaLabel":null,"testId":null,"dataLoc":"client\\src\\pages\\Login.tsx:146","href":null,"text":"Sign In","selectorHint":"[data-loc=\"client\\src\\pages\\Login.tsx:146\"]"},"value":null}}
[2026-03-28T13:32:56.663Z] {"timestamp":1774704775957,"kind":"network_error","url":"http://localhost:3000/login","viewport":{"width":1366,"height":639},"payload":{"kind":"fetch","method":"POST","url":"/api/trpc/auth.login?batch=1","status":500,"statusText":"Internal Server Error"}}
[2026-03-28T13:33:00.648Z] {"timestamp":1774704779081,"kind":"focusin","url":"http://localhost:3000/login","viewport":{"width":1366,"height":639},"payload":{"target":{"tag":"input","id":"email","name":null,"type":"email","role":null,"ariaLabel":null,"testId":null,"dataLoc":"client\\src\\pages\\Login.tsx:126","href":null,"text":"","selectorHint":"[data-loc=\"client\\src\\pages\\Login.tsx:126\"]"}}}
[2026-03-28T13:33:00.648Z] {"timestamp":1774704779295,"kind":"click","url":"http://localhost:3000/login","viewport":{"width":1366,"height":639},"payload":{"target":{"tag":"input","id":"email","name":null,"type":"email","role":null,"ariaLabel":null,"testId":null,"dataLoc":"client\\src\\pages\\Login.tsx:126","href":null,"text":"","selectorHint":"[data-loc=\"client\\src\\pages\\Login.tsx:126\"]"},"x":673,"y":299}}
[2026-03-28T13:33:02.644Z] {"timestamp":1774704782563,"kind":"change","url":"http://localhost:3000/login","viewport":{"width":1366,"height":639},"payload":{"target":{"tag":"input","id":"email","name":null,"type":"email","role":null,"ariaLabel":null,"testId":null,"dataLoc":"client\\src\\pages\\Login.tsx:126","href":null,"text":"","selectorHint":"[data-loc=\"client\\src\\pages\\Login.tsx:126\"]"},"value":""}}
[2026-03-28T13:33:02.644Z] {"timestamp":1774704782564,"kind":"focusout","url":"http://localhost:3000/login","viewport":{"width":1366,"height":639},"payload":{"target":{"tag":"input","id":"email","name":null,"type":"email","role":null,"ariaLabel":null,"testId":null,"dataLoc":"client\\src\\pages\\Login.tsx:126","href":null,"text":"","selectorHint":"[data-loc=\"client\\src\\pages\\Login.tsx:126\"]"},"value":""}}
[2026-03-28T13:33:02.644Z] {"timestamp":1774704782566,"kind":"focusin","url":"http://localhost:3000/login","viewport":{"width":1366,"height":639},"payload":{"target":{"tag":"input","id":"password","name":null,"type":"password","role":null,"ariaLabel":null,"testId":null,"dataLoc":"client\\src\\pages\\Login.tsx:137","href":null,"text":"","selectorHint":"[data-loc=\"client\\src\\pages\\Login.tsx:137\"]"}}}
[2026-03-28T13:33:04.641Z] {"timestamp":1774704782781,"kind":"click","url":"http://localhost:3000/login","viewport":{"width":1366,"height":639},"payload":{"target":{"tag":"input","id":"password","name":null,"type":"password","role":null,"ariaLabel":null,"testId":null,"dataLoc":"client\\src\\pages\\Login.tsx:137","href":null,"text":"","selectorHint":"[data-loc=\"client\\src\\pages\\Login.tsx:137\"]"},"x":565,"y":372}}
[2026-03-28T13:33:06.653Z] {"timestamp":1774704785059,"kind":"change","url":"http://localhost:3000/login","viewport":{"width":1366,"height":639},"payload":{"target":{"tag":"input","id":"password","name":null,"type":"password","role":null,"ariaLabel":null,"testId":null,"dataLoc":"client\\src\\pages\\Login.tsx:137","href":null,"text":"","selectorHint":"[data-loc=\"client\\src\\pages\\Login.tsx:137\"]"},"value":{"masked":true,"length":0}}}
[2026-03-28T13:33:06.653Z] {"timestamp":1774704785059,"kind":"focusout","url":"http://localhost:3000/login","viewport":{"width":1366,"height":639},"payload":{"target":{"tag":"input","id":"password","name":null,"type":"password","role":null,"ariaLabel":null,"testId":null,"dataLoc":"client\\src\\pages\\Login.tsx:137","href":null,"text":"","selectorHint":"[data-loc=\"client\\src\\pages\\Login.tsx:137\"]"},"value":{"masked":true,"length":0}}}
[2026-03-28T13:33:06.653Z] {"timestamp":1774704785061,"kind":"focusin","url":"http://localhost:3000/login","viewport":{"width":1366,"height":639},"payload":{"target":{"tag":"input","id":"email","name":null,"type":"email","role":null,"ariaLabel":null,"testId":null,"dataLoc":"client\\src\\pages\\Login.tsx:126","href":null,"text":"","selectorHint":"[data-loc=\"client\\src\\pages\\Login.tsx:126\"]"}}}
[2026-03-28T13:33:06.653Z] {"timestamp":1774704785272,"kind":"click","url":"http://localhost:3000/login","viewport":{"width":1366,"height":639},"payload":{"target":{"tag":"input","id":"email","name":null,"type":"email","role":null,"ariaLabel":null,"testId":null,"dataLoc":"client\\src\\pages\\Login.tsx:126","href":null,"text":"","selectorHint":"[data-loc=\"client\\src\\pages\\Login.tsx:126\"]"},"x":559,"y":304}}
[2026-03-28T13:33:08.659Z] {"timestamp":1774704786933,"kind":"change","url":"http://localhost:3000/login","viewport":{"width":1366,"height":639},"payload":{"target":{"tag":"input","id":"email","name":null,"type":"email","role":null,"ariaLabel":null,"testId":null,"dataLoc":"client\\src\\pages\\Login.tsx:126","href":null,"text":"","selectorHint":"[data-loc=\"client\\src\\pages\\Login.tsx:126\"]"},"value":"admin@university.edu"}}
[2026-03-28T13:33:08.659Z] {"timestamp":1774704787623,"kind":"focusout","url":"http://localhost:3000/login","viewport":{"width":1366,"height":639},"payload":{"target":{"tag":"input","id":"email","name":null,"type":"email","role":null,"ariaLabel":null,"testId":null,"dataLoc":"client\\src\\pages\\Login.tsx:126","href":null,"text":"","selectorHint":"[data-loc=\"client\\src\\pages\\Login.tsx:126\"]"},"value":"admin@university.edu"}}
[2026-03-28T13:33:08.659Z] {"timestamp":1774704787626,"kind":"focusin","url":"http://localhost:3000/login","viewport":{"width":1366,"height":639},"payload":{"target":{"tag":"input","id":"password","name":null,"type":"password","role":null,"ariaLabel":null,"testId":null,"dataLoc":"client\\src\\pages\\Login.tsx:137","href":null,"text":"","selectorHint":"[data-loc=\"client\\src\\pages\\Login.tsx:137\"]"}}}
[2026-03-28T13:33:08.659Z] {"timestamp":1774704787843,"kind":"click","url":"http://localhost:3000/login","viewport":{"width":1366,"height":639},"payload":{"target":{"tag":"input","id":"password","name":null,"type":"password","role":null,"ariaLabel":null,"testId":null,"dataLoc":"client\\src\\pages\\Login.tsx:137","href":null,"text":"","selectorHint":"[data-loc=\"client\\src\\pages\\Login.tsx:137\"]"},"x":546,"y":362}}
[2026-03-28T13:33:12.653Z] {"timestamp":1774704790912,"kind":"keydown","url":"http://localhost:3000/login","viewport":{"width":1366,"height":639},"payload":{"key":"[REDACTED]","target":{"tag":"input","id":"password","name":null,"type":"password","role":null,"ariaLabel":null,"testId":null,"dataLoc":"client\\src\\pages\\Login.tsx:137","href":null,"text":"","selectorHint":"[data-loc=\"client\\src\\pages\\Login.tsx:137\"]"}}}
[2026-03-28T13:33:12.653Z] {"timestamp":1774704790917,"kind":"change","url":"http://localhost:3000/login","viewport":{"width":1366,"height":639},"payload":{"target":{"tag":"input","id":"password","name":null,"type":"password","role":null,"ariaLabel":null,"testId":null,"dataLoc":"client\\src\\pages\\Login.tsx:137","href":null,"text":"","selectorHint":"[data-loc=\"client\\src\\pages\\Login.tsx:137\"]"},"value":{"masked":true,"length":8}}}
[2026-03-28T13:33:12.653Z] {"timestamp":1774704790917,"kind":"click","url":"http://localhost:3000/login","viewport":{"width":1366,"height":639},"payload":{"target":{"tag":"button","id":null,"name":null,"type":null,"role":null,"ariaLabel":null,"testId":null,"dataLoc":"client\\src\\pages\\Login.tsx:146","href":null,"text":"Sign In","selectorHint":"[data-loc=\"client\\src\\pages\\Login.tsx:146\"]"},"x":0,"y":0}}
[2026-03-28T13:33:12.653Z] {"timestamp":1774704790918,"kind":"submit","url":"http://localhost:3000/login","viewport":{"width":1366,"height":639},"payload":{"target":{"tag":"form","id":null,"name":null,"type":null,"role":null,"ariaLabel":null,"testId":null,"dataLoc":"client\\src\\pages\\Login.tsx:92","href":null,"text":"Email Password Sign In","selectorHint":"[data-loc=\"client\\src\\pages\\Login.tsx:92\"]"}}}
[2026-03-28T13:33:12.653Z] {"timestamp":1774704790948,"kind":"network_error","url":"http://localhost:3000/login","viewport":{"width":1366,"height":639},"payload":{"kind":"fetch","method":"POST","url":"/api/trpc/auth.login?batch=1","status":500,"statusText":"Internal Server Error"}}
[2026-03-28T13:33:14.642Z] {"timestamp":1774704792799,"kind":"focusout","url":"http://localhost:3000/login","viewport":{"width":1366,"height":639},"payload":{"target":{"tag":"input","id":"password","name":null,"type":"password","role":null,"ariaLabel":null,"testId":null,"dataLoc":"client\\src\\pages\\Login.tsx:137","href":null,"text":"","selectorHint":"[data-loc=\"client\\src\\pages\\Login.tsx:137\"]"},"value":{"masked":true,"length":8}}}
[2026-03-28T13:33:14.642Z] {"timestamp":1774704792799,"kind":"focusin","url":"http://localhost:3000/login","viewport":{"width":1366,"height":639},"payload":{"target":{"tag":"button","id":null,"name":null,"type":null,"role":null,"ariaLabel":null,"testId":null,"dataLoc":"client\\src\\pages\\Login.tsx:171","href":null,"text":"Register","selectorHint":"[data-loc=\"client\\src\\pages\\Login.tsx:171\"]"}}}
[2026-03-28T13:33:14.642Z] {"timestamp":1774704793018,"kind":"click","url":"http://localhost:3000/login","viewport":{"width":1366,"height":639},"payload":{"target":{"tag":"button","id":null,"name":null,"type":null,"role":null,"ariaLabel":null,"testId":null,"dataLoc":"client\\src\\pages\\Login.tsx:171","href":null,"text":"Register","selectorHint":"[data-loc=\"client\\src\\pages\\Login.tsx:171\"]"},"x":753,"y":478}}
[2026-03-28T13:33:16.643Z] {"timestamp":1774704795281,"kind":"focusout","url":"http://localhost:3000/login","viewport":{"width":1366,"height":639},"payload":{"target":{"tag":"button","id":null,"name":null,"type":null,"role":null,"ariaLabel":null,"testId":null,"dataLoc":"client\\src\\pages\\Login.tsx:160","href":null,"text":"Sign in","selectorHint":"[data-loc=\"client\\src\\pages\\Login.tsx:160\"]"},"value":null}}
[2026-03-28T13:33:16.643Z] {"timestamp":1774704795285,"kind":"focusin","url":"http://localhost:3000/login","viewport":{"width":1366,"height":639},"payload":{"target":{"tag":"input","id":"password","name":null,"type":"password","role":null,"ariaLabel":null,"testId":null,"dataLoc":"client\\src\\pages\\Login.tsx:137","href":null,"text":"","selectorHint":"[data-loc=\"client\\src\\pages\\Login.tsx:137\"]"}}}
[2026-03-28T13:33:16.643Z] {"timestamp":1774704795497,"kind":"click","url":"http://localhost:3000/login","viewport":{"width":1366,"height":639},"payload":{"target":{"tag":"input","id":"password","name":null,"type":"password","role":null,"ariaLabel":null,"testId":null,"dataLoc":"client\\src\\pages\\Login.tsx:137","href":null,"text":"","selectorHint":"[data-loc=\"client\\src\\pages\\Login.tsx:137\"]"},"x":555,"y":455}}
[2026-03-28T13:33:16.643Z] {"timestamp":1774704796614,"kind":"focusout","url":"http://localhost:3000/login","viewport":{"width":1366,"height":639},"payload":{"target":{"tag":"input","id":"password","name":null,"type":"password","role":null,"ariaLabel":null,"testId":null,"dataLoc":"client\\src\\pages\\Login.tsx:137","href":null,"text":"","selectorHint":"[data-loc=\"client\\src\\pages\\Login.tsx:137\"]"},"value":{"masked":true,"length":8}}}
[2026-03-28T13:33:16.643Z] {"timestamp":1774704796615,"kind":"focusin","url":"http://localhost:3000/login","viewport":{"width":1366,"height":639},"payload":{"target":{"tag":"button","id":null,"name":null,"type":null,"role":null,"ariaLabel":null,"testId":null,"dataLoc":"client\\src\\pages\\Login.tsx:146","href":null,"text":"Create Account","selectorHint":"[data-loc=\"client\\src\\pages\\Login.tsx:146\"]"}}}
[2026-03-28T13:33:18.654Z] {"timestamp":1774704796833,"kind":"click","url":"http://localhost:3000/login","viewport":{"width":1366,"height":639},"payload":{"target":{"tag":"button","id":null,"name":null,"type":null,"role":null,"ariaLabel":null,"testId":null,"dataLoc":"client\\src\\pages\\Login.tsx:146","href":null,"text":"Create Account","selectorHint":"[data-loc=\"client\\src\\pages\\Login.tsx:146\"]"},"x":714,"y":509}}
[2026-03-28T13:33:18.654Z] {"timestamp":1774704796834,"kind":"submit","url":"http://localhost:3000/login","viewport":{"width":1366,"height":639},"payload":{"target":{"tag":"form","id":null,"name":null,"type":null,"role":null,"ariaLabel":null,"testId":null,"dataLoc":"client\\src\\pages\\Login.tsx:92","href":null,"text":"Full Name Role Student Lecturer Admin Email Password Create Account","selectorHint":"[data-loc=\"client\\src\\pages\\Login.tsx:92\"]"}}}
[2026-03-28T13:33:18.654Z] {"timestamp":1774704796853,"kind":"focusout","url":"http://localhost:3000/login","viewport":{"width":1366,"height":639},"payload":{"target":{"tag":"button","id":null,"name":null,"type":null,"role":null,"ariaLabel":null,"testId":null,"dataLoc":"client\\src\\pages\\Login.tsx:146","href":null,"text":"Create Account","selectorHint":"[data-loc=\"client\\src\\pages\\Login.tsx:146\"]"},"value":null}}
[2026-03-28T13:33:18.654Z] {"timestamp":1774704796905,"kind":"network_error","url":"http://localhost:3000/login","viewport":{"width":1366,"height":639},"payload":{"kind":"fetch","method":"POST","url":"/api/trpc/auth.register?batch=1","status":500,"statusText":"Internal Server Error"}}
[2026-03-28T13:39:49.101Z] {"timestamp":1774705187451,"kind":"error","url":"http://localhost:3000/login","viewport":{"width":1366,"height":639},"payload":{"message":"Uncaught SyntaxError: Unexpected token '<'","filename":"http://localhost:3000/umami","lineno":1,"colno":1}}
[2026-03-28T13:40:16.324Z] {"timestamp":1774705214937,"kind":"focusin","url":"http://localhost:3000/login","viewport":{"width":1366,"height":639},"payload":{"target":{"tag":"input","id":"email","name":null,"type":"email","role":null,"ariaLabel":null,"testId":null,"dataLoc":"client\\src\\pages\\Login.tsx:126","href":null,"text":"","selectorHint":"[data-loc=\"client\\src\\pages\\Login.tsx:126\"]"}}}
[2026-03-28T13:40:16.324Z] {"timestamp":1774705215152,"kind":"click","url":"http://localhost:3000/login","viewport":{"width":1366,"height":639},"payload":{"target":{"tag":"input","id":"email","name":null,"type":"email","role":null,"ariaLabel":null,"testId":null,"dataLoc":"client\\src\\pages\\Login.tsx:126","href":null,"text":"","selectorHint":"[data-loc=\"client\\src\\pages\\Login.tsx:126\"]"},"x":626,"y":290}}
[2026-03-28T13:40:16.324Z] {"timestamp":1774705216241,"kind":"change","url":"http://localhost:3000/login","viewport":{"width":1366,"height":639},"payload":{"target":{"tag":"input","id":"email","name":null,"type":"email","role":null,"ariaLabel":null,"testId":null,"dataLoc":"client\\src\\pages\\Login.tsx:126","href":null,"text":"","selectorHint":"[data-loc=\"client\\src\\pages\\Login.tsx:126\"]"},"value":"admin@university.edu"}}
[2026-03-28T13:40:16.324Z] {"timestamp":1774705216265,"kind":"change","url":"http://localhost:3000/login","viewport":{"width":1366,"height":639},"payload":{"target":{"tag":"input","id":"password","name":null,"type":"password","role":null,"ariaLabel":null,"testId":null,"dataLoc":"client\\src\\pages\\Login.tsx:137","href":null,"text":"","selectorHint":"[data-loc=\"client\\src\\pages\\Login.tsx:137\"]"},"value":{"masked":true,"length":8}}}
[2026-03-28T13:40:20.080Z] {"timestamp":1774705218303,"kind":"error","url":"http://localhost:3000/","viewport":{"width":1366,"height":639},"payload":{"message":"Uncaught SyntaxError: Unexpected token '<'","filename":"http://localhost:3000/umami","lineno":1,"colno":1}}
[2026-03-28T13:40:30.067Z] {"timestamp":1774705228103,"kind":"scroll","url":"http://localhost:3000/","viewport":{"width":1366,"height":639},"payload":{"scrollX":0,"scrollY":87,"documentHeight":1710,"viewportHeight":639}}
[2026-03-28T13:40:30.067Z] {"timestamp":1774705228606,"kind":"scroll","url":"http://localhost:3000/","viewport":{"width":1366,"height":639},"payload":{"scrollX":0,"scrollY":368,"documentHeight":1710,"viewportHeight":639}}
[2026-03-28T13:40:30.067Z] {"timestamp":1774705229106,"kind":"scroll","url":"http://localhost:3000/","viewport":{"width":1366,"height":639},"payload":{"scrollX":0,"scrollY":798,"documentHeight":1710,"viewportHeight":639}}
[2026-03-28T13:40:30.067Z] {"timestamp":1774705229626,"kind":"scroll","url":"http://localhost:3000/","viewport":{"width":1366,"height":639},"payload":{"scrollX":0,"scrollY":321,"documentHeight":1710,"viewportHeight":639}}
[2026-03-28T13:40:33.852Z] {"timestamp":1774705232080,"kind":"error","url":"http://localhost:3000/login","viewport":{"width":1366,"height":639},"payload":{"message":"Uncaught SyntaxError: Unexpected token '<'","filename":"http://localhost:3000/umami","lineno":1,"colno":1}}
[2026-03-28T13:40:37.836Z] {"timestamp":1774705236914,"kind":"focusin","url":"http://localhost:3000/login","viewport":{"width":1366,"height":639},"payload":{"target":{"tag":"button","id":null,"name":null,"type":null,"role":null,"ariaLabel":null,"testId":null,"dataLoc":"client\\src\\pages\\Login.tsx:171","href":null,"text":"Register","selectorHint":"[data-loc=\"client\\src\\pages\\Login.tsx:171\"]"}}}
[2026-03-28T13:40:37.836Z] {"timestamp":1774705237132,"kind":"click","url":"http://localhost:3000/login","viewport":{"width":1366,"height":639},"payload":{"target":{"tag":"button","id":null,"name":null,"type":null,"role":null,"ariaLabel":null,"testId":null,"dataLoc":"client\\src\\pages\\Login.tsx:171","href":null,"text":"Register","selectorHint":"[data-loc=\"client\\src\\pages\\Login.tsx:171\"]"},"x":761,"y":480}}
[2026-03-28T13:40:41.846Z] {"timestamp":1774705240268,"kind":"click","url":"http://localhost:3000/login","viewport":{"width":1366,"height":639},"payload":{"target":{"tag":"button","id":null,"name":null,"type":null,"role":null,"ariaLabel":null,"testId":null,"dataLoc":"client\\src\\pages\\Login.tsx:160","href":null,"text":"Sign in","selectorHint":"[data-loc=\"client\\src\\pages\\Login.tsx:160\"]"},"x":759,"y":552}}
[2026-03-28T13:40:41.846Z] {"timestamp":1774705241330,"kind":"focusout","url":"http://localhost:3000/login","viewport":{"width":1366,"height":639},"payload":{"target":{"tag":"button","id":null,"name":null,"type":null,"role":null,"ariaLabel":null,"testId":null,"dataLoc":"client\\src\\pages\\Login.tsx:171","href":null,"text":"Register","selectorHint":"[data-loc=\"client\\src\\pages\\Login.tsx:171\"]"},"value":null}}
[2026-03-28T13:40:41.846Z] {"timestamp":1774705241332,"kind":"focusin","url":"http://localhost:3000/login","viewport":{"width":1366,"height":639},"payload":{"target":{"tag":"input","id":"email","name":null,"type":"email","role":null,"ariaLabel":null,"testId":null,"dataLoc":"client\\src\\pages\\Login.tsx:126","href":null,"text":"","selectorHint":"[data-loc=\"client\\src\\pages\\Login.tsx:126\"]"}}}
[2026-03-28T13:40:41.846Z] {"timestamp":1774705241559,"kind":"click","url":"http://localhost:3000/login","viewport":{"width":1366,"height":639},"payload":{"target":{"tag":"input","id":"email","name":null,"type":"email","role":null,"ariaLabel":null,"testId":null,"dataLoc":"client\\src\\pages\\Login.tsx:126","href":null,"text":"","selectorHint":"[data-loc=\"client\\src\\pages\\Login.tsx:126\"]"},"x":635,"y":291}}
[2026-03-28T13:40:43.837Z] {"timestamp":1774705242732,"kind":"change","url":"http://localhost:3000/login","viewport":{"width":1366,"height":639},"payload":{"target":{"tag":"input","id":"email","name":null,"type":"email","role":null,"ariaLabel":null,"testId":null,"dataLoc":"client\\src\\pages\\Login.tsx:126","href":null,"text":"","selectorHint":"[data-loc=\"client\\src\\pages\\Login.tsx:126\"]"},"value":"admin@university.edu"}}
[2026-03-28T13:40:43.837Z] {"timestamp":1774705242753,"kind":"change","url":"http://localhost:3000/login","viewport":{"width":1366,"height":639},"payload":{"target":{"tag":"input","id":"password","name":null,"type":"password","role":null,"ariaLabel":null,"testId":null,"dataLoc":"client\\src\\pages\\Login.tsx:137","href":null,"text":"","selectorHint":"[data-loc=\"client\\src\\pages\\Login.tsx:137\"]"},"value":{"masked":true,"length":8}}}
[2026-03-28T13:40:43.837Z] {"timestamp":1774705243665,"kind":"focusout","url":"http://localhost:3000/login","viewport":{"width":1366,"height":639},"payload":{"target":{"tag":"input","id":"email","name":null,"type":"email","role":null,"ariaLabel":null,"testId":null,"dataLoc":"client\\src\\pages\\Login.tsx:126","href":null,"text":"","selectorHint":"[data-loc=\"client\\src\\pages\\Login.tsx:126\"]"},"value":"admin@university.edu"}}
[2026-03-28T13:40:43.837Z] {"timestamp":1774705243666,"kind":"focusin","url":"http://localhost:3000/login","viewport":{"width":1366,"height":639},"payload":{"target":{"tag":"button","id":null,"name":null,"type":null,"role":null,"ariaLabel":null,"testId":null,"dataLoc":"client\\src\\pages\\Login.tsx:146","href":null,"text":"Sign In","selectorHint":"[data-loc=\"client\\src\\pages\\Login.tsx:146\"]"}}}
[2026-03-28T13:40:46.383Z] {"timestamp":1774705244652,"kind":"error","url":"http://localhost:3000/","viewport":{"width":1366,"height":639},"payload":{"message":"Uncaught SyntaxError: Unexpected token '<'","filename":"http://localhost:3000/umami","lineno":1,"colno":1}}
[2026-03-28T13:40:46.383Z] {"timestamp":1774705245996,"kind":"scroll","url":"http://localhost:3000/","viewport":{"width":1366,"height":639},"payload":{"scrollX":0,"scrollY":1,"documentHeight":1710,"viewportHeight":639}}
[2026-03-28T13:40:48.373Z] {"timestamp":1774705246520,"kind":"scroll","url":"http://localhost:3000/","viewport":{"width":1366,"height":639},"payload":{"scrollX":0,"scrollY":148,"documentHeight":1710,"viewportHeight":639}}
[2026-03-28T13:40:48.373Z] {"timestamp":1774705247020,"kind":"scroll","url":"http://localhost:3000/","viewport":{"width":1366,"height":639},"payload":{"scrollX":0,"scrollY":349,"documentHeight":1710,"viewportHeight":639}}
[2026-03-28T13:40:48.373Z] {"timestamp":1774705247561,"kind":"scroll","url":"http://localhost:3000/","viewport":{"width":1366,"height":639},"payload":{"scrollX":0,"scrollY":498,"documentHeight":1710,"viewportHeight":639}}
[2026-03-28T13:40:48.373Z] {"timestamp":1774705248061,"kind":"scroll","url":"http://localhost:3000/","viewport":{"width":1366,"height":639},"payload":{"scrollX":0,"scrollY":670,"documentHeight":1710,"viewportHeight":639}}
[2026-03-28T13:57:57.486Z] {"timestamp":1774706227161,"kind":"network_error","url":"http://localhost:3000/login","viewport":{"width":1366,"height":639},"payload":{"kind":"fetch","method":"POST","url":"/api/trpc/auth.login?batch=1","message":"Failed to fetch"}}
[2026-03-28T13:57:57.486Z] {"timestamp":1774706201160,"kind":"error","url":"http://localhost:3000/login","viewport":{"width":1366,"height":639},"payload":{"message":"Uncaught SyntaxError: Unexpected token '<'","filename":"http://localhost:3000/umami","lineno":1,"colno":1}}
[2026-03-28T13:57:57.486Z] {"timestamp":1774706203600,"kind":"network_error","url":"http://localhost:3000/login","viewport":{"width":1366,"height":639},"payload":{"kind":"fetch","method":"GET","url":"/api/trpc/auth.me?batch=1&input=%7B%220%22%3A%7B%22json%22%3Anull%2C%22meta%22%3A%7B%22values%22%3A%5B%22undefined%22%5D%7D%7D%7D","message":"Failed to fetch"}}
[2026-03-28T13:57:57.486Z] {"timestamp":1774706204634,"kind":"focusin","url":"http://localhost:3000/login","viewport":{"width":1366,"height":639},"payload":{"target":{"tag":"input","id":"email","name":null,"type":"email","role":null,"ariaLabel":null,"testId":null,"dataLoc":"client\\src\\pages\\Login.tsx:126","href":null,"text":"","selectorHint":"[data-loc=\"client\\src\\pages\\Login.tsx:126\"]"}}}
[2026-03-28T13:57:57.486Z] {"timestamp":1774706204848,"kind":"click","url":"http://localhost:3000/login","viewport":{"width":1366,"height":639},"payload":{"target":{"tag":"input","id":"email","name":null,"type":"email","role":null,"ariaLabel":null,"testId":null,"dataLoc":"client\\src\\pages\\Login.tsx:126","href":null,"text":"","selectorHint":"[data-loc=\"client\\src\\pages\\Login.tsx:126\"]"},"x":649,"y":301}}
[2026-03-28T13:57:57.486Z] {"timestamp":1774706205891,"kind":"change","url":"http://localhost:3000/login","viewport":{"width":1366,"height":639},"payload":{"target":{"tag":"input","id":"email","name":null,"type":"email","role":null,"ariaLabel":null,"testId":null,"dataLoc":"client\\src\\pages\\Login.tsx:126","href":null,"text":"","selectorHint":"[data-loc=\"client\\src\\pages\\Login.tsx:126\"]"},"value":"admin@university.edu"}}
[2026-03-28T13:57:57.486Z] {"timestamp":1774706205900,"kind":"change","url":"http://localhost:3000/login","viewport":{"width":1366,"height":639},"payload":{"target":{"tag":"input","id":"password","name":null,"type":"password","role":null,"ariaLabel":null,"testId":null,"dataLoc":"client\\src\\pages\\Login.tsx:137","href":null,"text":"","selectorHint":"[data-loc=\"client\\src\\pages\\Login.tsx:137\"]"},"value":{"masked":true,"length":8}}}
[2026-03-28T13:57:57.486Z] {"timestamp":1774706206784,"kind":"focusout","url":"http://localhost:3000/login","viewport":{"width":1366,"height":639},"payload":{"target":{"tag":"input","id":"email","name":null,"type":"email","role":null,"ariaLabel":null,"testId":null,"dataLoc":"client\\src\\pages\\Login.tsx:126","href":null,"text":"","selectorHint":"[data-loc=\"client\\src\\pages\\Login.tsx:126\"]"},"value":"admin@university.edu"}}
[2026-03-28T13:57:57.486Z] {"timestamp":1774706206784,"kind":"focusin","url":"http://localhost:3000/login","viewport":{"width":1366,"height":639},"payload":{"target":{"tag":"button","id":null,"name":null,"type":null,"role":null,"ariaLabel":null,"testId":null,"dataLoc":"client\\src\\pages\\Login.tsx:146","href":null,"text":"Sign In","selectorHint":"[data-loc=\"client\\src\\pages\\Login.tsx:146\"]"}}}
[2026-03-28T13:57:57.486Z] {"timestamp":1774706207007,"kind":"click","url":"http://localhost:3000/login","viewport":{"width":1366,"height":639},"payload":{"target":{"tag":"button","id":null,"name":null,"type":null,"role":null,"ariaLabel":null,"testId":null,"dataLoc":"client\\src\\pages\\Login.tsx:146","href":null,"text":"Sign In","selectorHint":"[data-loc=\"client\\src\\pages\\Login.tsx:146\"]"},"x":680,"y":418}}
[2026-03-28T13:57:57.486Z] {"timestamp":1774706207009,"kind":"submit","url":"http://localhost:3000/login","viewport":{"width":1366,"height":639},"payload":{"target":{"tag":"form","id":null,"name":null,"type":null,"role":null,"ariaLabel":null,"testId":null,"dataLoc":"client\\src\\pages\\Login.tsx:92","href":null,"text":"Email Password Sign In","selectorHint":"[data-loc=\"client\\src\\pages\\Login.tsx:92\"]"}}}
[2026-03-28T13:57:57.486Z] {"timestamp":1774706207020,"kind":"focusout","url":"http://localhost:3000/login","viewport":{"width":1366,"height":639},"payload":{"target":{"tag":"button","id":null,"name":null,"type":null,"role":null,"ariaLabel":null,"testId":null,"dataLoc":"client\\src\\pages\\Login.tsx:146","href":null,"text":"Sign In","selectorHint":"[data-loc=\"client\\src\\pages\\Login.tsx:146\"]"},"value":null}}
[2026-03-28T13:57:57.486Z] {"timestamp":1774706209181,"kind":"network_error","url":"http://localhost:3000/login","viewport":{"width":1366,"height":639},"payload":{"kind":"fetch","method":"POST","url":"/api/trpc/auth.login?batch=1","message":"Failed to fetch"}}
[2026-03-28T13:57:57.486Z] {"timestamp":1774706211502,"kind":"focusin","url":"http://localhost:3000/login","viewport":{"width":1366,"height":639},"payload":{"target":{"tag":"button","id":null,"name":null,"type":null,"role":null,"ariaLabel":null,"testId":null,"dataLoc":"client\\src\\pages\\Login.tsx:146","href":null,"text":"Sign In","selectorHint":"[data-loc=\"client\\src\\pages\\Login.tsx:146\"]"}}}
[2026-03-28T13:57:57.486Z] {"timestamp":1774706211731,"kind":"click","url":"http://localhost:3000/login","viewport":{"width":1366,"height":639},"payload":{"target":{"tag":"button","id":null,"name":null,"type":null,"role":null,"ariaLabel":null,"testId":null,"dataLoc":"client\\src\\pages\\Login.tsx:146","href":null,"text":"Sign In","selectorHint":"[data-loc=\"client\\src\\pages\\Login.tsx:146\"]"},"x":680,"y":418}}
[2026-03-28T13:57:57.486Z] {"timestamp":1774706211732,"kind":"submit","url":"http://localhost:3000/login","viewport":{"width":1366,"height":639},"payload":{"target":{"tag":"form","id":null,"name":null,"type":null,"role":null,"ariaLabel":null,"testId":null,"dataLoc":"client\\src\\pages\\Login.tsx:92","href":null,"text":"Email Password Sign In","selectorHint":"[data-loc=\"client\\src\\pages\\Login.tsx:92\"]"}}}
[2026-03-28T13:57:57.486Z] {"timestamp":1774706211739,"kind":"focusout","url":"http://localhost:3000/login","viewport":{"width":1366,"height":639},"payload":{"target":{"tag":"button","id":null,"name":null,"type":null,"role":null,"ariaLabel":null,"testId":null,"dataLoc":"client\\src\\pages\\Login.tsx:146","href":null,"text":"Sign In","selectorHint":"[data-loc=\"client\\src\\pages\\Login.tsx:146\"]"},"value":null}}
[2026-03-28T13:57:57.486Z] {"timestamp":1774706213180,"kind":"network_error","url":"http://localhost:3000/login","viewport":{"width":1366,"height":639},"payload":{"kind":"fetch","method":"POST","url":"/api/trpc/auth.login?batch=1","message":"Failed to fetch"}}
[2026-03-28T13:57:57.486Z] {"timestamp":1774706226465,"kind":"focusin","url":"http://localhost:3000/login","viewport":{"width":1366,"height":639},"payload":{"target":{"tag":"button","id":null,"name":null,"type":null,"role":null,"ariaLabel":null,"testId":null,"dataLoc":"client\\src\\pages\\Login.tsx:146","href":null,"text":"Sign In","selectorHint":"[data-loc=\"client\\src\\pages\\Login.tsx:146\"]"}}}
[2026-03-28T13:57:57.486Z] {"timestamp":1774706226680,"kind":"click","url":"http://localhost:3000/login","viewport":{"width":1366,"height":639},"payload":{"target":{"tag":"button","id":null,"name":null,"type":null,"role":null,"ariaLabel":null,"testId":null,"dataLoc":"client\\src\\pages\\Login.tsx:146","href":null,"text":"Sign In","selectorHint":"[data-loc=\"client\\src\\pages\\Login.tsx:146\"]"},"x":735,"y":425}}
[2026-03-28T13:57:57.486Z] {"timestamp":1774706226680,"kind":"submit","url":"http://localhost:3000/login","viewport":{"width":1366,"height":639},"payload":{"target":{"tag":"form","id":null,"name":null,"type":null,"role":null,"ariaLabel":null,"testId":null,"dataLoc":"client\\src\\pages\\Login.tsx:92","href":null,"text":"Email Password Sign In","selectorHint":"[data-loc=\"client\\src\\pages\\Login.tsx:92\"]"}}}
[2026-03-28T13:57:57.486Z] {"timestamp":1774706226686,"kind":"focusout","url":"http://localhost:3000/login","viewport":{"width":1366,"height":639},"payload":{"target":{"tag":"button","id":null,"name":null,"type":null,"role":null,"ariaLabel":null,"testId":null,"dataLoc":"client\\src\\pages\\Login.tsx:146","href":null,"text":"Sign In","selectorHint":"[data-loc=\"client\\src\\pages\\Login.tsx:146\"]"},"value":null}}
[2026-03-28T13:58:44.896Z] {"timestamp":1774706312308,"kind":"focusin","url":"http://localhost:3000/login","viewport":{"width":1366,"height":639},"payload":{"target":{"tag":"button","id":null,"name":null,"type":null,"role":null,"ariaLabel":null,"testId":null,"dataLoc":"client\\src\\pages\\Login.tsx:146","href":null,"text":"Sign In","selectorHint":"[data-loc=\"client\\src\\pages\\Login.tsx:146\"]"}}}
[2026-03-28T13:58:44.896Z] {"timestamp":1774706312534,"kind":"click","url":"http://localhost:3000/login","viewport":{"width":1366,"height":639},"payload":{"target":{"tag":"button","id":null,"name":null,"type":null,"role":null,"ariaLabel":null,"testId":null,"dataLoc":"client\\src\\pages\\Login.tsx:146","href":null,"text":"Sign In","selectorHint":"[data-loc=\"client\\src\\pages\\Login.tsx:146\"]"},"x":692,"y":436}}
[2026-03-28T13:58:44.896Z] {"timestamp":1774706312534,"kind":"submit","url":"http://localhost:3000/login","viewport":{"width":1366,"height":639},"payload":{"target":{"tag":"form","id":null,"name":null,"type":null,"role":null,"ariaLabel":null,"testId":null,"dataLoc":"client\\src\\pages\\Login.tsx:92","href":null,"text":"Email Password Sign In","selectorHint":"[data-loc=\"client\\src\\pages\\Login.tsx:92\"]"}}}
[2026-03-28T13:58:44.896Z] {"timestamp":1774706312545,"kind":"focusout","url":"http://localhost:3000/login","viewport":{"width":1366,"height":639},"payload":{"target":{"tag":"button","id":null,"name":null,"type":null,"role":null,"ariaLabel":null,"testId":null,"dataLoc":"client\\src\\pages\\Login.tsx:146","href":null,"text":"Sign In","selectorHint":"[data-loc=\"client\\src\\pages\\Login.tsx:146\"]"},"value":null}}
[2026-03-28T13:58:44.896Z] {"timestamp":1774706314889,"kind":"network_error","url":"http://localhost:3000/login","viewport":{"width":1366,"height":639},"payload":{"kind":"fetch","method":"POST","url":"/api/trpc/auth.login?batch=1","message":"Failed to fetch"}}
[2026-03-28T13:59:26.838Z] {"timestamp":1774706365469,"kind":"click","url":"http://localhost:3000/login","viewport":{"width":1366,"height":639},"payload":{"target":{"tag":"div","id":null,"name":null,"type":null,"role":null,"ariaLabel":null,"testId":null,"dataLoc":"client\\src\\pages\\Login.tsx:64","href":null,"text":"UniPortal University Registration System Welcome Back Sign in to access your por…","selectorHint":"[data-loc=\"client\\src\\pages\\Login.tsx:64\"]"},"x":1199,"y":175}}
[2026-03-28T14:01:10.829Z] {"timestamp":1774706469025,"kind":"focusin","url":"http://localhost:3000/login","viewport":{"width":1366,"height":639},"payload":{"target":{"tag":"input","id":"email","name":null,"type":"email","role":null,"ariaLabel":null,"testId":null,"dataLoc":"client\\src\\pages\\Login.tsx:126","href":null,"text":"","selectorHint":"[data-loc=\"client\\src\\pages\\Login.tsx:126\"]"}}}
[2026-03-28T14:01:10.829Z] {"timestamp":1774706469241,"kind":"click","url":"http://localhost:3000/login","viewport":{"width":1366,"height":639},"payload":{"target":{"tag":"input","id":"email","name":null,"type":"email","role":null,"ariaLabel":null,"testId":null,"dataLoc":"client\\src\\pages\\Login.tsx:126","href":null,"text":"","selectorHint":"[data-loc=\"client\\src\\pages\\Login.tsx:126\"]"},"x":651,"y":314}}
[2026-03-28T14:01:10.829Z] {"timestamp":1774706470354,"kind":"focusout","url":"http://localhost:3000/login","viewport":{"width":1366,"height":639},"payload":{"target":{"tag":"input","id":"email","name":null,"type":"email","role":null,"ariaLabel":null,"testId":null,"dataLoc":"client\\src\\pages\\Login.tsx:126","href":null,"text":"","selectorHint":"[data-loc=\"client\\src\\pages\\Login.tsx:126\"]"},"value":"admin@university.edu"}}
[2026-03-28T14:01:10.829Z] {"timestamp":1774706470355,"kind":"focusin","url":"http://localhost:3000/login","viewport":{"width":1366,"height":639},"payload":{"target":{"tag":"input","id":"password","name":null,"type":"password","role":null,"ariaLabel":null,"testId":null,"dataLoc":"client\\src\\pages\\Login.tsx:137","href":null,"text":"","selectorHint":"[data-loc=\"client\\src\\pages\\Login.tsx:137\"]"}}}
[2026-03-28T14:01:10.829Z] {"timestamp":1774706470751,"kind":"click","url":"http://localhost:3000/login","viewport":{"width":1366,"height":639},"payload":{"target":{"tag":"html","id":null,"name":null,"type":null,"role":null,"ariaLabel":null,"testId":null,"dataLoc":null,"href":null,"text":"UniPortal University Registration System Welcome Back Sign in to access your por…","selectorHint":"html"},"x":1139,"y":673}}
[2026-03-28T14:01:13.092Z] {"timestamp":1774706471478,"kind":"focusout","url":"http://localhost:3000/login","viewport":{"width":1366,"height":639},"payload":{"target":{"tag":"input","id":"password","name":null,"type":"password","role":null,"ariaLabel":null,"testId":null,"dataLoc":"client\\src\\pages\\Login.tsx:137","href":null,"text":"","selectorHint":"[data-loc=\"client\\src\\pages\\Login.tsx:137\"]"},"value":{"masked":true,"length":8}}}
[2026-03-28T14:01:32.828Z] {"timestamp":1774706491473,"kind":"focusin","url":"http://localhost:3000/login","viewport":{"width":1366,"height":639},"payload":{"target":{"tag":"input","id":"password","name":null,"type":"password","role":null,"ariaLabel":null,"testId":null,"dataLoc":"client\\src\\pages\\Login.tsx:137","href":null,"text":"","selectorHint":"[data-loc=\"client\\src\\pages\\Login.tsx:137\"]"}}}
[2026-03-28T14:01:53.089Z] {"timestamp":1774706511691,"kind":"focusout","url":"http://localhost:3000/login","viewport":{"width":1366,"height":639},"payload":{"target":{"tag":"input","id":"password","name":null,"type":"password","role":null,"ariaLabel":null,"testId":null,"dataLoc":"client\\src\\pages\\Login.tsx:137","href":null,"text":"","selectorHint":"[data-loc=\"client\\src\\pages\\Login.tsx:137\"]"},"value":{"masked":true,"length":8}}}
[2026-03-28T14:01:56.836Z] {"timestamp":1774706516572,"kind":"focusin","url":"http://localhost:3000/login","viewport":{"width":1366,"height":639},"payload":{"target":{"tag":"input","id":"password","name":null,"type":"password","role":null,"ariaLabel":null,"testId":null,"dataLoc":"client\\src\\pages\\Login.tsx:137","href":null,"text":"","selectorHint":"[data-loc=\"client\\src\\pages\\Login.tsx:137\"]"}}}
[2026-03-28T14:01:59.090Z] {"timestamp":1774706518189,"kind":"focusout","url":"http://localhost:3000/login","viewport":{"width":1366,"height":639},"payload":{"target":{"tag":"input","id":"password","name":null,"type":"password","role":null,"ariaLabel":null,"testId":null,"dataLoc":"client\\src\\pages\\Login.tsx:137","href":null,"text":"","selectorHint":"[data-loc=\"client\\src\\pages\\Login.tsx:137\"]"},"value":{"masked":true,"length":8}}}
[2026-03-28T14:05:41.106Z] {"timestamp":1774706740510,"kind":"error","url":"http://localhost:3000/login","viewport":{"width":1366,"height":639},"payload":{"message":"Uncaught SyntaxError: Unexpected token '<'","filename":"http://localhost:3000/umami","lineno":1,"colno":1}}
[2026-03-28T14:05:43.100Z] {"timestamp":1774706742156,"kind":"focusin","url":"http://localhost:3000/login","viewport":{"width":1366,"height":639},"payload":{"target":{"tag":"input","id":"email","name":null,"type":"email","role":null,"ariaLabel":null,"testId":null,"dataLoc":"client\\src\\pages\\Login.tsx:126","href":null,"text":"","selectorHint":"[data-loc=\"client\\src\\pages\\Login.tsx:126\"]"}}}
[2026-03-28T14:05:43.100Z] {"timestamp":1774706742378,"kind":"click","url":"http://localhost:3000/login","viewport":{"width":1366,"height":639},"payload":{"target":{"tag":"input","id":"email","name":null,"type":"email","role":null,"ariaLabel":null,"testId":null,"dataLoc":"client\\src\\pages\\Login.tsx:126","href":null,"text":"","selectorHint":"[data-loc=\"client\\src\\pages\\Login.tsx:126\"]"},"x":522,"y":298}}
[2026-03-28T14:05:47.041Z] {"timestamp":1774706745305,"kind":"error","url":"http://localhost:3000/","viewport":{"width":1366,"height":639},"payload":{"message":"Uncaught SyntaxError: Unexpected token '<'","filename":"http://localhost:3000/umami","lineno":1,"colno":1}}
[2026-03-28T14:05:49.036Z] {"timestamp":1774706747033,"kind":"scroll","url":"http://localhost:3000/","viewport":{"width":1366,"height":639},"payload":{"scrollX":0,"scrollY":19,"documentHeight":1710,"viewportHeight":639}}
[2026-03-28T14:05:49.036Z] {"timestamp":1774706747564,"kind":"scroll","url":"http://localhost:3000/","viewport":{"width":1366,"height":639},"payload":{"scrollX":0,"scrollY":171,"documentHeight":1710,"viewportHeight":639}}
[2026-03-28T14:05:49.036Z] {"timestamp":1774706748098,"kind":"scroll","url":"http://localhost:3000/","viewport":{"width":1366,"height":639},"payload":{"scrollX":0,"scrollY":454,"documentHeight":1710,"viewportHeight":639}}
[2026-03-28T14:05:49.036Z] {"timestamp":1774706748665,"kind":"scroll","url":"http://localhost:3000/","viewport":{"width":1366,"height":639},"payload":{"scrollX":0,"scrollY":702,"documentHeight":1710,"viewportHeight":639}}
[2026-03-28T14:05:51.033Z] {"timestamp":1774706749181,"kind":"scroll","url":"http://localhost:3000/","viewport":{"width":1366,"height":639},"payload":{"scrollX":0,"scrollY":33,"documentHeight":1710,"viewportHeight":639}}
[2026-03-28T14:05:51.033Z] {"timestamp":1774706750165,"kind":"scroll","url":"http://localhost:3000/","viewport":{"width":1366,"height":639},"payload":{"scrollX":0,"scrollY":32,"documentHeight":1710,"viewportHeight":639}}
[2026-03-28T14:05:51.033Z] {"timestamp":1774706750681,"kind":"scroll","url":"http://localhost:3000/","viewport":{"width":1366,"height":639},"payload":{"scrollX":0,"scrollY":186,"documentHeight":1710,"viewportHeight":639}}
[2026-03-28T14:05:53.031Z] {"timestamp":1774706752942,"kind":"focusin","url":"http://localhost:3000/","viewport":{"width":1366,"height":639},"payload":{"target":{"tag":"a","id":null,"name":null,"type":null,"role":null,"ariaLabel":null,"testId":null,"dataLoc":"client\\src\\pages\\Home.tsx:53","href":"/login","text":"Sign In","selectorHint":"[data-loc=\"client\\src\\pages\\Home.tsx:53\"]"}}}
[2026-03-28T14:05:55.368Z] {"timestamp":1774706753582,"kind":"error","url":"http://localhost:3000/login","viewport":{"width":1366,"height":639},"payload":{"message":"Uncaught SyntaxError: Unexpected token '<'","filename":"http://localhost:3000/umami","lineno":1,"colno":1}}
[2026-03-28T14:05:55.368Z] {"timestamp":1774706755041,"kind":"focusin","url":"http://localhost:3000/login","viewport":{"width":1366,"height":639},"payload":{"target":{"tag":"input","id":"email","name":null,"type":"email","role":null,"ariaLabel":null,"testId":null,"dataLoc":"client\\src\\pages\\Login.tsx:126","href":null,"text":"","selectorHint":"[data-loc=\"client\\src\\pages\\Login.tsx:126\"]"}}}
[2026-03-28T14:05:55.368Z] {"timestamp":1774706755261,"kind":"click","url":"http://localhost:3000/login","viewport":{"width":1366,"height":639},"payload":{"target":{"tag":"input","id":"email","name":null,"type":"email","role":null,"ariaLabel":null,"testId":null,"dataLoc":"client\\src\\pages\\Login.tsx:126","href":null,"text":"","selectorHint":"[data-loc=\"client\\src\\pages\\Login.tsx:126\"]"},"x":601,"y":292}}
[2026-03-28T14:05:57.363Z] {"timestamp":1774706756154,"kind":"change","url":"http://localhost:3000/login","viewport":{"width":1366,"height":639},"payload":{"target":{"tag":"input","id":"email","name":null,"type":"email","role":null,"ariaLabel":null,"testId":null,"dataLoc":"client\\src\\pages\\Login.tsx:126","href":null,"text":"","selectorHint":"[data-loc=\"client\\src\\pages\\Login.tsx:126\"]"},"value":"admin@university.edu"}}
[2026-03-28T14:05:57.363Z] {"timestamp":1774706756159,"kind":"change","url":"http://localhost:3000/login","viewport":{"width":1366,"height":639},"payload":{"target":{"tag":"input","id":"password","name":null,"type":"password","role":null,"ariaLabel":null,"testId":null,"dataLoc":"client\\src\\pages\\Login.tsx:137","href":null,"text":"","selectorHint":"[data-loc=\"client\\src\\pages\\Login.tsx:137\"]"},"value":{"masked":true,"length":8}}}
[2026-03-28T14:05:57.363Z] {"timestamp":1774706756986,"kind":"focusout","url":"http://localhost:3000/login","viewport":{"width":1366,"height":639},"payload":{"target":{"tag":"input","id":"email","name":null,"type":"email","role":null,"ariaLabel":null,"testId":null,"dataLoc":"client\\src\\pages\\Login.tsx:126","href":null,"text":"","selectorHint":"[data-loc=\"client\\src\\pages\\Login.tsx:126\"]"},"value":"admin@university.edu"}}
[2026-03-28T14:05:57.363Z] {"timestamp":1774706756987,"kind":"focusin","url":"http://localhost:3000/login","viewport":{"width":1366,"height":639},"payload":{"target":{"tag":"button","id":null,"name":null,"type":null,"role":null,"ariaLabel":null,"testId":null,"dataLoc":"client\\src\\pages\\Login.tsx:146","href":null,"text":"Sign In","selectorHint":"[data-loc=\"client\\src\\pages\\Login.tsx:146\"]"}}}
[2026-03-28T14:05:57.363Z] {"timestamp":1774706757208,"kind":"click","url":"http://localhost:3000/login","viewport":{"width":1366,"height":639},"payload":{"target":{"tag":"button","id":null,"name":null,"type":null,"role":null,"ariaLabel":null,"testId":null,"dataLoc":"client\\src\\pages\\Login.tsx:146","href":null,"text":"Sign In","selectorHint":"[data-loc=\"client\\src\\pages\\Login.tsx:146\"]"},"x":710,"y":438}}
[2026-03-28T14:05:57.363Z] {"timestamp":1774706757209,"kind":"submit","url":"http://localhost:3000/login","viewport":{"width":1366,"height":639},"payload":{"target":{"tag":"form","id":null,"name":null,"type":null,"role":null,"ariaLabel":null,"testId":null,"dataLoc":"client\\src\\pages\\Login.tsx:92","href":null,"text":"Email Password Sign In","selectorHint":"[data-loc=\"client\\src\\pages\\Login.tsx:92\"]"}}}
[2026-03-28T14:05:57.363Z] {"timestamp":1774706757219,"kind":"focusout","url":"http://localhost:3000/login","viewport":{"width":1366,"height":639},"payload":{"target":{"tag":"button","id":null,"name":null,"type":null,"role":null,"ariaLabel":null,"testId":null,"dataLoc":"client\\src\\pages\\Login.tsx:146","href":null,"text":"Sign In","selectorHint":"[data-loc=\"client\\src\\pages\\Login.tsx:146\"]"},"value":null}}
[2026-03-28T14:05:57.363Z] {"timestamp":1774706757252,"kind":"navigate","url":"http://localhost:3000/admin/dashboard","viewport":{"width":1366,"height":639},"payload":{"reason":"pushState"}}
[2026-03-28T14:05:57.363Z] {"timestamp":1774706757299,"kind":"navigate","url":"http://localhost:3000/login","viewport":{"width":1366,"height":639},"payload":{"reason":"pushState"}}
[2026-03-28T14:05:59.633Z] {"timestamp":1774706757828,"kind":"error","url":"http://localhost:3000/","viewport":{"width":1366,"height":639},"payload":{"message":"Uncaught SyntaxError: Unexpected token '<'","filename":"http://localhost:3000/umami","lineno":1,"colno":1}}
[2026-03-28T14:06:05.630Z] {"timestamp":1774706764700,"kind":"focusin","url":"http://localhost:3000/","viewport":{"width":1366,"height":639},"payload":{"target":{"tag":"a","id":null,"name":null,"type":null,"role":null,"ariaLabel":null,"testId":null,"dataLoc":"client\\src\\pages\\Home.tsx:84","href":"#features","text":"Learn More","selectorHint":"[data-loc=\"client\\src\\pages\\Home.tsx:84\"]"}}}
[2026-03-28T14:06:05.630Z] {"timestamp":1774706764913,"kind":"click","url":"http://localhost:3000/","viewport":{"width":1366,"height":639},"payload":{"target":{"tag":"a","id":null,"name":null,"type":null,"role":null,"ariaLabel":null,"testId":null,"dataLoc":"client\\src\\pages\\Home.tsx:84","href":"#features","text":"Learn More","selectorHint":"[data-loc=\"client\\src\\pages\\Home.tsx:84\"]"},"x":741,"y":516}}
[2026-03-28T14:06:05.630Z] {"timestamp":1774706764914,"kind":"navigate","url":"http://localhost:3000/#features","viewport":{"width":1366,"height":639},"payload":{"reason":"popstate"}}
[2026-03-28T14:06:05.630Z] {"timestamp":1774706764915,"kind":"focusout","url":"http://localhost:3000/#features","viewport":{"width":1366,"height":639},"payload":{"target":{"tag":"a","id":null,"name":null,"type":null,"role":null,"ariaLabel":null,"testId":null,"dataLoc":"client\\src\\pages\\Home.tsx:84","href":"#features","text":"Learn More","selectorHint":"[data-loc=\"client\\src\\pages\\Home.tsx:84\"]"},"value":null}}
[2026-03-28T14:06:05.630Z] {"timestamp":1774706764918,"kind":"scroll","url":"http://localhost:3000/#features","viewport":{"width":1366,"height":639},"payload":{"scrollX":0,"scrollY":655,"documentHeight":1710,"viewportHeight":639}}
[2026-03-28T14:06:05.630Z] {"timestamp":1774706764919,"kind":"navigate","url":"http://localhost:3000/#features","viewport":{"width":1366,"height":639},"payload":{"reason":"hashchange"}}
[2026-03-28T14:06:07.631Z] {"timestamp":1774706766014,"kind":"scroll","url":"http://localhost:3000/#features","viewport":{"width":1366,"height":639},"payload":{"scrollX":0,"scrollY":678,"documentHeight":1710,"viewportHeight":639}}
[2026-03-28T14:06:07.632Z] {"timestamp":1774706766782,"kind":"scroll","url":"http://localhost:3000/#features","viewport":{"width":1366,"height":639},"payload":{"scrollX":0,"scrollY":780,"documentHeight":1710,"viewportHeight":639}}
[2026-03-28T14:06:07.632Z] {"timestamp":1774706767298,"kind":"scroll","url":"http://localhost:3000/#features","viewport":{"width":1366,"height":639},"payload":{"scrollX":0,"scrollY":990,"documentHeight":1710,"viewportHeight":639}}
[2026-03-28T14:06:15.631Z] {"timestamp":1774706774413,"kind":"scroll","url":"http://localhost:3000/#features","viewport":{"width":1366,"height":639},"payload":{"scrollX":0,"scrollY":942,"documentHeight":1710,"viewportHeight":639}}
[2026-03-28T14:06:15.631Z] {"timestamp":1774706775079,"kind":"scroll","url":"http://localhost:3000/#features","viewport":{"width":1366,"height":639},"payload":{"scrollX":0,"scrollY":329,"documentHeight":1710,"viewportHeight":639}}
[2026-03-28T14:06:17.626Z] {"timestamp":1774706775845,"kind":"scroll","url":"http://localhost:3000/#features","viewport":{"width":1366,"height":639},"payload":{"scrollX":0,"scrollY":73,"documentHeight":1710,"viewportHeight":639}}
[2026-03-28T14:06:33.396Z] {"timestamp":1774706791681,"kind":"error","url":"http://localhost:3000/login","viewport":{"width":1366,"height":639},"payload":{"message":"Uncaught SyntaxError: Unexpected token '<'","filename":"http://localhost:3000/umami","lineno":1,"colno":1}}
[2026-03-28T14:06:33.396Z] {"timestamp":1774706793199,"kind":"focusin","url":"http://localhost:3000/login","viewport":{"width":1366,"height":639},"payload":{"target":{"tag":"button","id":null,"name":null,"type":null,"role":null,"ariaLabel":null,"testId":null,"dataLoc":"client\\src\\pages\\Login.tsx:171","href":null,"text":"Register","selectorHint":"[data-loc=\"client\\src\\pages\\Login.tsx:171\"]"}}}
[2026-03-28T14:06:35.395Z] {"timestamp":1774706793410,"kind":"click","url":"http://localhost:3000/login","viewport":{"width":1366,"height":639},"payload":{"target":{"tag":"button","id":null,"name":null,"type":null,"role":null,"ariaLabel":null,"testId":null,"dataLoc":"client\\src\\pages\\Login.tsx:171","href":null,"text":"Register","selectorHint":"[data-loc=\"client\\src\\pages\\Login.tsx:171\"]"},"x":749,"y":474}}
[2026-03-28T14:06:38.082Z] {"timestamp":1774706797336,"kind":"focusout","url":"http://localhost:3000/login","viewport":{"width":1366,"height":639},"payload":{"target":{"tag":"button","id":null,"name":null,"type":null,"role":null,"ariaLabel":null,"testId":null,"dataLoc":"client\\src\\pages\\Login.tsx:160","href":null,"text":"Sign in","selectorHint":"[data-loc=\"client\\src\\pages\\Login.tsx:160\"]"},"value":null}}
[2026-03-28T14:06:47.621Z] {"timestamp":1774706807596,"kind":"focusin","url":"http://localhost:3000/login","viewport":{"width":1366,"height":639},"payload":{"target":{"tag":"button","id":null,"name":null,"type":null,"role":null,"ariaLabel":null,"testId":null,"dataLoc":"client\\src\\pages\\Login.tsx:160","href":null,"text":"Sign in","selectorHint":"[data-loc=\"client\\src\\pages\\Login.tsx:160\"]"}}}
[2026-03-28T14:06:49.393Z] {"timestamp":1774706808576,"kind":"focusout","url":"http://localhost:3000/login","viewport":{"width":1366,"height":639},"payload":{"target":{"tag":"button","id":null,"name":null,"type":null,"role":null,"ariaLabel":null,"testId":null,"dataLoc":"client\\src\\pages\\Login.tsx:160","href":null,"text":"Sign in","selectorHint":"[data-loc=\"client\\src\\pages\\Login.tsx:160\"]"},"value":null}}
[2026-03-28T14:06:49.393Z] {"timestamp":1774706808578,"kind":"focusin","url":"http://localhost:3000/login","viewport":{"width":1366,"height":639},"payload":{"target":{"tag":"input","id":"email","name":null,"type":"email","role":null,"ariaLabel":null,"testId":null,"dataLoc":"client\\src\\pages\\Login.tsx:126","href":null,"text":"","selectorHint":"[data-loc=\"client\\src\\pages\\Login.tsx:126\"]"}}}
[2026-03-28T14:06:49.393Z] {"timestamp":1774706808791,"kind":"click","url":"http://localhost:3000/login","viewport":{"width":1366,"height":639},"payload":{"target":{"tag":"input","id":"email","name":null,"type":"email","role":null,"ariaLabel":null,"testId":null,"dataLoc":"client\\src\\pages\\Login.tsx:126","href":null,"text":"","selectorHint":"[data-loc=\"client\\src\\pages\\Login.tsx:126\"]"},"x":590,"y":385}}
[2026-03-28T14:06:51.394Z] {"timestamp":1774706810477,"kind":"change","url":"http://localhost:3000/login","viewport":{"width":1366,"height":639},"payload":{"target":{"tag":"input","id":"email","name":null,"type":"email","role":null,"ariaLabel":null,"testId":null,"dataLoc":"client\\src\\pages\\Login.tsx:126","href":null,"text":"","selectorHint":"[data-loc=\"client\\src\\pages\\Login.tsx:126\"]"},"value":"student@university.edu"}}
[2026-03-28T14:06:51.394Z] {"timestamp":1774706810477,"kind":"focusout","url":"http://localhost:3000/login","viewport":{"width":1366,"height":639},"payload":{"target":{"tag":"input","id":"email","name":null,"type":"email","role":null,"ariaLabel":null,"testId":null,"dataLoc":"client\\src\\pages\\Login.tsx:126","href":null,"text":"","selectorHint":"[data-loc=\"client\\src\\pages\\Login.tsx:126\"]"},"value":"student@university.edu"}}
[2026-03-28T14:06:51.394Z] {"timestamp":1774706810479,"kind":"focusin","url":"http://localhost:3000/login","viewport":{"width":1366,"height":639},"payload":{"target":{"tag":"input","id":"password","name":null,"type":"password","role":null,"ariaLabel":null,"testId":null,"dataLoc":"client\\src\\pages\\Login.tsx:137","href":null,"text":"","selectorHint":"[data-loc=\"client\\src\\pages\\Login.tsx:137\"]"}}}
[2026-03-28T14:06:51.394Z] {"timestamp":1774706810689,"kind":"click","url":"http://localhost:3000/login","viewport":{"width":1366,"height":639},"payload":{"target":{"tag":"input","id":"password","name":null,"type":"password","role":null,"ariaLabel":null,"testId":null,"dataLoc":"client\\src\\pages\\Login.tsx:137","href":null,"text":"","selectorHint":"[data-loc=\"client\\src\\pages\\Login.tsx:137\"]"},"x":539,"y":456}}
[2026-03-28T14:06:55.396Z] {"timestamp":1774706814841,"kind":"change","url":"http://localhost:3000/login","viewport":{"width":1366,"height":639},"payload":{"target":{"tag":"input","id":"password","name":null,"type":"password","role":null,"ariaLabel":null,"testId":null,"dataLoc":"client\\src\\pages\\Login.tsx:137","href":null,"text":"","selectorHint":"[data-loc=\"client\\src\\pages\\Login.tsx:137\"]"},"value":{"masked":true,"length":10}}}
[2026-03-28T14:06:55.396Z] {"timestamp":1774706814842,"kind":"focusout","url":"http://localhost:3000/login","viewport":{"width":1366,"height":639},"payload":{"target":{"tag":"input","id":"password","name":null,"type":"password","role":null,"ariaLabel":null,"testId":null,"dataLoc":"client\\src\\pages\\Login.tsx:137","href":null,"text":"","selectorHint":"[data-loc=\"client\\src\\pages\\Login.tsx:137\"]"},"value":{"masked":true,"length":10}}}
[2026-03-28T14:06:55.396Z] {"timestamp":1774706814842,"kind":"focusin","url":"http://localhost:3000/login","viewport":{"width":1366,"height":639},"payload":{"target":{"tag":"button","id":null,"name":null,"type":null,"role":null,"ariaLabel":null,"testId":null,"dataLoc":"client\\src\\pages\\Login.tsx:146","href":null,"text":"Create Account","selectorHint":"[data-loc=\"client\\src\\pages\\Login.tsx:146\"]"}}}
[2026-03-28T14:06:55.396Z] {"timestamp":1774706815055,"kind":"click","url":"http://localhost:3000/login","viewport":{"width":1366,"height":639},"payload":{"target":{"tag":"button","id":null,"name":null,"type":null,"role":null,"ariaLabel":null,"testId":null,"dataLoc":"client\\src\\pages\\Login.tsx:146","href":null,"text":"Create Account","selectorHint":"[data-loc=\"client\\src\\pages\\Login.tsx:146\"]"},"x":604,"y":506}}
[2026-03-28T14:06:55.396Z] {"timestamp":1774706815055,"kind":"focusout","url":"http://localhost:3000/login","viewport":{"width":1366,"height":639},"payload":{"target":{"tag":"button","id":null,"name":null,"type":null,"role":null,"ariaLabel":null,"testId":null,"dataLoc":"client\\src\\pages\\Login.tsx:146","href":null,"text":"Create Account","selectorHint":"[data-loc=\"client\\src\\pages\\Login.tsx:146\"]"},"value":null}}
[2026-03-28T14:06:55.396Z] {"timestamp":1774706815056,"kind":"focusin","url":"http://localhost:3000/login","viewport":{"width":1366,"height":639},"payload":{"target":{"tag":"input","id":"name","name":null,"type":"text","role":null,"ariaLabel":null,"testId":null,"dataLoc":"client\\src\\pages\\Login.tsx:97","href":null,"text":"","selectorHint":"[data-loc=\"client\\src\\pages\\Login.tsx:97\"]"}}}
[2026-03-28T14:06:57.394Z] {"timestamp":1774706817359,"kind":"click","url":"http://localhost:3000/login","viewport":{"width":1366,"height":639},"payload":{"target":{"tag":"input","id":"name","name":null,"type":"text","role":null,"ariaLabel":null,"testId":null,"dataLoc":"client\\src\\pages\\Login.tsx:97","href":null,"text":"","selectorHint":"[data-loc=\"client\\src\\pages\\Login.tsx:97\"]"},"x":529,"y":244}}
[2026-03-28T14:07:03.396Z] {"timestamp":1774706822078,"kind":"change","url":"http://localhost:3000/login","viewport":{"width":1366,"height":639},"payload":{"target":{"tag":"input","id":"name","name":null,"type":"text","role":null,"ariaLabel":null,"testId":null,"dataLoc":"client\\src\\pages\\Login.tsx:97","href":null,"text":"","selectorHint":"[data-loc=\"client\\src\\pages\\Login.tsx:97\"]"},"value":"john Dmk m"}}
[2026-03-28T14:07:03.397Z] {"timestamp":1774706822078,"kind":"focusout","url":"http://localhost:3000/login","viewport":{"width":1366,"height":639},"payload":{"target":{"tag":"input","id":"name","name":null,"type":"text","role":null,"ariaLabel":null,"testId":null,"dataLoc":"client\\src\\pages\\Login.tsx:97","href":null,"text":"","selectorHint":"[data-loc=\"client\\src\\pages\\Login.tsx:97\"]"},"value":"john Dmk m"}}
[2026-03-28T14:07:03.397Z] {"timestamp":1774706822079,"kind":"focusin","url":"http://localhost:3000/login","viewport":{"width":1366,"height":639},"payload":{"target":{"tag":"button","id":null,"name":null,"type":null,"role":null,"ariaLabel":null,"testId":null,"dataLoc":"client\\src\\pages\\Login.tsx:146","href":null,"text":"Create Account","selectorHint":"[data-loc=\"client\\src\\pages\\Login.tsx:146\"]"}}}
[2026-03-28T14:07:03.397Z] {"timestamp":1774706822294,"kind":"click","url":"http://localhost:3000/login","viewport":{"width":1366,"height":639},"payload":{"target":{"tag":"button","id":null,"name":null,"type":null,"role":null,"ariaLabel":null,"testId":null,"dataLoc":"client\\src\\pages\\Login.tsx:146","href":null,"text":"Create Account","selectorHint":"[data-loc=\"client\\src\\pages\\Login.tsx:146\"]"},"x":672,"y":493}}
[2026-03-28T14:07:03.397Z] {"timestamp":1774706822295,"kind":"submit","url":"http://localhost:3000/login","viewport":{"width":1366,"height":639},"payload":{"target":{"tag":"form","id":null,"name":null,"type":null,"role":null,"ariaLabel":null,"testId":null,"dataLoc":"client\\src\\pages\\Login.tsx:92","href":null,"text":"Full Name Role Student Lecturer Admin Email Password Create Account","selectorHint":"[data-loc=\"client\\src\\pages\\Login.tsx:92\"]"}}}
[2026-03-28T14:07:03.397Z] {"timestamp":1774706822314,"kind":"focusout","url":"http://localhost:3000/login","viewport":{"width":1366,"height":639},"payload":{"target":{"tag":"button","id":null,"name":null,"type":null,"role":null,"ariaLabel":null,"testId":null,"dataLoc":"client\\src\\pages\\Login.tsx:146","href":null,"text":"Create Account","selectorHint":"[data-loc=\"client\\src\\pages\\Login.tsx:146\"]"},"value":null}}
[2026-03-28T14:07:03.397Z] {"timestamp":1774706822336,"kind":"network_error","url":"http://localhost:3000/login","viewport":{"width":1366,"height":639},"payload":{"kind":"fetch","method":"POST","url":"/api/trpc/auth.register?batch=1","status":500,"statusText":"Internal Server Error"}}
[2026-03-28T14:07:07.407Z] {"timestamp":1774706826070,"kind":"focusin","url":"http://localhost:3000/login","viewport":{"width":1366,"height":639},"payload":{"target":{"tag":"button","id":null,"name":null,"type":null,"role":null,"ariaLabel":null,"testId":null,"dataLoc":"client\\src\\pages\\Login.tsx:160","href":null,"text":"Sign in","selectorHint":"[data-loc=\"client\\src\\pages\\Login.tsx:160\"]"}}}
[2026-03-28T14:07:07.407Z] {"timestamp":1774706826298,"kind":"click","url":"http://localhost:3000/login","viewport":{"width":1366,"height":639},"payload":{"target":{"tag":"button","id":null,"name":null,"type":null,"role":null,"ariaLabel":null,"testId":null,"dataLoc":"client\\src\\pages\\Login.tsx:160","href":null,"text":"Sign in","selectorHint":"[data-loc=\"client\\src\\pages\\Login.tsx:160\"]"},"x":752,"y":549}}
[2026-03-28T14:07:11.030Z] {"timestamp":1774706829264,"kind":"error","url":"http://localhost:3000/","viewport":{"width":1366,"height":639},"payload":{"message":"Uncaught SyntaxError: Unexpected token '<'","filename":"http://localhost:3000/umami","lineno":1,"colno":1}}
[2026-03-28T14:07:13.024Z] {"timestamp":1774706832024,"kind":"scroll","url":"http://localhost:3000/","viewport":{"width":1366,"height":639},"payload":{"scrollX":0,"scrollY":31,"documentHeight":1710,"viewportHeight":639}}
[2026-03-28T14:07:13.024Z] {"timestamp":1774706832573,"kind":"scroll","url":"http://localhost:3000/","viewport":{"width":1366,"height":639},"payload":{"scrollX":0,"scrollY":245,"documentHeight":1710,"viewportHeight":639}}
[2026-03-28T14:07:15.024Z] {"timestamp":1774706833073,"kind":"scroll","url":"http://localhost:3000/","viewport":{"width":1366,"height":639},"payload":{"scrollX":0,"scrollY":587,"documentHeight":1710,"viewportHeight":639}}
[2026-03-28T14:07:15.025Z] {"timestamp":1774706833674,"kind":"scroll","url":"http://localhost:3000/","viewport":{"width":1366,"height":639},"payload":{"scrollX":0,"scrollY":860,"documentHeight":1710,"viewportHeight":639}}
[2026-03-28T14:07:15.025Z] {"timestamp":1774706834190,"kind":"scroll","url":"http://localhost:3000/","viewport":{"width":1366,"height":639},"payload":{"scrollX":0,"scrollY":688,"documentHeight":1710,"viewportHeight":639}}
[2026-03-28T14:14:47.027Z] {"timestamp":1774707286227,"kind":"scroll","url":"http://localhost:3000/","viewport":{"width":1366,"height":639},"payload":{"scrollX":0,"scrollY":459,"documentHeight":1710,"viewportHeight":639}}
[2026-03-28T14:14:49.026Z] {"timestamp":1774707288082,"kind":"scroll","url":"http://localhost:3000/","viewport":{"width":1366,"height":639},"payload":{"scrollX":0,"scrollY":2,"documentHeight":1710,"viewportHeight":639}}
[2026-03-28T14:14:49.026Z] {"timestamp":1774707288750,"kind":"scroll","url":"http://localhost:3000/","viewport":{"width":1366,"height":639},"payload":{"scrollX":0,"scrollY":47,"documentHeight":1710,"viewportHeight":639}}
[2026-03-28T14:14:55.127Z] {"timestamp":1774707294800,"kind":"focusin","url":"http://localhost:3000/","viewport":{"width":1366,"height":639},"payload":{"target":{"tag":"a","id":null,"name":null,"type":null,"role":null,"ariaLabel":null,"testId":null,"dataLoc":"client\\src\\pages\\Home.tsx:53","href":"/login","text":"Sign In","selectorHint":"[data-loc=\"client\\src\\pages\\Home.tsx:53\"]"}}}
[2026-03-28T14:14:55.127Z] {"timestamp":1774707295013,"kind":"click","url":"http://localhost:3000/","viewport":{"width":1366,"height":639},"payload":{"target":{"tag":"a","id":null,"name":null,"type":null,"role":null,"ariaLabel":null,"testId":null,"dataLoc":"client\\src\\pages\\Home.tsx:53","href":"/login","text":"Sign In","selectorHint":"[data-loc=\"client\\src\\pages\\Home.tsx:53\"]"},"x":1235,"y":27}}
[2026-03-28T14:14:57.439Z] {"timestamp":1774707295791,"kind":"error","url":"http://localhost:3000/login","viewport":{"width":1366,"height":639},"payload":{"message":"Uncaught SyntaxError: Unexpected token '<'","filename":"http://localhost:3000/umami","lineno":1,"colno":1}}
[2026-03-28T14:14:59.428Z] {"timestamp":1774707298967,"kind":"focusin","url":"http://localhost:3000/login","viewport":{"width":1366,"height":639},"payload":{"target":{"tag":"input","id":"email","name":null,"type":"email","role":null,"ariaLabel":null,"testId":null,"dataLoc":"client\\src\\pages\\Login.tsx:129","href":null,"text":"","selectorHint":"[data-loc=\"client\\src\\pages\\Login.tsx:129\"]"}}}
[2026-03-28T14:14:59.428Z] {"timestamp":1774707299187,"kind":"click","url":"http://localhost:3000/login","viewport":{"width":1366,"height":639},"payload":{"target":{"tag":"input","id":"email","name":null,"type":"email","role":null,"ariaLabel":null,"testId":null,"dataLoc":"client\\src\\pages\\Login.tsx:129","href":null,"text":"","selectorHint":"[data-loc=\"client\\src\\pages\\Login.tsx:129\"]"},"x":581,"y":287}}
[2026-03-28T14:15:01.451Z] {"timestamp":1774707300703,"kind":"change","url":"http://localhost:3000/login","viewport":{"width":1366,"height":639},"payload":{"target":{"tag":"input","id":"email","name":null,"type":"email","role":null,"ariaLabel":null,"testId":null,"dataLoc":"client\\src\\pages\\Login.tsx:129","href":null,"text":"","selectorHint":"[data-loc=\"client\\src\\pages\\Login.tsx:129\"]"},"value":"student@university.edu"}}
[2026-03-28T14:15:01.451Z] {"timestamp":1774707300721,"kind":"change","url":"http://localhost:3000/login","viewport":{"width":1366,"height":639},"payload":{"target":{"tag":"input","id":"password","name":null,"type":"password","role":null,"ariaLabel":null,"testId":null,"dataLoc":"client\\src\\pages\\Login.tsx:140","href":null,"text":"","selectorHint":"[data-loc=\"client\\src\\pages\\Login.tsx:140\"]"},"value":{"masked":true,"length":10}}}
[2026-03-28T14:15:01.451Z] {"timestamp":1774707301431,"kind":"focusout","url":"http://localhost:3000/login","viewport":{"width":1366,"height":639},"payload":{"target":{"tag":"input","id":"email","name":null,"type":"email","role":null,"ariaLabel":null,"testId":null,"dataLoc":"client\\src\\pages\\Login.tsx:129","href":null,"text":"","selectorHint":"[data-loc=\"client\\src\\pages\\Login.tsx:129\"]"},"value":"student@university.edu"}}
[2026-03-28T14:15:01.451Z] {"timestamp":1774707301433,"kind":"focusin","url":"http://localhost:3000/login","viewport":{"width":1366,"height":639},"payload":{"target":{"tag":"button","id":null,"name":null,"type":null,"role":null,"ariaLabel":null,"testId":null,"dataLoc":"client\\src\\pages\\Login.tsx:149","href":null,"text":"Sign In","selectorHint":"[data-loc=\"client\\src\\pages\\Login.tsx:149\"]"}}}
[2026-03-28T14:15:04.869Z] {"timestamp":1774707303093,"kind":"error","url":"http://localhost:3000/","viewport":{"width":1366,"height":639},"payload":{"message":"Uncaught SyntaxError: Unexpected token '<'","filename":"http://localhost:3000/umami","lineno":1,"colno":1}}
[2026-03-28T14:15:08.755Z] {"timestamp":1774707306988,"kind":"error","url":"http://localhost:3000/","viewport":{"width":1366,"height":639},"payload":{"message":"Uncaught SyntaxError: Unexpected token '<'","filename":"http://localhost:3000/umami","lineno":1,"colno":1}}
[2026-03-28T14:15:11.334Z] {"timestamp":1774707309548,"kind":"error","url":"http://localhost:3000/login","viewport":{"width":1366,"height":639},"payload":{"message":"Uncaught SyntaxError: Unexpected token '<'","filename":"http://localhost:3000/umami","lineno":1,"colno":1}}
[2026-03-28T14:15:11.334Z] {"timestamp":1774707310719,"kind":"focusin","url":"http://localhost:3000/login","viewport":{"width":1366,"height":639},"payload":{"target":{"tag":"input","id":"email","name":null,"type":"email","role":null,"ariaLabel":null,"testId":null,"dataLoc":"client\\src\\pages\\Login.tsx:129","href":null,"text":"","selectorHint":"[data-loc=\"client\\src\\pages\\Login.tsx:129\"]"}}}
[2026-03-28T14:15:11.334Z] {"timestamp":1774707310943,"kind":"click","url":"http://localhost:3000/login","viewport":{"width":1366,"height":639},"payload":{"target":{"tag":"input","id":"email","name":null,"type":"email","role":null,"ariaLabel":null,"testId":null,"dataLoc":"client\\src\\pages\\Login.tsx:129","href":null,"text":"","selectorHint":"[data-loc=\"client\\src\\pages\\Login.tsx:129\"]"},"x":530,"y":287}}
[2026-03-28T14:15:13.330Z] {"timestamp":1774707312003,"kind":"change","url":"http://localhost:3000/login","viewport":{"width":1366,"height":639},"payload":{"target":{"tag":"input","id":"email","name":null,"type":"email","role":null,"ariaLabel":null,"testId":null,"dataLoc":"client\\src\\pages\\Login.tsx:129","href":null,"text":"","selectorHint":"[data-loc=\"client\\src\\pages\\Login.tsx:129\"]"},"value":"student@university.edu"}}
[2026-03-28T14:15:13.330Z] {"timestamp":1774707312012,"kind":"change","url":"http://localhost:3000/login","viewport":{"width":1366,"height":639},"payload":{"target":{"tag":"input","id":"password","name":null,"type":"password","role":null,"ariaLabel":null,"testId":null,"dataLoc":"client\\src\\pages\\Login.tsx:140","href":null,"text":"","selectorHint":"[data-loc=\"client\\src\\pages\\Login.tsx:140\"]"},"value":{"masked":true,"length":10}}}
[2026-03-28T14:15:13.330Z] {"timestamp":1774707312901,"kind":"focusout","url":"http://localhost:3000/login","viewport":{"width":1366,"height":639},"payload":{"target":{"tag":"input","id":"email","name":null,"type":"email","role":null,"ariaLabel":null,"testId":null,"dataLoc":"client\\src\\pages\\Login.tsx:129","href":null,"text":"","selectorHint":"[data-loc=\"client\\src\\pages\\Login.tsx:129\"]"},"value":"student@university.edu"}}
[2026-03-28T14:15:13.330Z] {"timestamp":1774707312902,"kind":"focusin","url":"http://localhost:3000/login","viewport":{"width":1366,"height":639},"payload":{"target":{"tag":"button","id":null,"name":null,"type":null,"role":null,"ariaLabel":null,"testId":null,"dataLoc":"client\\src\\pages\\Login.tsx:149","href":null,"text":"Sign In","selectorHint":"[data-loc=\"client\\src\\pages\\Login.tsx:149\"]"}}}
[2026-03-28T14:15:13.330Z] {"timestamp":1774707313115,"kind":"click","url":"http://localhost:3000/login","viewport":{"width":1366,"height":639},"payload":{"target":{"tag":"button","id":null,"name":null,"type":null,"role":null,"ariaLabel":null,"testId":null,"dataLoc":"client\\src\\pages\\Login.tsx:149","href":null,"text":"Sign In","selectorHint":"[data-loc=\"client\\src\\pages\\Login.tsx:149\"]"},"x":662,"y":433}}
[2026-03-28T14:15:13.330Z] {"timestamp":1774707313117,"kind":"submit","url":"http://localhost:3000/login","viewport":{"width":1366,"height":639},"payload":{"target":{"tag":"form","id":null,"name":null,"type":null,"role":null,"ariaLabel":null,"testId":null,"dataLoc":"client\\src\\pages\\Login.tsx:95","href":null,"text":"Email Password Sign In","selectorHint":"[data-loc=\"client\\src\\pages\\Login.tsx:95\"]"}}}
[2026-03-28T14:15:13.330Z] {"timestamp":1774707313137,"kind":"focusout","url":"http://localhost:3000/login","viewport":{"width":1366,"height":639},"payload":{"target":{"tag":"button","id":null,"name":null,"type":null,"role":null,"ariaLabel":null,"testId":null,"dataLoc":"client\\src\\pages\\Login.tsx:149","href":null,"text":"Sign In","selectorHint":"[data-loc=\"client\\src\\pages\\Login.tsx:149\"]"},"value":null}}
[2026-03-28T14:15:16.076Z] {"timestamp":1774707314289,"kind":"error","url":"http://localhost:3000/","viewport":{"width":1366,"height":639},"payload":{"message":"Uncaught SyntaxError: Unexpected token '<'","filename":"http://localhost:3000/umami","lineno":1,"colno":1}}
[2026-03-28T14:15:16.076Z] {"timestamp":1774707315244,"kind":"scroll","url":"http://localhost:3000/","viewport":{"width":1366,"height":639},"payload":{"scrollX":0,"scrollY":78,"documentHeight":1710,"viewportHeight":639}}
[2026-03-28T14:15:16.076Z] {"timestamp":1774707315744,"kind":"scroll","url":"http://localhost:3000/","viewport":{"width":1366,"height":639},"payload":{"scrollX":0,"scrollY":602,"documentHeight":1710,"viewportHeight":639}}
[2026-03-28T14:15:18.076Z] {"timestamp":1774707316246,"kind":"scroll","url":"http://localhost:3000/","viewport":{"width":1366,"height":639},"payload":{"scrollX":0,"scrollY":679,"documentHeight":1710,"viewportHeight":639}}
[2026-03-28T14:15:18.076Z] {"timestamp":1774707316768,"kind":"scroll","url":"http://localhost:3000/","viewport":{"width":1366,"height":639},"payload":{"scrollX":0,"scrollY":689,"documentHeight":1710,"viewportHeight":639}}
[2026-03-28T14:15:30.075Z] {"timestamp":1774707328201,"kind":"scroll","url":"http://localhost:3000/","viewport":{"width":1366,"height":639},"payload":{"scrollX":0,"scrollY":639,"documentHeight":1710,"viewportHeight":639}}
[2026-03-28T14:15:30.075Z] {"timestamp":1774707328704,"kind":"scroll","url":"http://localhost:3000/","viewport":{"width":1366,"height":639},"payload":{"scrollX":0,"scrollY":383,"documentHeight":1710,"viewportHeight":639}}
[2026-03-28T14:15:34.081Z] {"timestamp":1774707333054,"kind":"scroll","url":"http://localhost:3000/","viewport":{"width":1366,"height":639},"payload":{"scrollX":0,"scrollY":376,"documentHeight":1710,"viewportHeight":639}}
[2026-03-28T14:15:37.130Z] {"timestamp":1774707335377,"kind":"error","url":"http://localhost:3000/login","viewport":{"width":1366,"height":639},"payload":{"message":"Uncaught SyntaxError: Unexpected token '<'","filename":"http://localhost:3000/umami","lineno":1,"colno":1}}
[2026-03-28T14:15:39.121Z] {"timestamp":1774707337702,"kind":"focusin","url":"http://localhost:3000/login","viewport":{"width":1366,"height":639},"payload":{"target":{"tag":"button","id":null,"name":null,"type":null,"role":null,"ariaLabel":null,"testId":null,"dataLoc":"client\\src\\pages\\Login.tsx:174","href":null,"text":"Register","selectorHint":"[data-loc=\"client\\src\\pages\\Login.tsx:174\"]"}}}
[2026-03-28T14:15:39.121Z] {"timestamp":1774707337926,"kind":"click","url":"http://localhost:3000/login","viewport":{"width":1366,"height":639},"payload":{"target":{"tag":"button","id":null,"name":null,"type":null,"role":null,"ariaLabel":null,"testId":null,"dataLoc":"client\\src\\pages\\Login.tsx:174","href":null,"text":"Register","selectorHint":"[data-loc=\"client\\src\\pages\\Login.tsx:174\"]"},"x":760,"y":468}}
[2026-03-28T14:15:42.102Z] {"timestamp":1774707340552,"kind":"focusout","url":"http://localhost:3000/login","viewport":{"width":1366,"height":639},"payload":{"target":{"tag":"button","id":null,"name":null,"type":null,"role":null,"ariaLabel":null,"testId":null,"dataLoc":"client\\src\\pages\\Login.tsx:163","href":null,"text":"Sign in","selectorHint":"[data-loc=\"client\\src\\pages\\Login.tsx:163\"]"},"value":null}}
[2026-03-28T14:15:43.115Z] {"timestamp":1774707342779,"kind":"focusin","url":"http://localhost:3000/login","viewport":{"width":1366,"height":639},"payload":{"target":{"tag":"button","id":null,"name":null,"type":null,"role":null,"ariaLabel":null,"testId":null,"dataLoc":"client\\src\\pages\\Login.tsx:163","href":null,"text":"Sign in","selectorHint":"[data-loc=\"client\\src\\pages\\Login.tsx:163\"]"}}}
[2026-03-28T14:15:48.096Z] {"timestamp":1774707345591,"kind":"focusout","url":"http://localhost:3000/login","viewport":{"width":1366,"height":639},"payload":{"target":{"tag":"button","id":null,"name":null,"type":null,"role":null,"ariaLabel":null,"testId":null,"dataLoc":"client\\src\\pages\\Login.tsx:163","href":null,"text":"Sign in","selectorHint":"[data-loc=\"client\\src\\pages\\Login.tsx:163\"]"},"value":null}}
[2026-03-28T14:22:50.095Z] {"timestamp":1774707767844,"kind":"error","url":"http://localhost:3000/","viewport":{"width":1358,"height":636},"payload":{"message":"Uncaught SyntaxError: Unexpected token '<'","filename":"http://localhost:3000/umami","lineno":1,"colno":1}}
